PageValues,ProductRelated,ProductRelated_Duration,ExitRates,Month,TrafficType,Revenue
0.0,5,60.4,0.025,Oct,2,0
0.0,14,363.3,0.045986395,May,2,0
0.0,18,224.5,0.0625,May,4,0
0.0,54,2871.104167,0.021468927,Nov,2,0
0.0,31,493.58,0.006451613,Sep,2,0
9.641076923,12,764.75,0.023076923,May,2,1
43.81043478,21,612.75,0.008695652,May,1,1
0.0,2,9.0,0.025,Sep,2,0
0.0,2,34.0,0.05,Feb,3,0
47.7917708,1,15.6,0.0,Sep,3,1
0.0,27,321.6666667,0.07224026,May,1,0
17.94797101,21,884.3333333,0.016231884,May,2,0
8.04958574,3,178.5,0.066666667,Sep,1,0
0.0,1,0.0,0.2,May,13,0
0.0,15,947.0,0.006666667,Dec,2,0
0.0,5,52.66666667,0.05,Nov,13,0
0.0,1,0.0,0.2,Nov,6,0
0.0,75,1585.60873,0.021603376,Dec,1,0
0.0,7,58.5,0.057142857,Nov,2,0
0.0,18,403.4166667,0.005,Dec,2,0
0.0,40,3998.333333,0.041869919,Nov,1,0
0.0,12,442.5,0.008333333,Nov,2,0
0.0,4,43.75,0.016666667,Nov,2,0
18.09857173,21,589.4214286,0.014814815,Aug,2,1
0.0,28,1344.458333,0.032380952,Nov,2,0
0.0,21,979.0166667,0.021,May,4,0
0.0,11,577.75,0.033333333,Nov,3,0
0.0,7,94.33333333,0.028571429,May,3,0
15.45198077,8,244.0,0.04,Sep,1,1
0.0,52,3593.12932,0.018264209,May,2,0
0.0,6,131.0,0.028571429,May,3,0
36.89921429,25,1189.458333,0.006150794,May,4,1
0.0,2,139.0,0.1,May,4,0
0.0,81,2071.0,0.025308642,May,2,0
0.0,3,30.0,0.033333333,Dec,1,0
0.0,4,64.25,0.033333333,Dec,8,0
0.0,20,724.1333333,0.083333333,May,4,0
0.0,1,0.0,0.2,Mar,1,0
0.0,326,11945.62954,0.017527555,Nov,2,1
0.0,8,316.0,0.019047619,Mar,2,0
0.0,21,1647.5,0.013043478,May,4,0
0.0,7,286.0,0.05,Mar,1,0
5.417644444,28,1206.614719,0.023222222,Mar,2,1
0.0,39,2558.5,0.010810811,Nov,10,0
0.0,3,88.5,0.033333333,Nov,3,0
0.0,3,103.6,0.033333333,Jul,6,0
18.21579469,138,4042.949908,0.01446207,Dec,6,1
0.0,1,0.0,0.2,Mar,1,0
0.0,61,2635.61627,0.003389831,May,3,0
0.0,9,108.0,0.042222222,May,4,0
0.0,29,1131.315476,0.046071429,May,6,0
7.636645161,32,1562.333333,0.062580645,May,2,0
0.0,23,502.525,0.021428571,Nov,3,0
3.586636448,22,1805.083333,0.008695652,Sep,2,1
0.0,2,14.35,0.05,Aug,5,0
0.0,1,612.0,0.1,May,3,0
54.121714,30,1288.733333,0.013376623,Nov,2,0
0.0,29,438.8666667,0.020689655,Mar,1,0
0.0,4,49.5,0.016666667,Mar,2,0
1.963592426,137,5380.686996,0.021311846,Nov,10,1
0.0,15,343.25,0.029411765,Dec,2,0
8.920900783,233,7952.491839,0.019045831,Nov,2,1
14.1374752,8,480.0,0.028571429,Nov,3,1
0.0,31,1998.25,0.037373737,Nov,2,0
0.0,11,109.5,0.022222222,Dec,8,0
0.0,11,555.625,0.054545455,Nov,3,0
49.47040982,40,1834.166667,0.006734694,Mar,2,1
0.0,3,36.0,0.1,Nov,2,0
0.0,1,0.0,0.2,Jun,4,0
3.870588042,109,3297.491311,0.010281148,Oct,1,0
0.0,20,2981.166667,0.01,Feb,4,0
2.580028334,49,1929.185664,0.025063352,Dec,13,0
0.0,128,2787.692619,0.014175592,Jul,1,0
22.45841786,118,3215.173074,0.005446194,Nov,3,1
0.0,6,177.5,0.044444444,Mar,1,0
0.0,32,2759.633333,0.038541667,May,2,0
0.0,17,649.02,0.017647059,Jun,3,0
0.0,30,1671.583333,0.019354839,Nov,2,0
5.909295033,47,1708.625,0.01884058,Dec,2,0
0.0,9,128.5,0.081818182,Jul,3,0
0.0,2,8.0,0.033333333,Sep,2,1
0.0,8,192.1666667,0.025,Mar,9,0
0.0,2,48.4,0.05,Oct,3,0
0.0,97,1940.293452,0.032369194,Nov,10,0
0.0,32,641.6944444,0.04411104,Nov,13,0
0.0,21,1492.166667,0.055555556,May,2,0
6.028854102,52,1300.041667,0.023193277,Nov,2,1
0.0,14,424.3333333,0.007142857,Dec,13,0
0.0,18,286.0,0.061111111,May,3,0
0.0,32,796.7066667,0.041441441,Nov,1,0
0.0,54,1210.921324,0.008671329,Dec,1,0
0.0,15,431.2,0.007142857,Sep,5,0
0.0,87,1836.983333,0.026449275,Sep,3,0
0.0,9,771.5,0.044444444,Mar,1,0
0.0,16,1509.5,0.018933333,Nov,2,0
0.0,5,74.4,0.022222222,Oct,5,0
0.0,14,598.4333333,0.035714286,Jul,3,0
0.0,2,194.4,0.05,Aug,6,0
0.0,1,0.0,0.2,Dec,20,0
2.705833333,24,676.1666667,0.008333333,May,4,1
33.41,13,474.6666667,0.014285714,Mar,6,1
0.0,45,2487.333333,0.066666667,May,11,0
0.0,27,1792.466667,0.01469428,Dec,2,0
0.0,1,0.0,0.2,Aug,1,0
0.0,3,131.0,0.033333333,Nov,6,0
0.0,11,326.5,0.077272727,Nov,3,0
2.385969641,107,1688.2494,0.016407828,Jun,2,0
0.0,13,436.0,0.079487179,May,2,0
0.0,41,1355.483333,0.007142857,Dec,2,0
91.246,21,952.5333333,0.01,May,3,1
0.0,20,646.1666667,0.025333333,Dec,3,0
0.0,13,215.952381,0.018181818,Nov,2,0
0.0,49,711.3630952,0.002040816,Dec,2,0
0.720181023,80,1566.333333,0.027916667,Sep,1,1
8.482727273,31,2013.595238,0.014141414,Mar,2,1
0.0,10,466.75,0.028571429,May,4,0
0.0,26,730.5333333,0.014102564,May,11,0
0.0,6,467.0,0.016666667,Feb,3,0
0.0,46,1942.933333,0.013333333,May,4,0
3.348407692,135,3700.495815,0.014626073,May,4,0
0.0,47,716.625,0.009574468,May,5,0
10.1319644,85,2409.875,0.017267562,Dec,2,0
0.0,4,41.4,0.125,Jul,1,0
0.0,31,1350.5,0.016129032,Mar,2,0
0.0,9,740.1666667,0.014285714,Nov,1,0
0.0,8,371.6666667,0.011111111,Mar,2,0
2.982410939,154,6515.45431,0.017328726,Nov,2,1
0.0,1,0.0,0.2,Jun,1,0
46.62801597,24,1204.416667,0.026923077,Dec,6,0
0.0,19,337.1666667,0.003508772,May,3,0
0.0,3,38.0,0.066666667,May,4,0
0.0,29,1155.5,0.095402299,May,13,0
0.0,1,0.0,0.2,Dec,2,0
0.0,39,3413.833333,0.028205128,May,3,0
0.0,9,79.25,0.046153846,Nov,1,0
0.0,9,113.4333333,0.018181818,Oct,6,0
18.95323404,42,1173.07,0.005319149,Mar,8,1
0.0,3,144.5,0.1,Nov,2,0
0.0,6,671.6666667,0.016666667,May,3,0
0.0,4,8.0,0.085714286,Sep,13,0
0.0,3,34.0,0.066666667,Dec,2,0
0.0,27,392.4666667,0.007407407,May,2,0
0.0,41,3272.0,0.078571429,May,6,0
0.0,64,3289.5,0.010416667,May,4,0
0.0,16,324.5,0.031481481,May,4,0
0.0,8,286.7,0.075,Jul,1,0
0.0,39,1379.5,0.027777778,May,4,0
18.87145759,17,601.0333333,0.092156863,Aug,1,1
0.0,1,0.0,0.2,May,1,0
48.66217061,40,1591.888095,0.012186396,Dec,2,1
0.0,1,0.0,0.2,Jul,1,0
0.0,47,906.1166667,0.002614379,Aug,2,0
0.305312057,152,4307.409559,0.005971036,Dec,2,1
1.573423226,197,2915.571429,0.005025126,Nov,3,0
0.0,11,1232.083333,0.004,Nov,2,0
39.97777778,37,607.4666667,0.002777778,May,2,1
4.683075961,37,1722.814286,0.007997558,Oct,2,0
72.30208696,24,488.3333333,0.004347826,May,4,1
0.0,47,1541.327451,0.023288614,May,4,0
35.03953094,98,3364.64045,0.034691241,Sep,13,0
0.0,5,143.0,0.04,Mar,1,0
0.0,20,302.3888889,0.002380952,Mar,1,0
0.0,2,7.0,0.1,Mar,1,0
0.0,6,227.3333333,0.013333333,May,2,0
0.0,44,1127.566667,0.021969697,Nov,3,0
0.0,14,285.4166667,0.00625,May,2,0
0.780905815,229,6984.611525,0.021755245,Aug,13,0
0.0,2,27.0,0.1,Mar,2,0
11.33062869,44,2498.866667,0.014444444,Oct,1,1
0.0,3,17.0,0.066666667,May,3,0
0.0,6,36.90277778,0.086666667,Nov,2,0
0.0,27,601.0864146,0.019984651,Dec,8,0
0.0,5,384.0,0.05,May,2,0
0.0,3,56.0,0.04,Mar,2,0
0.0,38,1712.776667,0.040833333,Aug,1,0
0.0,26,994.8222222,0.00344086,May,2,0
1.706014966,49,1868.819697,0.020708874,Mar,2,1
0.0,19,1056.658333,0.041176471,Dec,8,0
0.468406088,241,5194.79857,0.014304381,Dec,1,0
0.0,7,271.5,0.028571429,Nov,2,0
138.3208342,184,3579.7859,0.00381931,Oct,20,0
0.0,2,8.0,0.1,Jun,3,0
5.091914289,8,724.2,0.03968254,Nov,1,1
33.83646892,11,660.8,0.0,Jun,1,1
0.0,66,4891.972222,0.002159624,Mar,1,0
0.0,27,892.9679487,0.022751323,Dec,2,0
0.0,3,184.5,0.033333333,May,11,0
0.0,34,970.6266667,0.014313725,Nov,2,0
0.0,1,0.0,0.2,Nov,3,0
0.0,56,2627.756494,0.025044663,Nov,2,1
0.0,2,0.0,0.2,May,1,0
1.827470744,243,8768.477228,0.028099523,Jul,1,1
12.18,19,1051.5,0.030555556,May,3,1
0.0,46,838.6833333,0.015416667,Mar,10,0
0.0,39,1183.5,0.033333333,May,1,0
0.0,1,0.0,0.2,May,3,0
0.0,49,1571.12381,0.010638298,Jul,4,0
0.0,14,836.8333333,0.001904762,May,2,0
0.0,26,1258.791667,0.018589744,Nov,2,0
0.0,42,947.357702,0.017294686,Nov,8,0
9.127391304,48,2235.0,0.025362319,May,2,0
14.92784091,22,814.7093939,0.021333333,Nov,2,0
0.0,18,1009.55,0.002380952,Jul,2,0
0.0,43,1257.9,0.020634921,Sep,3,0
0.0,16,1773.25,0.072916667,Nov,13,0
14.68324522,55,1509.594444,0.02016129,Mar,2,0
109.1211555,8,642.0,0.028571429,Dec,2,1
0.0,20,252.9833333,0.025,Oct,3,0
0.0,7,58.9,0.025,Dec,2,0
0.0,14,449.4,0.076666667,Aug,3,0
0.0,81,2253.799603,0.015875182,Nov,2,1
0.0,7,65.5,0.0625,Nov,1,0
28.52788235,18,1844.416667,0.023529412,May,4,0
0.0,17,526.8333333,0.055882353,May,4,0
8.600043095,71,1678.905125,0.016037881,Mar,13,0
0.0,8,226.5,0.0125,Mar,13,0
0.0,7,603.2565261,0.034024526,Nov,2,0
0.0,3,31.0,0.033333333,Dec,2,0
0.0,4,117.0,0.175,May,3,0
0.0,6,169.9666667,0.00625,Jul,2,0
0.0,21,664.3333333,0.015277778,May,2,0
12.39204312,22,568.9683333,0.021614907,Sep,2,1
0.0,61,2405.652778,0.032135417,Dec,2,1
0.0,2,59.0,0.1,May,6,0
0.0,7,178.25,0.057142857,Dec,3,0
0.0,33,682.9583333,0.025653595,Dec,2,0
0.0,39,606.3666667,0.026754386,Jul,4,0
0.0,38,1649.766667,0.011965812,Oct,3,0
0.0,5,244.7,0.033333333,Nov,1,0
0.0,4,0.0,0.2,Jun,3,0
20.0031,19,813.1,0.01,May,2,1
0.0,1,0.0,0.2,May,3,0
0.0,59,1309.658333,0.030879354,Dec,1,0
0.0,119,7609.82065,0.015231111,Dec,1,0
0.0,231,9230.890838,0.021838687,Nov,2,0
0.0,14,227.3333333,0.009183673,Nov,3,1
0.0,63,1320.189881,0.000468384,Nov,2,0
0.0,9,38.75,0.120833333,Nov,13,0
0.0,16,373.4583333,0.028333333,Nov,2,0
8.424787355,33,889.3666667,0.003030303,Oct,2,1
0.0,22,1443.25,0.109090909,May,13,0
0.0,40,1085.333333,0.045,Dec,1,0
0.0,4,271.4666667,0.021428571,Jul,6,0
2.087782738,86,2559.541228,0.008587569,May,5,0
0.0,14,481.9666667,0.031578947,Sep,2,0
0.0,63,3060.055556,0.03604734,Nov,3,0
0.0,2,31.2,0.1,Aug,3,0
1.453922921,22,360.65,0.01037037,Oct,2,1
0.0,12,307.6666667,0.013333333,Nov,8,0
0.0,42,1349.25,0.004065041,May,4,0
0.0,9,597.0,0.144444444,May,3,0
0.0,9,140.0,0.055555556,Mar,1,0
19.23625,17,1205.566667,0.0375,May,2,1
0.0,20,384.8,0.027272727,Jul,4,1
0.0,7,16.0,0.033333333,Dec,2,0
45.4316713,45,1594.283333,0.015227273,Mar,2,1
0.0,4,66.0,0.05,Dec,2,0
0.0,1,0.0,0.2,Dec,1,0
0.0,2,0.0,0.2,Mar,1,0
0.0,11,126.5,0.032291667,May,2,0
0.0,12,329.2142857,0.028703704,Nov,2,0
0.0,30,1184.5,0.048333333,May,1,0
0.0,11,225.5,0.054545455,Nov,11,0
0.0,14,582.0,0.021875,May,13,0
32.14213333,16,895.8095238,0.004444444,May,6,1
0.0,28,877.6666667,0.003571429,Nov,2,0
8.397818182,10,313.3333333,0.087878788,May,1,0
3.356892857,30,1584.3,0.01547619,May,4,0
0.0,25,1684.375,0.052674897,Jul,3,0
3.364060957,197,6309.427034,0.011878229,Nov,2,1
0.0,19,504.6,0.018518519,Dec,8,1
0.0,8,154.5,0.014814815,Dec,2,0
0.0,13,1005.0,0.016666667,May,2,0
0.0,3,0.0,0.2,May,13,0
0.0,4,96.33333333,0.05,May,2,0
12.0921619,72,4163.797619,0.010912698,Mar,2,1
0.0,14,307.4435055,0.067397661,Sep,1,0
0.0,27,811.8630952,0.015873016,Nov,8,0
0.0,15,535.25,0.02,Nov,2,0
0.0,1,0.0,0.2,May,3,0
0.0,104,4877.257071,0.020140056,May,6,0
0.0,10,594.0,0.031666667,Dec,2,0
2.613062787,111,3154.970833,0.014655172,Dec,1,1
0.0,27,787.5357143,0.005142857,Nov,20,0
0.0,3,0.0,0.2,May,3,0
0.0,8,257.4,0.028571429,Jul,1,0
0.0,23,480.9166667,0.032608696,Dec,2,0
0.0,37,456.15,0.131891892,Jul,3,0
0.0,1,0.0,0.2,Dec,1,0
0.0,2,0.0,0.2,Nov,10,0
0.0,7,539.5,0.0125,Dec,2,0
0.0,2,13.0,0.1,May,3,0
0.0,72,2271.553571,0.017905405,Dec,2,0
0.0,23,383.0,0.047575758,May,4,0
0.0,3,17.0,0.033333333,Mar,3,0
0.0,61,1669.988095,0.025778523,Nov,2,0
0.0,11,203.5,0.042424242,Dec,3,0
15.75636267,24,783.375,0.004166667,Nov,3,1
0.0,4,573.0,0.05,Feb,3,0
0.0,25,596.075,0.02014652,Nov,1,0
37.51854545,9,536.0,0.018181818,May,4,1
0.0,1,0.0,0.2,Mar,1,0
0.0,37,841.3583333,0.0125,Sep,1,0
0.0,16,576.3,0.011458333,Nov,2,0
0.0,48,1053.952381,0.009815547,Nov,2,0
0.0,12,269.5357143,0.006111111,Aug,4,0
0.0,42,772.625,0.019047619,Dec,2,0
0.0,30,2136.0,0.008333333,May,2,0
0.0,47,1093.833333,0.018518519,Dec,1,0
0.0,6,180.1666667,0.016666667,May,2,0
0.0,12,616.4,0.018181818,Mar,1,0
5.364419268,95,3208.208333,0.010851064,Nov,1,1
0.0,16,253.0,0.023529412,Mar,3,0
0.0,23,660.8166667,0.025,Mar,3,0
0.0,12,338.25,0.002380952,Dec,10,0
0.0,1,0.0,0.2,Mar,3,0
0.0,2,4.0,0.04,Mar,1,0
0.0,5,46.75,0.04,Dec,3,0
0.0,15,239.0,0.072,May,3,0
0.0,19,456.9,0.0125,Aug,6,0
0.0,4,157.5,0.05,Nov,2,0
0.0,2,12.0,0.166666667,Nov,10,0
0.0,16,196.3333333,0.023958333,Oct,2,0
0.0,142,4777.812554,0.019707705,Nov,1,0
0.0,0,0.0,0.2,May,18,0
0.0,24,368.3333333,0.114285714,May,3,0
49.62545455,12,554.5,0.018181818,May,2,1
0.0,2,210.0,0.1,Mar,2,0
0.0,14,469.8761905,0.005357143,Mar,10,0
0.0,8,186.0,0.044444444,Dec,10,0
0.0,1,0.0,0.2,Feb,2,0
0.0,20,837.25,0.041666667,Dec,1,0
0.0,30,602.5,0.014910394,Dec,10,0
0.0,3,159.5,0.066666667,Nov,3,0
58.16727273,9,359.1666667,0.018181818,May,5,1
0.0,51,1544.855159,0.027755102,Nov,1,0
22.15399132,6,252.3,0.0,Nov,3,1
0.0,10,445.0,0.033333333,Dec,2,0
0.0,4,249.0,0.025,Dec,1,0
9.331744184,23,941.6994048,0.008,Dec,2,1
0.0,2,6.0,0.05,Mar,2,0
52.28594057,38,842.4235931,0.011382114,Oct,2,1
0.0,10,761.75,0.022222222,Nov,2,0
0.0,42,1022.384615,0.031939605,Nov,10,0
0.0,5,185.0,0.04,Nov,6,0
0.0,3,32.0,0.066666667,May,5,0
0.0,22,2267.833333,0.041666667,Nov,1,0
0.0,7,180.3333333,0.02,Mar,2,0
0.0,53,2241.5,0.026923077,May,20,0
0.0,16,519.75,0.04,Mar,3,0
2.325663803,131,2460.323686,0.021249277,Nov,3,1
0.0,21,332.8,0.008695652,Sep,5,0
0.0,24,518.85,0.025371224,Jul,2,0
0.0,13,473.5,0.042307692,May,2,0
0.0,19,1065.9,0.04021164,May,6,0
0.0,2,0.0,0.2,Mar,10,0
4.195335178,101,2681.998105,0.021374201,Nov,2,0
0.0,17,664.5,0.011764706,Nov,2,0
20.60836364,11,1160.0,0.018181818,May,4,1
0.0,21,330.0,0.091304348,Jun,13,0
0.0,5,204.0,0.104081633,Nov,13,0
0.0,102,4227.094444,0.00849359,Nov,2,0
54.24886418,54,1063.95,0.019047619,Mar,2,0
0.0,22,1734.780952,0.010142857,Mar,9,0
0.0,24,506.1666667,0.034,May,2,0
0.0,3,164.0,0.066666667,Nov,3,0
0.0,8,135.25,0.05,Nov,1,0
0.0,20,819.2715686,0.043864469,May,2,0
0.0,42,570.1832287,0.016547619,Aug,2,0
0.0,11,473.8333333,0.025,Jun,3,0
101.3721739,22,639.5,0.008695652,May,4,1
0.0,0,0.0,0.066666667,May,5,0
0.0,1,28.0,0.1,Mar,1,0
0.0,21,1469.666667,0.014492754,Nov,8,0
0.0,15,175.9166667,0.026666667,Mar,1,0
0.0,2,697.5,0.1,Dec,1,0
0.0,7,50.0,0.080952381,Feb,7,0
0.0,1,0.0,0.2,Mar,3,0
0.0,24,669.9166667,0.002777778,May,3,0
0.0,15,894.0,0.015384615,May,4,0
14.59072178,28,1425.583333,0.026984127,Dec,1,0
8.052231522,22,2006.046667,0.032738095,Nov,2,0
0.0,1,27.2,0.04,Oct,5,1
0.0,2,0.0,0.2,Nov,1,0
0.0,13,263.0,0.044615385,Nov,13,0
0.0,47,1153.54,0.039979296,Jul,2,0
0.0,37,2097.42,0.010990991,Jul,2,0
11.8290411,75,1289.25,0.017351598,May,4,1
0.0,95,3715.777564,0.011851852,Jul,1,0
0.0,25,1978.7,0.06,Aug,3,0
0.0,18,937.7166667,0.005555556,Dec,2,0
0.0,4,94.75,0.053333333,Dec,20,0
0.0,58,2492.22402,0.025864237,Nov,2,0
0.0,42,562.6666667,0.032583774,May,13,0
7.256219133,47,3608.9,0.019871795,Mar,1,0
22.58886486,31,699.5,0.005896806,May,4,1
0.0,136,4201.508333,0.011265083,Dec,3,0
0.0,200,6867.193847,0.024587384,Nov,2,0
0.0,13,956.5,0.04,Mar,13,0
0.0,31,1470.416667,0.006666667,May,3,0
75.27712913,122,2577.449603,0.010463332,Nov,2,1
0.0,30,659.2,0.006451613,Mar,3,0
0.0,2,0.0,0.2,Oct,1,0
3.200304878,76,2208.788095,0.004756098,May,2,0
0.0,2,17.0,0.1,May,4,0
24.7526533,59,1100.475,0.008391881,Nov,2,1
0.0,5,146.0,0.186666667,Mar,3,0
10.17002765,26,595.3416667,0.023763441,May,4,0
0.0,15,430.5,0.019047619,May,2,0
12.24171745,53,1783.791667,0.029030612,Dec,1,0
0.0,11,572.0,0.072727273,Nov,3,0
0.0,84,1212.030303,0.021451247,May,6,0
0.0,17,584.5,0.011111111,Mar,2,0
0.0,19,989.3333333,0.0375,Jun,2,0
0.0,7,58.0,0.057142857,May,4,0
0.0,43,3747.833333,0.051162791,Jul,13,0
0.0,35,729.2916667,0.009387755,Dec,2,0
0.0,3,11.0,0.133333333,Jun,4,0
0.0,2,11.0,0.188888889,Dec,2,0
31.22,15,728.2,0.023076923,May,4,1
0.0,8,93.0,0.05,Dec,1,0
0.0,1,0.0,0.2,May,2,0
0.0,47,1204.664683,0.015,Dec,2,0
0.0,24,242.0,0.045454545,May,11,0
29.24325,15,756.3333333,0.0625,Mar,1,1
0.0,44,2149.190195,0.048201119,Aug,3,0
0.0,7,1264.833333,0.075604396,Dec,13,0
0.0,2,49.0,0.033333333,May,3,0
0.0,54,2295.0,0.014545455,Dec,10,0
0.0,1,0.0,0.2,Nov,13,0
0.0,10,701.0,0.03,May,3,0
0.0,54,3371.05,0.022012579,Jul,3,0
0.0,22,2366.6,0.064,Oct,1,0
0.0,22,562.1666667,0.053030303,Jun,3,0
9.242286032,225,9595.649629,0.012050716,Nov,2,1
0.0,29,906.5666667,0.006896552,Mar,2,0
0.0,30,558.6111111,0.046464646,Sep,1,1
0.0,13,343.625,0.005128205,Dec,2,0
48.60623685,64,4829.625,0.017194337,Nov,3,1
0.0,1,0.0,0.2,Nov,1,0
0.0,2,68.5,0.033333333,Mar,10,0
0.0,2,32.0,0.1,Mar,3,0
0.0,3,54.5,0.066666667,May,2,0
0.0,13,392.9285714,0.025,May,2,0
0.0,27,701.9,0.028395062,Aug,6,0
0.0,6,1133.666667,0.038562092,May,1,0
0.0,34,1021.75,0.021354167,May,3,0
0.0,13,252.0,0.061538462,May,3,0
11.28379079,23,934.3166667,0.01862069,Aug,4,0
0.0,107,6235.06603,0.016223404,Nov,2,0
0.0,1,0.0,0.2,Dec,13,0
0.0,36,833.0833333,0.055225225,May,3,0
0.0,16,1266.5,0.003508772,Mar,1,0
0.0,1,0.0,0.2,Dec,2,0
0.0,14,654.875,0.042857143,Nov,13,0
0.0,18,251.9,0.03015873,Nov,2,0
0.0,2,24.25,0.04,Dec,2,0
0.0,8,228.0,0.028571429,Mar,2,0
0.0,7,159.2,0.128571429,Aug,1,0
0.0,7,220.3333333,0.01,May,5,0
0.0,140,2404.831006,0.003142857,Nov,2,0
0.0,12,201.6,0.04,Oct,2,0
0.0,81,1421.668627,0.000833333,May,4,0
0.0,154,4800.574762,0.032872807,Oct,1,0
34.43601877,9,341.0,0.007692308,Mar,3,1
0.0,58,1599.5,0.007142857,Nov,3,0
34.48748308,38,689.65,0.004878049,Oct,2,1
0.0,6,82.0,0.183333333,May,1,0
0.0,23,831.6904762,0.019444444,May,13,0
0.0,13,98.66666667,0.046153846,Dec,13,0
0.0,5,36.0,0.1625,Mar,1,0
0.0,37,1212.0,0.017117117,Nov,2,1
0.0,97,2811.47807,0.015832106,Nov,1,0
0.0,34,2348.8125,0.055166667,Dec,1,0
0.0,8,134.0,0.025,May,2,0
0.0,4,123.0,0.066666667,May,3,0
0.0,22,1043.583333,0.048809524,Nov,2,0
0.0,36,725.3333333,0.017142857,Sep,13,0
0.0,9,867.0,0.051851852,Nov,3,0
0.0,53,1692.694155,0.022197723,Aug,1,0
0.0,5,75.6,0.0,Oct,4,0
0.0,45,1620.141667,0.009333333,Oct,2,0
0.0,3,79.0,0.033333333,Nov,1,0
0.0,16,213.8,0.06875,Aug,4,1
0.0,3,38.0,0.122222222,Mar,1,0
41.55801982,90,4792.380767,0.007479289,Nov,1,1
0.0,37,825.205,0.004625745,Sep,1,0
0.0,91,2631.473214,0.023321123,Nov,2,0
0.0,23,783.75,0.030769231,Nov,1,1
27.38224222,31,489.1452381,0.022222222,Mar,2,1
0.0,3,86.6,0.033333333,Jun,3,1
0.0,17,528.9,0.002272727,Mar,9,0
0.0,81,4536.308139,0.054759418,Jul,1,0
0.0,17,933.4166667,0.043075335,Mar,3,0
10.3976,32,1324.666667,0.09047619,May,1,0
0.0,13,136.0,0.154761905,May,13,0
0.0,89,3614.105147,0.020569813,Nov,2,0
0.0,17,327.5380952,0.00625,Oct,2,0
17.35448787,79,2150.433333,0.020883534,Nov,3,0
0.0,2,30.0,0.1,Mar,1,0
69.2786087,18,1090.533333,0.026086957,May,4,1
0.0,15,803.3333333,0.038888889,Dec,2,0
0.0,48,1062.812542,0.027253521,Sep,2,0
9.137331307,55,2780.609524,0.045272727,Dec,3,0
0.0,1,0.0,0.2,Nov,20,0
0.0,14,443.2083333,0.058222222,May,6,0
0.0,16,794.5416667,0.071568627,Dec,2,0
18.22304387,17,939.0833333,0.0225,Dec,6,1
0.0,1,0.0,0.2,Mar,10,0
0.0,8,316.5,0.040740741,May,11,0
0.0,15,253.5541667,0.0125,May,4,0
0.0,24,1128.468254,0.058577534,Mar,1,0
0.0,43,1825.557143,0.018115942,Nov,2,0
0.0,12,528.5833333,0.02,Dec,20,0
5.552517289,58,2528.287431,0.005582418,Nov,10,0
28.03795985,133,3713.580105,0.015889736,Nov,6,0
0.0,2,8.0,0.1,Mar,1,0
0.0,10,657.2619048,0.004166667,Mar,2,0
0.0,7,873.0,0.011111111,Mar,2,0
287.9537928,12,366.5,0.016666667,Dec,2,1
0.0,16,370.6666667,0.051041667,Dec,3,0
0.0,35,850.3333333,0.005405405,Mar,2,0
47.99566725,32,1162.797222,0.020175439,Nov,8,1
9.028406684,27,1199.725758,0.01691358,Mar,3,0
0.0,2,29.0,0.05,Nov,3,0
0.0,4,93.0,0.1,Mar,6,0
0.0,1,0.0,0.2,Mar,3,0
0.0,12,318.5333333,0.014285714,Jul,4,0
0.0,22,2815.416667,0.0125,Mar,2,0
30.09281343,73,2490.138095,0.010365854,Mar,2,0
0.0,4,15.24,0.039583333,Sep,2,1
3.83397413,128,6483.0804,0.012517824,Nov,1,0
0.0,34,1767.4,0.039004329,Nov,3,0
35.98106601,30,1107.047619,0.017760943,Mar,1,1
0.0,3,21.0,0.05,Mar,8,0
0.0,6,85.25,0.011111111,Dec,10,0
0.0,89,1904.653507,0.027002924,Oct,3,0
11.28411429,70,2509.25,0.006428571,May,1,1
0.0,17,348.85,0.023684211,Nov,20,0
49.36350729,7,343.25,0.028571429,Nov,7,1
0.0,10,192.75,0.028888889,Dec,1,0
0.0,63,1980.238095,0.015025253,Nov,2,0
0.0,10,183.7083333,0.026666667,Dec,2,0
0.0,13,334.9666667,0.007692308,Feb,4,0
12.01656549,111,3510.879903,0.009438427,Mar,2,0
0.0,9,198.25,0.036363636,Nov,6,0
0.0,74,3817.203846,0.020533333,Nov,2,0
0.0,136,4569.904365,0.00891253,May,4,0
35.0928,14,643.0,0.013333333,Mar,1,1
0.0,7,88.0,0.057142857,May,1,0
0.0,16,416.4,0.011111111,Mar,2,0
0.0,132,5091.890896,0.029863649,Nov,2,1
87.74978701,32,534.2638889,0.011111111,Dec,8,1
0.0,7,98.55,0.058333333,Nov,11,0
21.02481633,46,2295.182143,0.014873664,May,1,0
0.0,63,2593.808333,0.066666667,Jul,20,0
0.0,12,1076.5,0.011764706,Mar,2,0
18.08584615,31,1124.916667,0.014672365,May,5,1
0.0,42,840.8333333,0.019047619,May,3,0
5.816167973,34,1352.816503,0.033988025,May,2,0
22.32934737,19,580.5,0.049122807,May,3,1
0.0,2,0.0,0.2,May,3,0
0.0,11,606.5,0.011111111,May,4,0
0.0,15,650.6961927,0.018487395,Mar,3,0
0.0,1,0.0,0.2,Dec,1,0
0.0,5,122.0,0.05,May,15,0
6.709440135,124,4067.010247,0.022888335,Nov,2,1
0.0,15,313.25,0.033333333,Nov,10,0
0.0,1,0.0,0.2,Mar,3,0
0.0,30,1862.333333,0.026436782,Nov,13,0
0.0,4,88.0,0.02,Dec,3,0
0.0,7,180.0,0.00952381,May,1,0
0.0,2,12.0,0.1,Mar,3,0
2.001640344,9,112.0833333,0.043137255,Jul,1,0
0.0,7,216.3333333,0.00952381,Sep,2,0
0.0,31,618.75,0.027956989,Nov,13,0
0.0,1,0.0,0.2,Nov,2,0
12.30811748,71,1445.458333,0.013963964,Nov,10,1
0.0,43,1457.113095,0.04015873,Nov,2,0
0.0,37,1296.942857,0.039814815,May,2,0
0.0,7,1544.75,0.033333333,Dec,1,0
0.0,1,0.0,0.2,May,3,0
0.0,7,219.5833333,0.018181818,Dec,2,0
0.0,2,0.0,0.2,Dec,3,0
0.0,6,185.0,0.1,Mar,10,0
0.0,19,573.6571429,0.04,Mar,1,0
0.0,3,0.0,0.12,Aug,5,0
0.0,17,673.625,0.02,Dec,10,0
57.48364657,62,2787.678571,0.015591398,Nov,1,0
4.5476,50,1149.433333,0.026383333,May,4,1
0.0,3,223.0,0.133333333,Mar,3,0
0.0,11,501.5,0.007142857,Nov,8,0
0.0,40,700.1277778,0.027788462,Nov,10,0
0.0,5,109.0,0.1,May,3,0
0.0,5,42.0,0.08,May,13,0
0.0,3,27.2,0.033333333,Nov,2,0
32.59864309,79,3497.214286,0.012643678,Dec,2,0
0.0,58,1066.393635,0.034950263,Jun,6,0
0.0,3,145.0,0.133333333,Jun,3,0
50.18313917,14,517.66,0.022222222,Jul,2,0
0.0,12,1192.866667,0.019230769,Sep,3,0
0.0,0,0.0,0.2,Nov,3,0
0.0,94,4804.834524,0.023561816,Nov,2,1
0.0,6,441.4666667,0.003333333,Mar,1,0
0.0,6,137.6,0.013333333,Oct,1,0
0.0,11,461.0,0.054545455,Dec,6,0
0.0,2,11.0,0.1,Dec,2,0
0.0,10,257.0,0.01,May,2,0
0.0,24,914.5060606,0.016666667,May,3,0
0.0,5,50.5,0.04,Mar,1,0
0.0,11,296.3,0.015384615,Sep,2,0
32.41773364,45,3198.186667,0.016363636,Oct,2,1
36.0824516,26,623.0266667,0.009047619,Nov,20,0
0.0,40,906.4,0.015238095,Oct,4,0
0.0,49,4651.033333,0.05,May,2,0
0.0,5,95.1,0.077777778,Oct,4,0
0.0,11,435.3333333,0.104242424,Nov,3,0
0.0,25,430.5,0.007142857,May,2,0
0.0,16,340.65,0.063690476,Sep,3,0
0.0,56,955.5432151,0.010650662,Nov,2,1
0.0,2,0.0,0.2,Nov,1,0
54.20146753,7,96.0,0.025,Nov,2,1
0.0,195,10044.75756,0.023180221,Dec,2,0
0.0,11,578.3333333,0.072916667,May,4,0
0.0,1,0.0,0.2,Dec,3,0
0.0,19,801.5833333,0.035087719,May,2,0
0.0,6,50.0,0.033333333,May,3,0
0.0,18,535.3995238,0.02962963,Jun,2,0
43.77424082,130,4737.087716,0.011475964,Nov,2,1
0.0,1,0.0,0.2,May,3,0
0.0,65,6053.466667,0.026197917,Sep,3,0
2.08053355,31,1021.619336,0.026479076,Mar,2,1
0.0,16,602.0,0.044117647,May,3,0
1.777492546,106,6617.791228,0.026412307,Nov,1,1
0.0,26,535.3459596,0.01051332,Mar,10,0
0.0,20,342.6866667,0.009090909,Aug,4,0
0.0,13,281.547619,0.017307692,Mar,2,0
0.0,4,213.5,0.009090909,Nov,2,1
0.0,36,595.8,0.005405405,Nov,4,0
0.0,0,0.0,0.05,Dec,10,0
0.0,11,438.5833333,0.032291667,May,2,0
0.0,3,15.0,0.066666667,Mar,1,0
0.0,2,0.0,0.2,Mar,3,0
0.0,37,1553.52381,0.01025641,Sep,2,0
17.991,16,461.0833333,0.011458333,May,4,0
47.65907425,36,474.3066667,0.015714286,Jun,4,0
21.81920724,26,1659.866667,0.016,Nov,1,1
0.0,59,1560.601163,0.010673235,Mar,2,0
0.0,10,649.5,0.02,May,2,0
0.0,11,1435.0,0.109090909,May,1,0
0.0,5,147.5,0.04,Dec,8,0
0.0,16,1098.0,0.03627451,May,18,0
0.0,59,4679.029167,0.032389468,Dec,13,0
0.0,23,570.5166667,0.024074074,Mar,8,0
22.97507587,133,10338.67177,0.017657266,Jun,4,0
0.0,11,667.9166667,0.009090909,Dec,2,1
0.0,4,18.0,0.075,Dec,3,0
0.0,49,1222.25,0.021604938,Dec,2,0
0.0,7,416.5,0.031111111,Nov,8,0
0.0,21,1077.25,0.047619048,Nov,10,0
6.854149002,51,1187.737297,0.066119363,Oct,1,0
22.96411765,27,1084.5,0.010784314,Mar,8,0
0.0,16,588.3333333,0.067857143,May,2,0
0.0,42,1246.12,0.008888889,Aug,3,0
0.0,12,407.0,0.033333333,Mar,3,0
0.0,33,1946.942857,0.020602653,Mar,2,0
0.0,13,253.3333333,0.073076923,May,3,0
0.0,9,979.0,0.041025641,Oct,3,0
0.0,8,65.4,0.15,Aug,3,0
0.0,7,228.0,0.025,Dec,3,0
0.870148477,189,3428.527381,0.043830926,Jun,1,0
0.0,47,1975.125,0.015186147,Nov,2,0
10.15253138,83,1543.423333,0.057723577,Sep,1,0
0.0,12,305.4,0.019444444,Dec,11,0
0.0,2,9.0,0.1,May,3,0
0.0,12,349.5,0.008333333,Dec,1,0
0.0,11,314.25,0.042857143,Nov,13,0
2.812474051,26,600.5733333,0.022413793,Aug,2,0
18.80505,11,1569.166667,0.028666667,May,6,0
0.0,58,2498.029762,0.046264368,May,20,0
9.991666667,16,859.1666667,0.014814815,May,2,0
0.0,96,2478.070833,0.018144023,Dec,2,0
0.0,62,1493.353846,0.04031746,Dec,2,0
0.0,24,300.6666667,0.025,May,4,0
0.0,12,1145.416667,0.048484848,Nov,10,0
133.2813786,36,1699.073611,0.035614035,Dec,13,0
0.0,6,102.0,0.033333333,May,3,0
1.164075388,119,4749.240385,0.031811847,May,6,0
0.0,1,0.0,0.2,May,1,0
0.0,31,1735.301587,0.0515625,Mar,1,0
0.0,26,501.8,0.014285714,Nov,2,1
0.0,5,238.2,0.033333333,Sep,4,0
0.0,5,91.0,0.06,May,3,0
0.0,6,474.3333333,0.01,Dec,3,0
0.0,33,1324.616667,0.043870968,May,4,0
0.0,10,294.75,0.03,Dec,8,0
0.0,188,8618.031872,0.019765654,Nov,2,0
0.0,3,21.1,0.042857143,Jun,5,0
0.0,26,234.8,0.119230769,Jul,13,0
0.0,1,0.0,0.2,Nov,1,0
0.0,25,972.25,0.012937063,May,1,0
0.0,3,44.5,0.133333333,Dec,3,0
0.0,15,1639.5,0.06875,May,13,0
0.0,93,2720.265368,0.034701976,Nov,1,0
0.0,17,390.7738095,0.025,Nov,3,0
0.0,1,0.0,0.2,Feb,3,0
0.0,2,13.0,0.1,Dec,2,0
0.0,5,125.75,0.14,Nov,10,0
0.0,3,14.33333333,0.074444444,Jun,5,1
0.0,7,114.8333333,0.007142857,Mar,10,0
7.610431148,52,2059.109203,0.008451124,May,13,0
0.0,12,239.75,0.005128205,May,5,0
0.0,2,33.0,0.1,May,2,0
25.41321429,23,542.3333333,0.015306122,May,2,1
0.0,37,2517.048459,0.019615385,Mar,1,0
32.64521053,17,481.6666667,0.036842105,Mar,2,0
0.0,44,2011.305556,0.012301587,Nov,3,0
32.22252197,22,742.0,0.007407407,Sep,5,1
0.0,57,1656.410714,0.002259887,Nov,3,0
0.0,43,654.0666667,0.029844961,Jul,3,0
0.0,8,41.13333333,0.0625,Jul,1,0
0.0,21,1231.5,0.016,Nov,8,1
0.0,27,730.7916667,0.027555556,Nov,11,0
0.0,19,479.8666667,0.018181818,Mar,2,0
0.0,15,317.0,0.006666667,Mar,2,0
0.0,4,52.3,0.1,Aug,5,0
0.0,24,950.0166667,0.027056277,Oct,20,0
0.0,6,45.5,0.114285714,Mar,3,0
0.0,3,66.0,0.066666667,Mar,2,0
0.0,1,0.0,0.2,Mar,1,0
0.0,14,336.5,0.005555556,Mar,9,0
0.0,1,0.0,0.2,Dec,3,0
0.0,40,1209.802992,0.01624838,Mar,2,0
0.0,5,82.5,0.028571429,Aug,5,0
0.0,2,18.2,0.02,Jul,2,1
0.0,4,137.0,0.15,May,11,0
0.0,53,2051.466667,0.017735849,Nov,2,1
0.0,6,916.25,0.006666667,May,2,0
0.0,52,1622.433333,0.031730769,May,13,0
0.0,16,502.8333333,0.004444444,Mar,2,0
0.0,13,1649.0,0.033333333,May,2,0
0.0,18,1066.5,0.005072464,Mar,2,0
4.667079268,82,3214.020563,0.007723577,Mar,10,1
0.0,4,73.5,0.05,Nov,1,0
0.0,8,246.3865079,0.008928571,Nov,3,0
0.0,77,3733.228571,0.048622222,May,2,0
0.0,3,52.5,0.1,Dec,3,0
4.376915789,49,3003.419048,0.015711501,May,4,0
0.0,7,93.9,0.005555556,Oct,2,0
361.7637419,18,607.5,0.010526316,Nov,2,1
38.99,10,197.2,0.016666667,Mar,3,1
0.0,14,262.587619,0.004910714,Nov,2,0
0.0,5,71.0,0.033333333,Mar,3,0
0.0,16,1599.266667,0.013333333,May,13,0
0.0,13,229.5,0.015384615,May,2,0
0.0,6,133.3333333,0.019230769,Mar,3,0
0.0,6,126.6666667,0.016666667,Mar,2,0
0.0,4,93.5,0.05,May,2,0
0.0,6,139.0,0.01,Mar,8,0
4.452664494,75,5610.686899,0.019205169,Nov,2,0
0.0,3,41.3,0.011111111,Oct,2,0
119.8943327,53,3575.0,0.003846154,Nov,2,1
0.0,73,1606.30825,0.019108884,Nov,2,0
0.0,10,116.0,0.016666667,Nov,2,0
0.0,1,10.0,0.1,Mar,9,0
0.0,3,52.26666667,0.021212121,Oct,5,0
0.0,30,775.8883333,0.006896552,Oct,2,0
0.0,24,452.4166667,0.020833333,Nov,2,1
0.0,12,471.5,0.066666667,Mar,3,0
34.67841487,74,1845.958333,0.017679325,Nov,10,1
0.0,31,754.5,0.00625,Mar,8,0
0.0,1,0.0,0.2,Nov,20,0
0.0,25,1177.506667,0.0375,Oct,1,0
0.0,6,217.5,0.02,Dec,2,0
0.0,14,211.4702381,0.039520717,Nov,10,0
0.0,3,24.0,0.133333333,Mar,1,0
0.0,9,1178.25,0.025,Nov,10,0
0.0,16,240.6,0.062352941,Jul,13,0
0.0,11,546.75,0.054545455,Nov,1,0
0.0,8,259.2,0.007407407,Sep,2,0
0.0,11,118.6666667,0.06969697,May,3,0
0.0,39,1020.013889,0.014226044,Dec,1,0
0.0,1,0.0,0.2,Mar,1,0
0.0,26,655.5357143,0.0375,Nov,1,0
0.0,6,59.0,0.033333333,Mar,2,0
0.0,39,835.6809524,0.028162393,Jul,3,0
0.0,38,1251.932143,0.011302211,Nov,1,0
0.0,2,0.0,0.2,Mar,1,0
14.54270238,37,2304.5,0.005,Nov,2,1
0.0,9,532.0,0.066666667,Oct,4,0
0.0,1,0.0,0.2,May,11,0
50.4111604,14,825.3333333,0.0,Aug,4,1
0.0,1,0.0,0.2,Nov,2,0
0.0,23,709.75,0.043055556,Nov,2,0
0.0,2,73.0,0.15,Mar,1,0
32.4141704,23,1347.9625,0.020833333,Nov,2,0
0.0,18,168.5285714,0.024561404,Oct,2,0
0.0,44,1373.95,0.004545455,May,2,0
0.0,4,81.7,0.03125,Jul,4,0
0.0,2,17.0,0.1,Nov,2,0
27.3063666,13,556.6666667,0.001666667,Mar,2,1
0.0,13,323.3,0.102564103,Jun,1,0
0.0,13,283.5,0.030769231,May,3,0
0.0,13,96.5,0.076923077,Mar,1,0
0.0,74,2719.734091,0.024324324,Nov,1,0
0.0,1,0.0,0.1,May,18,0
0.0,3,172.0,0.066666667,Dec,20,0
0.0,25,770.0285714,0.034933333,Mar,10,0
0.0,5,197.0,0.06,May,3,0
0.0,7,229.5,0.026666667,Mar,2,0
1.935491302,76,2893.940476,0.014859438,Nov,8,0
33.69233226,26,1960.475,0.024074074,Nov,2,1
0.0,3,64.0,0.066666667,Mar,1,0
0.0,17,935.25,0.009803922,Nov,2,0
0.0,14,253.1666667,0.04047619,May,13,0
0.0,7,150.0,0.085714286,Feb,1,0
50.9925,7,151.5,0.025,May,1,1
0.0,4,160.5,0.05,Nov,3,0
0.0,61,4081.041667,0.019375,Nov,2,0
0.0,11,203.0,0.0,Nov,2,0
0.0,71,1714.778571,0.035661897,Nov,1,0
28.25395506,80,1552.504762,0.00952381,May,4,0
0.0,25,445.5833333,0.024,Dec,1,0
0.0,13,774.7288136,0.012150434,Nov,2,1
32.95851549,20,471.4777778,0.004545455,Jul,4,1
0.0,8,166.1666667,0.025,May,4,0
0.0,47,2032.272727,0.023877069,Nov,1,0
7.726779661,59,2516.833333,0.047740113,May,13,0
0.0,12,146.1333333,0.066666667,Jul,1,0
0.0,9,177.3333333,0.088888889,May,1,0
5.71562257,59,1843.187696,0.041993382,Dec,7,0
20.44064077,176,6847.736667,0.011516854,Aug,4,0
0.0,24,3830.0,0.025333333,Nov,8,1
0.0,30,797.7619048,0.034343434,Nov,2,0
0.0,3,33.2,0.166666667,Aug,2,0
0.0,33,1239.5,0.095098039,May,2,0
9.581561053,64,980.5021994,0.012798697,Nov,1,1
5.613708292,125,3674.803673,0.032705748,Aug,13,0
0.0,13,365.75,0.030769231,May,4,0
0.0,7,128.2333333,0.015238095,Oct,5,0
0.0,1,0.0,0.2,Dec,1,0
0.0,6,127.1666667,0.04375,Dec,3,0
37.21183634,55,1058.338095,0.007142857,Nov,3,1
0.0,53,856.7522398,0.002272727,Mar,2,0
0.0,13,77.0,0.028571429,Mar,1,0
0.0,4,202.75,0.025,Nov,13,0
5.606382766,39,1406.95,0.039562226,Nov,2,0
7.48051616,25,884.5,0.003571429,Jul,2,1
1.529570511,150,5575.614608,0.017155355,Dec,1,1
0.0,66,2780.6,0.016533333,Nov,10,0
0.0,63,1361.203175,0.014761905,Nov,2,0
0.0,21,836.1,0.004545455,Oct,4,0
0.0,36,776.1666667,0.014880952,Dec,13,0
0.0,6,619.0,0.025,May,11,0
0.0,3,31.0,0.133333333,May,3,0
0.0,2,83.0,0.05,May,4,0
22.088,63,1462.45,0.003225806,May,5,1
0.0,6,151.0,0.08,Dec,6,0
0.0,5,97.0,0.033333333,Mar,10,0
0.0,19,805.65,0.019397993,Nov,2,0
0.0,20,243.4166667,0.004761905,May,3,0
0.0,1,0.0,0.2,Mar,1,0
0.0,17,750.1666667,0.005555556,Mar,2,0
0.0,10,328.5,0.041666667,Nov,6,0
0.0,27,2042.25,0.067323481,May,6,0
17.81649911,11,385.74,0.007692308,Oct,2,1
3.801048407,57,1720.444748,0.007866316,Sep,2,0
0.0,5,68.0,0.033333333,May,5,0
29.45815149,66,2049.458471,0.012765306,Mar,1,0
0.0,40,3789.583333,0.023170732,Dec,2,0
27.664,15,537.2,0.023529412,May,6,1
0.0,16,344.4,0.052941176,Jul,4,0
0.0,7,38.0,0.042857143,Mar,1,0
0.0,9,275.1666667,0.033333333,Nov,13,0
11.33463158,39,2827.428571,0.015789474,May,4,0
0.0,8,392.4,0.04,May,1,0
0.0,19,522.0,0.034210526,May,2,0
0.0,2,247.0,0.1,May,1,0
0.0,58,1978.214286,0.000409836,May,2,0
0.0,17,278.6666667,0.042666157,Nov,6,0
0.0,41,3389.8,0.05019425,Sep,1,0
0.0,28,1202.0,0.014285714,Mar,10,0
0.0,31,561.0940141,0.052507716,Jul,13,0
0.0,19,1011.5,0.00952381,Mar,1,0
0.0,24,2244.666667,0.028,Mar,1,0
0.0,11,1206.75,0.013333333,Dec,8,0
0.0,20,497.5388889,0.015,May,4,0
24.54706296,19,2081.5,0.01,Nov,2,1
108.0893873,52,3374.016667,0.003703704,Nov,13,1
0.0,8,749.2333333,0.008974359,Nov,1,0
0.0,22,1058.189474,0.022173913,May,1,0
0.0,109,2587.530411,0.01036036,Nov,3,1
0.0,25,481.1666667,0.005,May,3,0
0.0,4,22.0,0.1,Mar,3,0
0.0,14,380.2666667,0.011111111,Oct,2,0
6.153201384,98,3098.649444,0.037472815,Aug,1,0
0.0,2,17.0,0.1,Dec,2,0
0.0,51,1655.358333,0.013071895,Nov,2,0
0.0,3,14.0,0.155555556,May,4,0
0.0,13,587.75,0.061538462,Nov,1,0
54.95126905,64,1229.289286,0.002493853,Mar,2,0
0.0,55,1247.357143,0.010691824,May,4,0
0.0,7,221.7142857,0.060714286,Mar,3,0
10.7869918,22,1076.65,0.036507937,Aug,1,1
0.0,2,18.0,0.1,Nov,1,0
0.0,89,2114.083333,0.011685393,May,4,0
8.631719512,76,2735.728571,0.024843206,Mar,7,1
81.2475,9,639.0,0.025,Mar,9,1
0.0,1,0.0,0.05,Mar,8,0
0.0,29,705.4,0.015625,Mar,1,0
0.0,19,386.85,0.010526316,May,6,0
0.0,10,231.0,0.14,May,13,0
0.0,1,0.0,0.2,Sep,1,0
25.10043261,33,4931.198912,0.028235129,Nov,2,0
0.0,100,2852.013141,0.024301656,Dec,2,0
24.21760276,97,1643.365907,0.015870587,Jul,1,0
0.0,1,68.0,0.1,May,2,0
7.36509031,29,919.8995238,0.017091837,Aug,2,1
0.0,7,116.8,0.114285714,Jul,13,0
0.0,22,1187.833333,0.027272727,Mar,1,0
0.0,56,2094.983333,0.063214286,May,3,0
0.0,4,228.5,0.03,May,1,0
0.0,3,78.33333333,0.022222222,Mar,11,0
33.14514286,18,494.6666667,0.019931973,Mar,2,1
0.0,3,69.0,0.066666667,May,1,0
37.35725827,42,1052.4,0.004545455,Nov,2,1
0.0,1,0.0,0.2,Nov,1,0
13.11145455,28,682.2,0.007272727,May,13,0
0.0,36,759.0833333,0.025925926,Nov,2,0
0.0,5,134.0,0.026666667,May,2,0
0.0,15,212.8,0.042857143,Mar,1,0
0.0,44,2038.052273,0.028421053,Nov,8,0
0.0,9,1040.0,0.116666667,Mar,1,0
0.0,8,119.3333333,0.023076923,Mar,11,0
0.0,94,9836.068333,0.028191489,Sep,13,0
0.0,11,724.0,0.036363636,Nov,1,0
0.0,1,0.0,0.2,Sep,1,0
18.1270044,147,2933.695013,0.016656739,Nov,1,1
0.0,35,996.1480769,0.041741742,Nov,2,0
0.0,4,86.0,0.025,Dec,8,0
0.0,26,1026.75,0.022222222,May,3,0
0.0,16,195.5,0.06875,May,4,0
27.26888014,47,1532.2,0.019797366,Mar,1,1
0.0,38,1859.382937,0.009090909,Dec,10,0
0.0,14,592.5666667,0.023333333,May,3,0
0.0,2,37.0,0.1,Feb,3,0
0.0,50,1317.795833,0.021469506,Nov,1,0
0.0,17,392.1666667,0.023529412,May,1,0
32.09724943,70,3993.135714,0.014539683,Nov,2,1
0.0,3,28.33333333,0.016666667,Dec,10,0
0.0,5,108.0,0.04,May,4,0
0.0,24,657.6666667,0.034090909,May,3,0
42.29306752,22,494.6333333,0.004545455,Nov,2,1
0.0,3,1016.5,0.066666667,Mar,1,0
0.0,16,946.1666667,0.010526316,Mar,10,0
48.6094789,61,2267.330952,0.005348989,Nov,2,1
0.0,1,0.0,0.2,May,3,0
0.0,44,646.825,0.028851852,Dec,13,0
43.20756866,30,1383.375,0.039393939,Nov,1,0
0.0,17,842.75,0.04,Dec,1,0
0.0,27,1838.15,0.056282051,Jun,3,0
0.0,5,0.0,0.2,May,13,0
80.118,56,2915.166667,0.003448276,May,3,1
0.0,7,54.5,0.04,May,2,0
0.0,33,483.2666667,0.009126984,May,2,0
0.0,15,486.5166667,0.011111111,Mar,6,0
0.0,7,87.0,0.028571429,Dec,20,0
0.0,17,65.0,0.076470588,May,3,0
0.0,71,1057.2,0.129580026,Jun,13,0
4.495585092,99,2171.547149,0.029507982,Nov,13,0
0.0,1,0.0,0.2,Nov,1,0
0.0,16,226.5,0.013333333,Mar,2,0
7.941531532,37,1238.375,0.030510511,May,2,0
0.0,4,157.2,0.1,Oct,1,0
0.0,8,458.5,0.03,Sep,11,0
0.0,8,148.75,0.025,Mar,2,0
0.0,77,1449.683333,0.002631579,May,2,0
13.57270341,41,678.4833333,0.032173913,Oct,1,1
0.0,20,275.6666667,0.114814815,May,4,0
9.650250036,22,535.0,0.025,Nov,11,1
0.0,7,103.5,0.057142857,Nov,2,1
0.0,82,11257.1083,0.019401736,Nov,2,0
0.0,7,35.0,0.123809524,May,15,0
0.0,29,991.8270202,0.008921569,Nov,6,0
45.19820194,28,488.91,0.022222222,Jun,1,1
0.0,17,927.1666667,0.014705882,Mar,3,0
0.0,12,574.0,0.083333333,May,13,0
0.0,9,162.2333333,0.018181818,Sep,5,0
0.0,7,225.0,0.085714286,Mar,1,0
0.0,5,135.75,0.053333333,Dec,2,0
0.0,1,0.0,0.2,May,3,0
0.0,11,496.0,0.063636364,Dec,3,0
10.31930868,90,8024.509197,0.032048254,Sep,2,0
0.0,80,1242.063095,0.020707071,Oct,1,0
0.0,20,381.0,0.075,Jun,3,0
0.0,3,54.5,0.066666667,Nov,3,0
0.0,126,5276.227193,0.033933258,Dec,1,0
0.0,8,158.25,0.003571429,Nov,11,0
0.0,28,586.3722222,0.004021164,Dec,10,1
1.891943485,72,1548.194444,0.007887882,Aug,5,1
0.0,10,402.8055556,0.014285714,Dec,2,1
0.0,8,388.5,0.014285714,May,4,0
0.0,7,244.7333333,0.018181818,Nov,2,0
0.0,35,1039.887446,0.035656214,Dec,2,0
0.0,7,286.5,0.042857143,Mar,1,0
2.527217484,85,3725.670725,0.014960902,Dec,1,1
10.91300022,9,2151.0,0.018181818,Mar,1,1
0.0,22,406.0,0.013461538,Mar,1,0
0.0,9,466.6666667,0.0125,May,4,0
0.0,9,891.5,0.0125,Dec,2,0
0.0,5,70.0,0.12,May,3,0
0.0,58,1400.438961,0.005951036,Mar,1,0
0.0,23,178.6,0.092753623,May,3,0
0.0,47,778.7619048,0.051999065,May,15,0
0.0,1,0.0,0.2,Dec,1,0
0.0,1,0.0,0.2,Jun,3,0
3.92827844,27,393.3,0.006666667,Sep,4,1
0.0,19,1409.416667,0.023703704,Mar,2,0
0.0,33,889.72,0.044444444,Nov,1,0
0.0,11,549.3333333,0.005,May,3,0
0.0,4,55.0,0.033333333,May,13,0
0.0,3,167.5,0.022222222,May,1,0
0.0,19,370.3809524,0.007894737,Mar,2,0
0.0,220,10580.34479,0.022140924,Nov,1,0
0.0,16,223.0,0.023529412,Mar,2,0
0.0,1,43.0,0.025,Dec,20,0
0.0,20,379.4166667,0.0295,May,2,0
0.0,4,58.5,0.05,Nov,1,0
0.0,23,1422.85,0.049275362,Nov,1,0
0.0,13,137.0,0.011764706,Nov,2,1
0.0,7,77.33333333,0.022222222,Mar,2,0
25.57242933,88,4937.639583,0.005857488,Nov,2,1
0.0,7,259.0,0.057142857,Nov,2,0
44.73610411,42,1481.866667,0.004761905,Oct,2,1
0.0,111,4022.812148,0.012351425,Aug,5,0
0.0,36,1617.612554,0.025668172,Nov,2,0
0.0,66,1505.333333,0.009109731,May,2,0
0.0,6,330.0,0.1,Mar,10,0
0.0,71,2816.43881,0.002666667,Mar,8,0
0.0,1,0.0,0.2,Dec,20,0
0.0,1,0.0,0.2,May,4,0
22.2993913,23,1166.333333,0.02826087,May,2,0
0.0,13,178.8333333,0.038461538,May,2,0
0.0,48,1686.354994,0.033747213,Dec,10,0
0.0,37,2152.588889,0.017747748,Dec,3,0
0.763828956,705,43171.23338,0.015431438,May,14,0
0.0,30,1029.583333,0.009166667,Dec,2,0
62.93549178,49,2110.124603,0.004081633,Nov,10,1
0.0,8,321.2333333,0.0125,Jul,1,0
0.0,7,496.75,0.011111111,Mar,1,0
0.0,27,1585.666667,0.058333333,Mar,1,0
8.495651163,82,1814.564286,0.010385835,May,2,0
0.0,133,5948.998311,0.008289956,Dec,10,0
21.47448516,51,2587.766667,0.007434641,Nov,10,1
1.990788672,47,1697.058333,0.019565217,Dec,1,0
28.41708136,82,5076.380556,0.010982424,Dec,13,1
0.0,10,894.6666667,0.022222222,May,2,0
0.0,4,111.6,0.04,Jul,4,0
0.0,16,680.75,0.014285714,May,2,0
0.0,30,2759.833333,0.064880952,May,13,0
0.0,56,1371.415714,0.011752445,Oct,5,0
0.0,4,288.4333333,0.0125,Aug,2,0
0.0,4,98.6,0.05,Jul,1,0
0.0,92,2451.346667,0.021318681,Jul,1,0
0.0,2,187.0,0.15,Mar,3,0
0.0,3,0.0,0.2,Nov,1,0
0.0,33,668.0333333,0.018119658,Aug,2,0
0.0,4,59.0,0.013333333,May,6,0
0.0,26,745.1666667,0.020833333,May,2,0
0.0,9,186.7,0.022222222,Mar,2,0
0.0,7,1260.666667,0.107142857,May,6,0
0.0,17,434.0,0.010526316,May,1,0
17.5455,26,885.0,0.036111111,May,2,1
0.0,5,59.25,0.1,Nov,2,0
0.0,8,117.8,0.15,Jun,3,0
0.0,7,280.5,0.028571429,Feb,3,0
18.26940096,26,1357.833333,0.018487395,Nov,2,1
0.0,25,243.1666667,0.057283951,Nov,6,0
0.0,8,301.5,0.018181818,Mar,2,0
0.0,17,298.875,0.014035088,Dec,2,0
0.0,2,0.0,0.2,May,3,0
0.0,5,47.0,0.04,Nov,3,0
0.0,30,1500.213333,0.003333333,Oct,1,0
0.0,40,737.2619048,0.028888889,May,2,0
0.0,25,437.2222222,0.035,Mar,1,0
0.0,50,694.5166667,0.024489796,Dec,1,0
0.0,21,819.8333333,0.002898551,May,2,0
0.0,8,188.0,0.0875,Dec,1,0
0.0,12,806.25,0.029166667,Dec,2,0
0.0,10,121.0,0.025,May,3,0
0.0,14,710.25,0.017777778,Mar,1,0
0.0,4,59.0,0.05,Mar,10,0
4.78307258,8,168.2,0.033333333,Oct,20,1
0.0,7,123.5,0.057142857,May,3,0
0.0,1,0.0,0.2,Jun,13,0
0.0,2,39.5,0.1,Dec,1,0
0.0,31,516.4761905,0.018965517,May,13,0
0.0,10,314.75,0.046666667,Nov,3,0
0.0,2,33.0,0.1,Feb,3,0
0.0,19,429.6333333,0.005263158,Mar,3,0
0.0,13,138.5416667,0.028205128,Dec,1,0
11.80891356,5,120.79,0.00952381,Jun,2,1
77.801588,34,886.4791667,0.005128205,Dec,2,1
0.0,21,467.952381,0.068253968,May,3,0
0.0,10,1579.375,0.06,Nov,2,0
0.0,69,2464.294444,0.000544218,Dec,2,0
0.0,68,3974.534501,0.019008442,Nov,13,0
0.0,137,4045.726634,0.021710569,Nov,2,0
0.0,1,0.0,0.2,Nov,3,0
0.0,8,72.5,0.0375,May,4,0
0.0,37,1391.105556,0.01505848,Sep,2,0
25.82676446,54,1986.553118,0.019939049,Dec,2,0
0.0,1,0.0,0.2,May,1,0
4.818947334,28,1375.133333,0.020689655,Oct,20,1
0.0,1,0.0,0.2,Nov,1,0
10.58098677,25,635.4916667,0.010222222,Nov,8,1
0.0,22,2707.386667,0.009722222,Sep,1,0
14.58941181,19,866.3333333,0.025,Dec,2,0
0.0,1,0.0,0.2,May,13,0
0.0,45,1096.42,0.072659574,Jul,13,0
0.0,3,116.75,0.066666667,Nov,10,0
0.0,1,0.0,0.2,Dec,1,0
0.0,12,277.45,0.09,Jun,13,0
0.0,41,1490.552778,0.006589147,Mar,2,0
0.0,20,902.9738095,0.009876543,Sep,4,0
0.0,22,458.25,0.056666667,Nov,3,0
0.0,16,333.75,0.003333333,Mar,2,0
0.0,16,838.1666667,0.034375,May,4,0
28.69843548,8,543.7333333,0.011111111,Oct,2,1
93.52994426,35,1698.0,0.005714286,Nov,2,1
0.0,4,44.0,0.05,May,2,0
0.0,5,199.5,0.01,Nov,3,0
0.0,1,7.0,0.04,Nov,5,1
0.0,9,634.2,0.008095238,Mar,1,0
0.0,36,2281.208333,0.046203704,May,4,0
0.0,6,192.875,0.016666667,Dec,20,0
105.260972,14,1957.5,0.014117647,Dec,10,1
28.05094335,8,423.0,0.025,Mar,8,1
0.0,7,639.0,0.018181818,Dec,10,0
0.0,2,44.4,0.05,Sep,5,0
0.0,69,4112.394444,0.022355057,Dec,2,0
7.802611111,45,901.9166667,0.02627451,May,6,0
0.0,15,384.0,0.014285714,Dec,2,0
0.0,45,1478.07381,0.038636364,Nov,13,0
3.333835543,126,4446.303175,0.015567766,Dec,2,0
35.25420124,83,5124.691667,0.011196593,Dec,6,0
31.90320066,53,1170.733333,0.025454545,Aug,3,1
27.287869,24,1163.266667,0.083333333,Oct,1,1
59.6118415,15,691.8333333,0.014285714,Nov,2,1
9.407538462,14,1383.5,0.030769231,May,1,1
0.0,11,151.5,0.066666667,May,6,0
0.0,4,40.5,0.05,May,3,0
0.0,12,183.625,0.027777778,Nov,2,0
0.0,1,0.0,0.2,May,3,0
0.0,18,445.0,0.003508772,Nov,3,0
0.0,29,432.0222222,0.006896552,Nov,3,0
0.0,3,66.4,0.04,Oct,3,0
0.0,62,1470.853037,0.009683372,Mar,3,0
0.0,1,0.0,0.2,Nov,11,0
0.0,11,93.5,0.107142857,Oct,3,0
4.484328486,106,4143.175238,0.03900641,Aug,1,0
0.0,2,10.0,0.033333333,Nov,2,0
0.0,27,2968.9,0.036904762,Nov,1,0
11.193,12,580.5,0.046666667,May,3,0
0.0,8,117.6666667,0.006666667,May,5,0
4.646503212,42,1610.783197,0.017794258,Dec,2,0
0.0,4,142.0,0.05,May,13,0
0.0,83,4306.612355,0.019375648,Oct,1,1
17.4767153,52,2983.358135,0.017261259,Nov,2,0
0.0,43,2797.816667,0.006666667,May,2,0
0.0,42,3436.066667,0.019480519,May,4,0
0.0,4,1440.0,0.05,May,1,0
0.0,8,163.22,0.018181818,Nov,2,0
0.0,16,866.5,0.011764706,May,2,0
0.0,25,948.3428571,0.009,Nov,3,0
0.0,2,74.0,0.15,Mar,3,0
0.0,7,191.0,0.028571429,May,2,0
140.6621366,23,736.2333333,0.013636364,Dec,11,1
0.0,29,423.1666667,0.029885057,Dec,1,0
0.0,1,0.0,0.2,May,3,0
2.973214286,50,2424.75,0.023333333,May,3,0
0.0,17,300.6666667,0.0125,May,2,0
0.0,65,1267.502814,0.021632395,Nov,10,0
0.0,47,1889.953409,0.028251029,Nov,1,0
0.0,29,598.297619,0.016666667,Mar,1,0
0.0,7,26.0,0.075,May,13,0
0.0,66,2339.805556,0.034848485,Nov,2,0
0.0,19,457.9,0.022222222,Nov,4,0
0.0,15,310.25,0.0125,Dec,2,0
0.0,2,51.0,0.05,May,7,0
0.0,11,396.5,0.007692308,Nov,8,0
0.0,19,2177.333333,0.010526316,Dec,2,0
0.0,3,44.5,0.066666667,Mar,1,0
8.833510027,264,10497.15443,0.012825542,Nov,2,0
0.0,5,331.3333333,0.096,May,4,0
0.0,7,164.5,0.008333333,May,4,0
45.8293144,44,1679.833333,0.001086957,Mar,2,1
8.069027652,80,4322.779121,0.0163943,May,2,1
0.0,29,669.9679487,0.017241379,Mar,2,0
7.734903101,42,1462.659125,0.019047619,May,4,1
2.169469761,129,3778.345,0.024611656,Oct,3,1
0.0,4,39.2,0.05,Nov,2,0
41.86896,21,998.4,0.008666667,May,4,1
0.0,14,128.0,0.028571429,Mar,2,0
0.0,8,213.5,0.05,Mar,1,0
0.0,24,602.25,0.003846154,Nov,2,0
5.214690992,95,2354.979058,0.005695387,Dec,2,0
4.84736534,20,834.075,0.013333333,Dec,2,1
0.0,4,163.0,0.1,Dec,11,0
0.0,1,0.0,0.2,Mar,2,0
0.0,8,110.0,0.0125,May,2,0
18.65333333,9,455.0,0.022222222,May,2,1
0.0,4,0.0,0.2,Dec,1,0
11.19189333,35,1916.9,0.015555556,May,3,1
0.0,23,7533.272727,0.007407407,Mar,2,0
0.0,27,1739.25,0.039506173,May,11,0
0.0,9,92.33333333,0.088888889,Nov,1,0
0.0,10,396.3452381,0.031834215,Nov,2,0
0.0,2,28.2,0.1,Jul,1,0
0.0,1,13.0,0.05,May,3,0
14.75911588,159,1905.652754,0.013428813,May,2,0
0.0,8,357.25,0.0625,Mar,3,0
0.0,25,1545.833333,0.024358974,May,2,0
0.0,85,2299.391667,0.013546798,May,3,0
0.0,23,1215.666667,0.004761905,Dec,2,0
0.0,8,119.0,0.1,May,2,0
23.32166667,32,898.1714286,0.005555556,May,2,1
0.0,1,0.0,0.2,May,2,0
0.0,8,139.0,0.05,May,3,0
0.0,14,416.6666667,0.019047619,Dec,3,0
0.0,17,559.75,0.019607843,Nov,3,0
0.0,6,64.33333333,0.006666667,May,1,0
0.0,10,210.25,0.018181818,Nov,2,0
7.468469311,27,1496.466667,0.069982363,Jul,1,0
0.0,19,345.3833333,0.005797101,Mar,8,0
0.0,6,63.5,0.016666667,May,4,0
13.78150822,53,3271.030448,0.005527012,Nov,4,0
0.0,6,66.9,0.02,Nov,2,0
0.0,109,2925.677607,0.0156734,Nov,10,0
0.0,17,1093.142857,0.02125,Mar,2,0
14.85051676,113,3770.021698,0.019004516,Dec,1,0
0.0,13,973.5,0.046153846,Mar,1,0
22.27457143,29,1137.166667,0.007142857,May,11,1
0.0,17,411.625,0.023529412,Mar,3,0
0.0,12,213.2833333,0.041666667,Aug,4,0
0.0,12,127.0,0.041666667,Mar,1,0
3.359435653,230,9648.177094,0.015486639,Nov,2,0
0.0,30,717.4666667,0.02,Jul,3,0
0.0,154,5253.069444,0.008832272,Nov,8,0
0.0,8,465.8333333,0.024242424,Mar,3,0
6.284044913,21,574.722619,0.018888889,Mar,2,1
0.0,18,346.5666667,0.062962963,Nov,2,0
0.0,8,143.25,0.05,Dec,1,0
39.59436227,29,1407.375,0.006666667,Dec,1,1
0.0,5,210.0,0.173333333,May,3,0
0.0,16,107.9291667,0.008531746,Dec,2,0
1.534835979,156,3899.001328,0.011252929,May,4,0
0.0,11,212.9166667,0.009090909,Nov,2,0
0.0,3,0.0,0.2,May,1,0
20.88414313,46,1048.107143,0.013,Dec,2,1
0.0,8,316.1333333,0.05,Jun,13,0
0.0,30,784.0833333,0.046875,Dec,13,0
0.0,19,285.6166667,0.019047619,Nov,2,0
0.0,1,0.0,0.2,Feb,3,0
0.0,28,1028.116667,0.008928571,Mar,2,0
0.0,6,203.0,0.033333333,Nov,3,0
41.67536194,16,829.0833333,0.0125,Nov,3,1
22.42576795,39,1728.25,0.019777778,Nov,2,1
0.0,8,358.0,0.075,May,2,0
0.0,3,28.0,0.025,Nov,6,0
0.0,41,1019.293939,0.05837037,May,3,0
0.0,2,135.5,0.166666667,Dec,3,0
54.07524113,59,2088.443506,0.023522862,May,3,1
0.0,11,216.0,0.036363636,May,1,0
0.0,1,0.0,0.2,Nov,8,0
0.0,10,402.6166667,0.005555556,Nov,5,0
28.16275,49,837.4166667,0.008333333,May,3,1
0.0,7,193.3333333,0.057142857,May,3,0
0.0,14,343.52,0.028571429,Jul,1,0
0.0,12,151.9,0.064444444,Mar,1,0
0.0,30,1093.175,0.028125,Dec,2,0
2.995465753,64,817.0163767,0.013814416,May,4,0
0.0,167,3890.865924,0.009653998,Jul,2,0
0.0,26,832.8333333,0.040229885,May,2,0
0.0,37,582.2666667,0.021959459,Nov,2,0
0.0,34,1540.75,0.024390244,May,3,0
14.10053333,19,4996.666667,0.026,Mar,2,1
0.0,40,1161.9,0.08,Sep,1,0
0.0,143,5149.434919,0.014489415,Nov,1,0
0.0,193,6784.671131,0.021157516,Nov,2,1
0.0,17,806.65,0.015,Jun,5,0
0.0,4,296.9166667,0.04,Dec,6,0
0.0,109,4008.578283,0.01899841,Nov,2,1
0.0,6,106.75,0.044444444,Nov,3,0
0.0,97,2865.817778,0.024205607,Oct,1,0
0.0,18,513.4666667,0.003461538,Mar,3,0
0.0,43,1770.625,0.015153664,Mar,2,0
0.0,12,687.4833333,0.0375,Nov,2,0
0.0,32,749.25,0.00625,Dec,8,0
8.781144231,48,805.0992979,0.031196581,May,2,0
0.0,10,170.0,0.1,May,3,0
0.0,18,339.75,0.00625,Nov,2,0
0.0,8,400.8,0.120833333,Feb,3,0
0.0,16,463.4166667,0.021052632,May,4,0
60.43737784,14,349.5761905,0.004761905,Nov,3,1
0.0,27,1620.024762,0.085714286,Sep,1,0
20.65287956,10,158.9733333,0.038461538,Oct,2,1
0.0,33,536.3227273,0.015853659,Dec,2,0
0.0,4,45.5,0.05,May,11,0
31.903875,32,871.8333333,0.020833333,May,3,0
0.0,12,285.68,0.038461538,Aug,3,0
0.0,3,24.0,0.04,May,2,0
0.0,13,645.5,0.004166667,May,2,0
0.0,70,2161.388889,0.017491169,Nov,2,1
0.0,63,2461.25,0.005729167,May,3,0
16.27511574,182,5402.78526,0.006829256,Dec,2,0
58.788,8,240.0,0.028571429,May,2,1
31.63684138,42,753.6373626,0.011568627,Nov,8,1
18.16617631,33,2714.958333,0.02,Dec,1,0
6.992767815,93,3009.042857,0.018145897,Dec,3,0
87.25396293,37,1048.663333,0.008695652,Nov,2,1
0.0,20,1175.488095,0.021052632,Dec,13,0
0.0,24,597.8333333,0.020833333,May,1,0
44.35972562,24,203.0677778,0.008,Jun,4,1
0.0,20,255.75,0.028421053,May,4,0
0.0,32,1028.566667,0.015625,Aug,3,0
0.0,11,253.0,0.027272727,Mar,1,0
0.0,7,999.8,0.031428571,Sep,4,0
0.0,8,142.0,0.002857143,May,4,0
0.067049546,336,12166.69424,0.012143626,Nov,2,1
0.0,35,655.6847619,0.005128205,Nov,2,0
83.93274289,17,557.4,0.011111111,Sep,2,1
0.0,4,135.5,0.05,Feb,2,0
0.0,7,934.0,0.033333333,May,13,0
0.0,1,7.0,0.0,Oct,2,0
7.248757745,48,2074.401905,0.016071429,Aug,1,0
3.691344828,27,1433.916667,0.018226601,Mar,8,1
0.0,11,720.5,0.045454545,May,2,0
16.56314545,84,2566.220887,0.007575758,Mar,2,0
17.50624004,139,3674.737578,0.011897444,Nov,10,1
0.0,2,41.5,0.1,Dec,1,0
44.67925,14,603.6666667,0.0125,Mar,7,1
20.37964966,21,2080.75,0.045192308,May,2,0
3.979543638,41,1321.322222,0.021428571,Oct,2,0
0.0,13,546.9583333,0.033846154,Dec,3,0
0.0,5,103.0,0.04,Mar,2,0
0.0,3,58.5,0.066666667,Dec,2,0
0.0,12,505.3333333,0.123412698,May,6,0
16.96317099,120,2895.129762,0.005813008,Nov,11,1
6.380862745,32,1227.047222,0.015787285,May,6,0
0.0,11,146.5,0.018181818,Nov,2,0
0.0,45,1424.839744,0.031739553,Dec,2,0
0.0,29,1073.295779,0.017471264,Dec,3,0
9.930187005,137,3909.36829,0.005055944,Mar,2,0
0.0,17,1356.0,0.035294118,May,3,0
0.0,54,1975.455952,0.016049383,Nov,2,0
0.0,54,1547.477273,0.017333333,Nov,2,1
0.975803268,72,3220.887143,0.061688596,Oct,1,0
41.13336886,30,1682.275,0.014285714,Dec,2,1
0.0,6,67.0,0.05,Jul,1,0
0.0,69,2222.419048,0.01496142,Oct,2,0
0.0,125,1935.335516,0.008031496,Nov,3,0
0.0,2,5.0,0.1,Nov,5,0
0.0,1,0.0,0.2,May,1,0
0.0,4,478.0333333,0.047619048,Nov,2,0
0.0,4,59.4,0.028571429,Nov,2,0
0.0,2,34.5,0.1,Nov,3,0
0.0,8,135.0666667,0.005128205,Jun,5,0
23.83323089,20,917.35,0.008333333,Mar,2,1
0.0,5,74.0,0.08,May,13,0
0.0,16,381.6865079,0.046568627,Feb,1,0
0.0,72,1781.191667,0.015174871,Nov,8,0
0.0,24,515.5757576,0.003703704,Mar,2,0
0.0,13,635.3333333,0.009090909,Mar,1,0
0.0,7,380.0,0.074285714,May,1,0
0.0,11,399.6666667,0.072727273,May,2,0
0.0,1,0.0,0.2,Jun,1,0
0.0,15,710.25,0.011111111,Dec,8,0
0.0,19,887.8,0.032679739,Nov,3,0
0.0,6,262.0,0.018181818,May,2,0
11.27445733,51,1693.633333,0.014814815,Nov,2,0
0.0,29,2374.5,0.002298851,Nov,2,0
21.39566828,36,1930.410714,0.018083333,Nov,2,1
0.0,2,12.0,0.1,May,3,0
0.0,13,177.7333333,0.03125,May,4,0
12.53314286,16,315.1666667,0.016666667,Mar,3,1
39.81885714,16,1280.166667,0.004761905,May,4,1
0.0,1,0.0,0.2,Aug,13,0
0.0,3,52.4,0.04,Sep,5,0
0.0,12,286.0,0.014285714,Mar,2,0
0.0,11,2028.5,0.036363636,May,4,0
0.0,4,207.9333333,0.04,Jul,20,0
0.0,9,1176.5,0.0125,Dec,2,0
0.0,0,0.0,0.2,Nov,15,0
0.0,7,71.6,0.071428571,Nov,4,0
40.7932,13,509.1214286,0.002222222,Mar,2,1
0.0,13,1507.333333,0.028125,Mar,2,0
0.0,3,53.0,0.088888889,Nov,2,0
0.0,7,182.0,0.071428571,Mar,13,0
42.50333333,28,2228.516667,0.008024691,May,2,0
0.0,141,2834.697619,0.020551802,Nov,2,0
0.0,7,355.6666667,0.038095238,May,2,0
0.0,1,0.0,0.2,May,3,0
0.0,15,810.3333333,0.020512821,Nov,11,0
0.0,8,190.1590909,0.055357143,Dec,3,0
13.63692586,62,1288.130556,0.009071038,Nov,3,1
0.0,8,95.0,0.027272727,May,2,0
0.0,6,384.0,0.025,Mar,2,0
0.0,4,109.5,0.013333333,Oct,2,0
0.0,9,668.0,0.022222222,Nov,6,0
0.0,33,1039.766667,0.02027027,Mar,2,0
0.0,31,731.0,0.005882353,Dec,2,0
0.0,28,818.7916667,0.003448276,Mar,2,0
3.998184141,101,7220.776667,0.013366013,Nov,3,1
0.0,9,115.5,0.018181818,May,3,0
0.0,68,2614.209722,0.006942149,Nov,3,0
0.0,5,29.0,0.04,Mar,2,0
0.0,4,76.75,0.016666667,Nov,2,1
10.83431037,12,663.5,0.016666667,Mar,8,1
0.0,24,368.6,0.008888889,Sep,2,0
0.0,17,289.5555556,0.031372549,Dec,10,0
0.0,11,782.5,0.01,Dec,2,0
0.0,32,2371.122222,0.012903226,Nov,2,0
0.0,2,54.0,0.033333333,Nov,10,0
10.73461716,34,1466.088462,0.024345679,Nov,8,1
0.0,6,93.0,0.083333333,Nov,13,0
83.96813664,62,1524.962997,0.003266621,Nov,2,1
0.0,15,1733.666667,0.026666667,Mar,2,0
54.85543,15,708.5333333,0.04,Mar,2,0
6.871308983,83,2585.61835,0.00761877,Mar,2,1
0.0,6,254.0,0.0875,Mar,10,0
12.5740183,49,3346.969048,0.008471594,Nov,2,0
0.0,31,1470.208333,0.012222222,Nov,8,1
5.62486136,38,1323.093695,0.012865853,Sep,2,0
0.0,6,364.5,0.072222222,May,3,0
0.0,22,382.4902597,0.009591837,May,2,0
9.417272131,47,1813.86461,0.019090804,May,6,0
1.18073661,218,8205.68794,0.039663918,Nov,3,1
0.0,12,189.6666667,0.028205128,May,1,0
0.0,9,116.6666667,0.006666667,May,1,0
0.0,4,104.0,0.05,May,2,0
0.0,1,0.0,0.2,Mar,3,0
0.0,54,2407.322811,0.010418719,May,4,0
0.0,7,34.0,0.142857143,May,13,0
0.0,9,1397.666667,0.027777778,Nov,2,0
51.03362522,30,964.4666667,0.003571429,Oct,2,1
0.0,16,301.3333333,0.088888889,Nov,2,0
9.078681618,63,2801.131746,0.012987013,Nov,2,1
0.0,24,583.0833333,0.007692308,Nov,2,0
0.0,5,126.0833333,0.053333333,Nov,13,0
0.0,36,766.2166667,0.001851852,Dec,2,0
0.0,12,198.0,0.075,Mar,2,0
0.0,9,69.75,0.122222222,Dec,3,0
0.0,29,2841.0,0.024137931,May,4,0
0.0,10,242.5833333,0.026666667,Dec,2,0
14.50274386,26,1198.024145,0.03,Nov,2,0
0.0,17,722.0833333,0.029411765,Dec,1,0
0.0,112,4509.823016,0.019960276,May,3,0
9.581162201,33,2070.616667,0.020720721,Nov,3,1
4.745736842,36,1775.516667,0.0089599,Mar,10,1
0.0,45,2007.522619,0.018657031,Nov,2,0
0.0,10,279.7666667,0.033333333,Oct,4,0
39.6497508,15,89.38333333,0.0125,Oct,2,1
0.0,3,1952.5,0.122222222,Nov,1,0
0.0,10,355.0,0.016666667,May,2,0
0.0,9,123.1666667,0.077777778,Nov,3,0
0.0,3,190.0,0.1,Mar,1,0
0.0,38,314.8333333,0.031578947,May,3,0
0.0,79,4218.916667,0.028846154,Dec,1,0
4.760548596,37,2368.111111,0.053240741,Nov,1,0
0.0,24,610.6333333,0.020833333,Nov,2,1
0.0,8,116.0,0.1,Mar,1,0
0.0,10,244.6666667,0.065,Dec,1,0
0.0,20,644.4,0.007777778,Mar,3,0
0.0,4,34.0,0.15,Mar,1,0
0.0,41,979.375,0.009302326,Nov,2,0
0.0,1,8.0,0.066666667,Nov,2,0
0.0,128,1799.144235,0.020182874,May,13,0
1.589329821,216,7761.034859,0.022135148,Nov,2,1
0.0,7,267.0,0.033333333,May,1,0
8.480846261,40,778.8333333,0.009469697,Aug,4,0
71.944,16,502.5,0.00952381,May,3,1
75.50833257,9,219.25,0.033333333,Dec,2,1
0.0,20,248.4166667,0.033684211,May,13,0
0.0,99,2622.600281,0.028519936,Nov,13,1
0.0,38,1035.935714,0.05272284,May,1,0
0.0,87,4131.156044,0.037080939,Sep,3,0
30.52636364,20,1180.0,0.009090909,May,3,1
0.0,21,608.3033333,0.026666667,Sep,2,0
0.0,2,112.8,0.025,Aug,1,0
4.083948025,221,6606.726779,0.016561375,Oct,1,1
0.0,18,481.4,0.091604938,Aug,3,0
0.0,12,547.3333333,0.033333333,Mar,3,0
0.0,37,1358.75,0.03245614,Mar,1,0
0.0,57,1315.455182,0.009501916,Nov,2,1
41.64625944,18,1372.975,0.017391304,Dec,6,1
0.0,20,537.625,0.01,Dec,20,0
0.0,81,4272.607937,0.018627451,Nov,2,0
0.0,2,11.0,0.1,Jul,1,0
0.0,7,188.0,0.033333333,Mar,8,0
109.176,17,840.2333333,0.001666667,Mar,2,1
31.99181419,17,284.7833333,0.022727273,Oct,2,1
0.0,22,431.0833333,0.022727273,May,13,0
1.809360775,119,1243.180556,0.007668207,May,2,0
0.0,1,0.0,0.2,Nov,1,0
0.0,20,1008.5,0.12,Dec,1,0
0.0,24,762.3333333,0.058974359,May,3,0
6.831792392,36,1626.625433,0.026186255,Mar,3,0
0.0,13,437.25,0.102564103,Mar,3,0
0.0,3,90.0,0.066666667,Mar,10,0
0.0,7,50.5,0.028571429,Mar,3,0
27.07791667,24,2174.375,0.017460317,Mar,1,0
0.0,18,490.0666667,0.013333333,Mar,1,0
0.0,1,0.0,0.2,May,3,0
0.0,2,12.0,0.1,Dec,13,0
0.0,12,349.0,0.088888889,May,13,0
0.0,2,0.0,0.1,Sep,3,0
0.0,100,2463.244841,0.014944594,May,4,0
0.0,18,1716.373333,0.016666667,Jul,1,0
0.0,18,567.75,0.034586466,May,4,0
0.0,20,655.0416667,0.023928571,Dec,2,0
0.0,3,8.0,0.133333333,Mar,3,0
7.891171006,62,3120.211102,0.017396907,Mar,10,0
0.0,2,22.0,0.1,Nov,3,0
0.0,16,1037.819444,0.028125,Nov,8,0
0.0,10,60.5,0.04,Mar,1,0
0.0,22,244.2,0.063636364,Aug,1,0
0.0,10,262.5,0.02,May,2,0
0.0,4,98.25,0.025,Nov,10,0
0.0,13,1245.25,0.015384615,Dec,2,0
0.0,25,389.4107143,0.014102564,Dec,2,0
0.0,18,2199.972222,0.016825397,May,2,0
0.0,15,181.5,0.05,May,3,0
0.0,62,1003.965152,0.039110006,Mar,1,0
2.852036737,79,1854.26,0.06880303,Jul,1,0
0.0,24,255.3222222,0.038888889,May,1,0
65.4726506,15,766.8238095,0.0,Aug,1,1
0.0,11,220.9666667,0.029487179,May,6,0
0.0,37,1113.898538,0.030296143,Nov,2,0
0.0,4,28.0,0.05,May,1,0
0.0,2,299.5,0.05,Nov,2,0
0.0,72,2129.333333,0.01875,May,6,0
0.0,12,231.75,0.016666667,Nov,1,0
0.0,27,780.1666667,0.022222222,Mar,2,0
0.0,12,548.1666667,0.071666667,Nov,3,0
0.0,9,113.0,0.088888889,May,6,0
0.0,3,190.0,0.066666667,Mar,3,0
0.0,4,69.0,0.05,Mar,2,0
0.0,44,2588.154762,0.027272727,Dec,1,0
0.0,25,1235.65,0.05327381,Mar,3,0
0.0,22,326.5833333,0.066666667,Mar,3,0
0.0,68,2162.657393,0.02055132,Dec,2,0
0.0,1,0.0,0.2,May,13,0
0.0,55,1042.242857,0.002222222,Mar,2,0
0.0,3,161.0,0.066666667,Mar,1,0
0.0,52,1761.156667,0.018312757,Sep,1,0
0.0,1,0.0,0.2,Dec,1,0
0.0,13,155.9833333,0.037777778,Dec,2,0
0.0,15,715.875,0.052631579,Dec,2,0
0.0,2,37.5,0.033333333,Mar,3,0
0.0,30,2445.066667,0.026888889,Dec,3,0
0.0,19,696.875,0.035087719,Dec,2,0
17.76266667,16,2337.0,0.013333333,Mar,1,1
0.0,6,286.2,0.022222222,Aug,1,0
0.0,3,52.0,0.066666667,Mar,3,0
4.528329755,105,4434.281746,0.029692564,Dec,1,0
0.0,10,1186.6,0.08,Aug,3,0
0.0,26,694.3,0.036410256,Mar,3,0
0.0,0,0.0,0.2,May,2,0
0.0,9,724.76,0.022380952,Sep,4,0
0.0,11,362.6,0.004761905,Sep,4,0
0.0,20,1078.583117,0.025925926,Dec,2,0
83.80837784,32,905.1,0.0,Oct,2,1
0.0,12,260.0,0.083333333,May,1,0
68.1974018,9,436.0,0.025,Dec,2,1
0.0,125,7453.766667,0.013132473,Nov,2,0
0.255191489,88,3827.753571,0.007269504,May,6,0
0.0,48,1142.666667,0.00625,May,3,0
0.0,8,244.0,0.075,Mar,3,0
0.0,43,2365.429545,0.013043478,Nov,10,0
10.3889438,30,1076.958333,0.022857143,Nov,3,1
0.0,44,1975.825,0.032142857,Dec,1,0
0.0,22,1671.375,0.040555556,Nov,8,0
5.150260109,68,2664.416667,0.005633803,Sep,5,0
25.12339065,33,1051.125,0.010526316,Nov,11,1
5.915342917,120,2872.719031,0.011948854,Aug,1,0
0.0,6,102.0,0.057142857,May,3,0
0.0,15,643.5,0.005882353,Sep,5,0
2.038399449,178,6241.687398,0.016885589,Nov,10,1
0.0,1,0.0,0.2,Mar,1,0
0.0,16,885.75,0.025,Dec,2,0
0.0,31,916.625,0.034935897,Dec,1,0
0.0,167,8701.851617,0.012477354,Nov,2,0
0.0,13,362.5,0.003921569,May,2,0
0.0,19,569.5138889,0.03034188,May,3,0
0.0,4,66.5,0.025,Dec,10,0
0.0,16,503.0,0.037647059,Nov,1,0
0.0,69,2077.806007,0.018561873,Nov,2,0
0.0,30,1281.0,0.02,Mar,1,0
35.34967016,4,72.0,0.0,Sep,2,1
0.0,7,634.1666667,0.015384615,Mar,2,0
0.0,40,1473.658333,0.031153846,Nov,10,0
0.0,79,2693.582331,0.003430424,Dec,2,0
0.0,97,1589.183333,0.014967419,May,3,0
0.0,17,538.9666667,0.021929825,May,4,0
9.702113281,45,2502.966667,0.008510638,Mar,2,0
0.0,4,145.8333333,0.016666667,Mar,1,0
0.0,3,39.0,0.022222222,Mar,3,0
0.0,15,270.0,0.035714286,Mar,1,0
0.0,11,228.6666667,0.03,May,3,0
0.0,5,1306.0,0.12,Mar,13,0
32.88667049,31,1359.957586,0.003655914,Dec,2,0
10.51809524,22,892.0,0.00952381,May,4,1
0.0,16,980.25,0.04,Mar,3,0
0.0,7,701.0,0.057142857,May,4,0
6.189215434,153,4565.930621,0.006432173,Aug,1,1
0.0,15,936.1666667,0.09375,Mar,1,0
7.059929851,124,3197.290064,0.01989345,Nov,2,0
0.0,6,892.0,0.018518519,Mar,3,0
0.0,5,25.0,0.16,May,6,0
0.0,9,136.2833333,0.027272727,Jun,2,0
0.0,44,1236.638095,0.014728682,Dec,2,0
11.01940759,82,1853.286538,0.015957265,Dec,2,0
0.0,46,1103.916667,0.004081633,May,4,0
23.76322043,40,673.65,0.014634146,Nov,3,1
0.0,32,478.5,0.077843137,May,6,0
0.0,10,341.25,0.030555556,Nov,10,0
0.0,5,82.0,0.12,May,3,0
0.0,8,127.6666667,0.005,May,2,0
0.0,28,866.0,0.02183908,Mar,1,0
0.0,260,8555.765985,0.017330846,Nov,2,1
0.0,51,1364.266667,0.011987179,Nov,2,0
42.03044096,5,277.5,0.04,Nov,2,1
59.96777143,32,1038.797619,0.015714286,May,2,1
0.0,1,0.0,0.093333333,Sep,6,1
0.0,40,1090.566667,0.041198413,May,6,0
0.0,19,536.2666667,0.068170426,May,6,0
0.0,18,884.6333333,0.041140351,Mar,10,0
0.0,12,265.1666667,0.026111111,Feb,3,0
0.0,2,11.1,0.04,Oct,5,0
0.0,3,74.0,0.02,May,2,0
0.0,36,777.2175325,0.018068783,May,3,0
0.0,10,165.0,0.046666667,Nov,2,1
5.24475,24,777.0,0.045833333,May,13,0
0.0,13,231.5,0.023076923,May,1,0
0.0,24,377.5,0.02,May,3,0
0.0,67,1783.122222,0.005855856,May,4,0
1.444763592,30,1737.016667,0.048357964,Jun,3,0
0.0,7,176.3333333,0.011111111,May,13,0
0.0,5,96.5,0.04,Mar,3,0
0.0,80,1903.081639,0.032248996,Dec,2,0
0.0,7,242.75,0.047619048,Nov,11,0
7.25975,41,1705.041667,0.023982684,May,2,0
0.0,10,198.75,0.04,Nov,20,0
0.0,2,145.5,0.05,Nov,2,0
18.99561538,22,2297.801282,0.017435897,May,13,1
0.0,9,587.25,0.041666667,Dec,8,0
0.0,19,1124.888889,0.028229665,Nov,2,0
0.0,9,154.0,0.030769231,May,1,0
0.0,58,3757.75,0.038418079,Nov,1,1
0.0,0,0.0,0.033333333,Nov,6,0
0.0,49,1023.96,0.057823129,Aug,3,0
0.0,27,925.2933333,0.030687831,Jun,4,0
0.0,28,683.3,0.089285714,Jun,1,0
0.0,5,298.0,0.028571429,Feb,4,0
16.10052632,15,557.3333333,0.012631579,May,5,1
0.0,1,0.0,0.2,Nov,2,0
0.0,85,1558.529048,0.024257028,Aug,3,0
0.0,78,3098.992857,0.022124542,May,13,0
21.23960367,47,1366.058333,0.034751773,Dec,2,0
0.0,46,2183.8875,0.010638298,Nov,8,1
0.0,6,1054.3,0.1,Jul,3,0
0.0,10,177.5833333,0.018181818,Nov,2,0
6.135982448,73,2784.8,0.015317559,Nov,2,0
0.0,6,170.8333333,0.007142857,Mar,1,0
0.0,6,737.75,0.008333333,Nov,2,0
103.0610827,13,1314.083333,0.008333333,Dec,20,1
14.63523974,22,681.58,0.025396825,Nov,3,1
16.77416803,2,49.4,0.033333333,Oct,2,1
0.0,9,125.2666667,0.103703704,Oct,4,0
0.0,3,36.0,0.033333333,Mar,2,0
0.0,18,2269.336111,0.017160494,Nov,2,0
0.0,55,946.3636364,0.025454545,Nov,1,0
0.902835681,67,2421.060623,0.005379499,May,2,0
0.0,20,457.5833333,0.044444444,May,4,0
0.0,45,580.9357143,0.005,Aug,2,0
2.050814516,60,2818.094444,0.018387097,May,2,0
0.0,13,700.55,0.005882353,Jul,2,0
0.0,13,392.0,0.026923077,May,13,0
0.0,56,1246.919048,0.005367521,Mar,3,0
0.0,2,5.0,0.1,Mar,1,0
0.0,3,780.0,0.066666667,Feb,3,0
0.0,1,43.0,0.1,May,2,0
0.408238132,74,1146.469048,0.031306306,Nov,1,0
0.0,21,1030.0,0.025,Dec,1,0
0.0,21,1277.833333,0.036956522,May,6,0
0.0,1,0.0,0.2,Dec,3,0
8.665280918,182,9951.359644,0.021183788,Nov,2,1
0.0,5,109.0,0.015384615,Nov,2,1
0.0,21,2179.666667,0.002105263,May,2,0
0.0,15,612.0,0.013333333,Nov,2,0
0.0,16,164.8133333,0.05991342,Oct,5,0
0.0,16,666.1,0.014285714,Mar,2,0
55.01131298,118,3903.167094,0.012520167,Nov,2,1
0.0,2,37.5,0.04,Nov,2,0
0.0,7,1859.5,0.057142857,May,6,0
0.0,57,4115.233333,0.018421053,May,13,0
0.0,8,311.25,0.01,Nov,10,0
0.0,3,0.0,0.2,Nov,6,0
0.0,25,375.6,0.004,May,4,0
12.80819078,58,1436.690476,0.008231293,Dec,1,0
0.0,8,129.0,0.1,May,3,0
0.0,2,0.0,0.2,May,1,0
0.0,11,197.5,0.025,May,3,0
0.0,31,804.0430818,0.002090109,Jun,3,0
0.0,22,185.25,0.075757576,Nov,1,0
41.2169154,27,760.7708333,0.012941176,Nov,10,1
0.0,3,23.0,0.066666667,Nov,3,0
0.0,86,2806.846825,0.004061303,Oct,3,0
31.75846154,25,2454.45,0.015384615,May,6,1
0.0,37,511.1666667,0.036936937,May,13,0
0.0,7,155.0,0.1,May,4,0
86.79082569,139,3891.214286,0.011184211,Dec,6,0
0.0,9,326.0,0.055555556,May,2,0
0.0,25,317.5,0.031944444,May,6,0
0.0,29,1049.313889,0.054241071,Nov,2,0
30.80927957,87,1363.263492,0.008090118,May,2,1
26.18852293,16,2059.3,0.027777778,Jul,1,1
0.0,91,2058.534091,0.038816034,May,13,0
0.0,1,0.0,0.2,May,3,0
0.0,5,128.0,0.04,Nov,1,0
0.0,2,689.1,0.016666667,Aug,5,1
0.0,34,762.5,0.013513514,May,4,0
0.0,1,0.0,0.2,May,3,0
0.0,12,299.2666667,0.030769231,Sep,6,0
0.0,2,4.0,0.1,Mar,1,0
37.96905976,8,170.5333333,0.0,Aug,5,1
0.0,10,249.5,0.02,Dec,8,0
0.0,11,201.1333333,0.02,Jun,1,0
0.0,13,173.0,0.017777778,May,2,0
0.0,6,83.0,0.1,May,6,0
0.0,4,46.25,0.1,Nov,2,1
6.887181233,48,691.95,0.021380952,Oct,1,0
0.0,3,65.0,0.177777778,May,1,0
23.51599702,24,1737.0,0.015172414,Nov,10,1
16.43725303,27,1171.471429,0.019152047,Nov,5,0
0.0,23,790.1666667,0.026086957,May,13,0
0.0,86,2106.894048,0.008914729,Nov,2,0
92.9041786,16,2214.666667,0.003921569,Oct,2,1
0.0,1,0.0,0.2,Mar,1,0
0.0,9,258.2916667,0.022222222,Nov,2,0
0.0,29,1089.0,0.013793103,Mar,1,0
0.0,33,880.6333333,0.034117647,Dec,3,0
0.0,91,2056.106981,0.023937057,Nov,2,0
19.23268976,25,1074.683333,0.01875,Nov,4,0
0.0,35,1742.883333,0.041142857,May,4,0
0.0,2,0.0,0.2,May,13,0
0.0,9,205.0833333,0.044444444,Dec,2,0
27.89977528,81,1141.061905,0.004809853,May,3,0
0.0,2,0.0,0.2,Nov,3,0
0.0,98,3653.641667,0.0296601,Nov,2,0
0.0,23,1434.908333,0.030952381,Dec,2,0
0.0,14,1261.316667,0.009183673,Aug,5,0
116.3378652,14,398.9791667,0.014285714,Dec,20,1
0.0,3,0.0,0.2,Jun,1,0
0.0,7,232.6666667,0.014285714,Mar,2,0
11.71746761,168,4316.262171,0.018670927,Jul,1,0
0.0,1,343.0,0.066666667,Nov,3,0
0.0,8,413.0,0.0125,Sep,3,0
0.0,57,1091.005876,0.027875244,Nov,2,0
0.0,44,1256.825,0.0,Nov,5,0
0.0,3,46.75,0.066666667,Nov,10,0
0.0,24,1017.775758,0.049224806,Nov,20,0
0.0,45,1739.25,0.0178,Dec,1,0
0.0,5,73.0,0.08,May,3,0
0.0,14,1049.05,0.016666667,Nov,20,0
37.02263046,18,628.5833333,0.012698413,Nov,3,1
8.27583441,88,2638.244429,0.022464739,Nov,10,0
18.99269231,36,1100.916667,0.015262515,May,2,0
11.51923077,25,1194.5,0.007692308,May,2,1
0.0,21,595.75,0.076190476,Dec,1,0
0.0,37,907.5,0.021621622,Nov,8,0
0.0,27,652.7,0.02962963,Jul,1,0
17.527656,47,1882.113409,0.019314286,Mar,3,0
26.27933158,70,961.5493506,0.013089192,May,3,1
12.48912129,40,1159.5671,0.016324111,Dec,2,0
0.0,9,1261.7,0.05,Aug,5,0
12.08836478,64,5738.902193,0.020187793,Oct,13,1
0.0,4,110.5,0.011111111,Mar,2,0
0.0,7,151.5,0.028571429,May,4,0
0.0,2,0.0,0.2,Dec,1,0
0.0,4,910.0,0.025,Mar,10,0
0.0,33,1310.472222,0.044312169,May,4,0
0.0,3,16.0,0.066666667,May,1,0
0.0,10,108.0,0.074,May,19,0
0.0,2,0.0,0.2,May,13,0
0.0,4,298.0,0.15,Mar,13,0
0.0,2,0.0,0.2,Nov,1,0
0.0,36,983.425,0.010526316,Aug,6,0
0.0,16,156.5333333,0.04375,Mar,3,0
0.0,20,1052.833333,0.015789474,Nov,3,0
6.80128988,11,259.5533333,0.05,Oct,2,0
5.329743627,79,1828.884048,0.01252331,Oct,2,0
0.0,5,95.0,0.12,Mar,1,0
0.0,26,364.6666667,0.086538462,May,13,0
22.9772856,18,1014.2,0.02,Nov,13,1
0.0,22,615.0666667,0.036,Oct,1,0
0.0,16,385.5,0.0125,Dec,1,0
0.0,12,99.0,0.192307692,May,13,0
8.466384757,114,4269.493146,0.016980377,Nov,1,0
0.0,10,123.0,0.02,May,3,0
64.788,8,149.0,0.033333333,May,2,1
17.98756852,58,1200.5,0.017816092,Dec,6,0
0.0,73,3324.597222,0.040273973,Nov,13,1
69.46239458,15,276.7333333,0.021052632,Oct,4,1
0.0,6,186.0,0.072222222,May,3,0
0.0,4,38.3,0.066666667,Nov,5,0
0.0,29,1904.541667,0.026060606,Nov,8,1
0.0,2,40.0,0.1,May,4,0
0.0,2,162.0,0.05,May,4,0
0.0,152,4251.74125,0.009780702,Nov,10,1
0.0,4,95.0,0.033333333,Nov,2,0
0.0,93,4261.842857,0.021080839,Mar,1,0
29.31555556,9,464.0,0.022222222,May,2,1
0.0,48,1085.078571,0.013690476,May,3,0
0.0,79,2663.583333,0.017088608,Nov,1,1
0.0,8,158.5,0.05,Mar,3,0
0.0,21,1535.0,0.048333333,Nov,3,0
0.0,19,512.0666667,0.033333333,May,4,0
0.0,7,611.0833333,0.016666667,Dec,8,0
0.0,8,1340.3,0.025,Sep,4,0
0.0,24,348.0333333,0.111111111,Oct,3,0
0.0,5,180.5,0.033333333,Dec,20,0
7.201209277,125,7444.938071,0.022385989,Nov,2,1
0.0,6,183.875,0.014285714,Dec,2,0
0.0,22,525.2666667,0.007709751,Mar,1,0
0.0,15,814.0,0.053846154,Nov,1,0
0.0,22,1344.75,0.048447205,Nov,8,0
0.0,8,221.0,0.025,Dec,1,0
0.0,21,704.3,0.018478261,Dec,2,1
0.0,62,4391.666667,0.014814815,Jun,1,0
0.0,14,338.7916667,0.025,Dec,3,0
46.21605051,35,1136.083333,0.013157895,Nov,3,1
0.0,7,186.0,0.033333333,Nov,2,0
0.0,15,2190.666667,0.004444444,Mar,8,0
0.0,55,1728.025397,0.071645022,May,6,0
6.190582078,55,1139.638889,0.03245614,Dec,10,0
8.54525,27,880.8,0.020192308,May,2,1
1.680318841,65,1476.5,0.059661836,May,1,0
0.0,12,1952.75,0.068333333,Nov,1,0
0.0,8,125.0,0.025,May,1,0
0.0,15,608.4166667,0.035294118,Mar,3,0
53.22881633,50,2617.233333,0.001360544,May,2,1
20.88818182,22,428.45,0.012878788,May,2,1
0.0,16,534.9166667,0.02125,May,3,0
0.0,5,93.5,0.013333333,May,13,0
0.0,25,402.0430403,0.02202381,Nov,10,1
0.0,18,762.2380952,0.002352941,Nov,2,0
0.0,63,1021.0,0.059895833,May,3,0
0.0,2,27.5,0.1,Nov,1,0
0.685335799,255,8467.584379,0.025016422,Jun,3,0
0.0,19,1666.75,0.021052632,Nov,20,0
0.0,17,477.7166667,0.0,Sep,2,0
0.0,8,372.25,0.00952381,Dec,8,0
0.513385987,149,4107.119658,0.013305319,May,1,0
0.0,35,776.0190476,0.005714286,Mar,2,0
0.0,12,440.75,0.041666667,Dec,1,0
7.296889074,78,5097.41833,0.030390424,Nov,2,1
0.0,3,27.0,0.1,May,3,0
0.0,20,331.8914286,0.004761905,Aug,1,0
0.0,16,672.8794872,0.029027611,May,3,0
0.0,1,0.0,0.2,Mar,1,0
0.0,1,0.0,0.2,Nov,2,0
0.0,41,4270.141667,0.027160494,Mar,1,0
0.0,27,857.1833333,0.017283951,Nov,10,0
0.0,38,1689.708333,0.0295,Nov,13,0
0.0,18,644.125,0.021924603,Mar,10,0
0.0,11,394.8,0.027272727,Nov,13,0
3.332333333,43,3266.127778,0.043712341,Mar,10,0
0.0,28,475.025,0.000446429,Nov,10,0
0.0,26,409.3,0.038461538,Jul,1,0
0.0,6,224.0,0.016666667,May,2,0
0.714623214,11,605.6166667,0.008888889,Jun,2,1
0.0,20,651.4,0.004166667,Mar,2,0
0.0,14,306.5,0.004444444,Mar,2,0
0.0,3,60.6,0.033333333,Oct,6,0
0.0,84,1893.619048,0.030138889,Oct,3,0
0.0,5,454.0,0.05,Mar,6,0
0.0,5,28.25,0.093333333,Nov,2,0
0.0,10,60.0,0.04,May,4,0
0.0,37,2767.753333,0.015,Nov,2,0
0.0,43,2209.554876,0.022317022,Dec,2,0
0.0,46,2756.19246,0.01765792,Nov,2,0
40.4014481,12,846.25,0.018181818,Dec,6,1
3.920321611,85,2155.653752,0.019225201,Nov,2,1
0.0,12,640.375,0.041538462,Dec,1,0
1.288569678,54,2214.230303,0.031076389,Oct,1,0
0.0,3,79.5,0.066666667,Dec,2,0
0.0,8,123.0,0.029166667,Nov,11,0
0.0,19,924.3333333,0.004761905,Mar,2,0
0.0,21,642.4642857,0.057142857,Dec,2,0
0.0,49,2259.047619,0.034693878,Nov,1,0
3.296827304,25,528.9666667,0.037179487,Jun,3,0
0.0,3,43.4,0.066666667,Sep,4,0
28.79847144,126,6085.002381,0.004264323,Nov,2,1
0.0,8,1261.5,0.01,Dec,2,0
0.0,42,3127.078788,0.021287825,Nov,2,0
0.0,1,0.0,0.2,Jun,5,0
0.0,37,747.48,0.052845528,Jul,3,0
0.0,1,0.0,0.2,May,13,0
0.0,50,3002.902778,0.013611111,Nov,2,0
29.76290794,48,1256.291667,0.016570513,Nov,2,0
8.052496178,52,591.1542063,0.011448413,Jul,3,0
0.0,11,169.1666667,0.036363636,Oct,1,0
64.6,10,386.15,0.015384615,Mar,8,1
0.0,68,2889.946154,0.008789401,Jun,1,0
0.0,16,672.5,0.025925926,Mar,2,0
0.0,8,227.1,0.066666667,Aug,13,0
11.43180835,102,3025.290325,0.019800052,Sep,2,0
0.384720286,67,1784.755219,0.001928521,Sep,2,0
0.0,5,63.4,0.028571429,Jul,2,0
26.18180656,8,278.58,0.01,Jul,2,0
30.4615873,62,2414.9,0.002222222,May,2,1
0.0,30,469.1,0.015,Jul,4,0
0.0,72,2494.8171,0.013842593,Nov,11,0
0.0,61,1617.519048,0.030295699,Nov,2,0
0.0,1,0.0,0.2,Dec,1,0
0.0,29,386.2621212,0.000666667,Nov,2,0
0.0,9,198.8333333,0.006060606,Mar,2,0
0.0,1,0.0,0.2,Mar,1,0
0.0,1,0.0,0.2,Dec,1,0
0.0,12,1437.75,0.066666667,Nov,1,0
0.0,6,231.8,0.066666667,Oct,2,0
0.0,3,80.0,0.133333333,Feb,3,0
0.0,449,63973.52223,0.02770134,Dec,2,0
0.0,9,232.31,0.028717949,Oct,2,0
6.147633803,65,2091.662821,0.030146368,May,4,0
0.0,94,4698.796429,0.017659574,Nov,2,0
0.0,10,249.0,0.064,Nov,3,0
0.0,40,974.0833333,0.028205128,Nov,3,0
0.0,12,483.2916667,0.041666667,Dec,1,0
0.0,19,500.7880952,0.017105263,May,4,0
0.0,22,1632.533333,0.025,Dec,2,0
0.0,12,279.547619,0.019047619,Nov,3,0
0.0,20,562.0071429,0.00125,Nov,3,0
0.0,1,0.0,0.2,Nov,20,0
5.689554113,24,1192.5,0.033760684,May,7,0
0.0,68,2593.741667,0.012843137,Mar,8,0
0.0,2,28.0,0.04,Nov,2,0
4.873969358,64,2121.304304,0.018007866,May,4,0
0.0,3,33.33333333,0.030555556,Nov,10,1
3.996742423,120,7604.397831,0.030675226,Jul,1,1
0.0,44,844.9416667,0.015925926,Dec,10,0
0.0,14,380.5,0.028571429,Feb,1,0
0.0,126,4558.372222,0.00620155,Nov,2,0
1.119759036,74,3615.889239,0.016930138,May,1,0
3.730318306,200,8336.039583,0.017597513,Nov,1,1
0.0,3,0.0,0.2,Mar,1,0
0.0,13,293.0,0.014285714,Mar,10,0
0.0,2,0.0,0.2,Mar,1,0
0.0,2,32.0,0.1,Feb,3,0
0.0,85,3344.958929,0.012754534,Dec,3,0
0.0,2,22.0,0.1,Mar,1,0
0.0,237,8956.097502,0.012109705,Nov,2,0
0.0,13,197.2,0.038461538,May,3,0
0.0,5,234.9666667,0.033333333,May,13,0
0.0,40,962.3333333,0.01625,Mar,1,0
0.0,74,3109.404167,0.042859175,Nov,2,0
0.0,35,869.0611111,0.00617284,May,2,0
19.74930078,13,1036.53178,0.048235852,Nov,4,0
6.693658292,68,1664.14881,0.021846847,Dec,2,1
38.60204838,55,3328.903752,0.014212018,Nov,2,0
0.0,17,582.4,0.071111111,May,13,0
0.0,24,304.5230769,0.007993197,May,2,0
0.0,4,112.0,0.075,May,3,0
0.0,4,52.0,0.025,Mar,2,0
66.57412378,84,3646.083333,0.016803503,Nov,2,0
16.74209908,73,3059.013889,0.024897119,Nov,2,1
2.3976,17,372.8,0.026428571,Mar,1,0
3.97647235,58,2153.71859,0.012156298,May,2,0
0.0,31,1350.258333,0.023870968,Dec,2,0
0.0,35,643.05,0.015789474,Oct,4,0
15.15643787,47,1480.233333,0.027824074,Nov,3,1
10.02470626,11,353.9,0.04375,Oct,1,0
39.03580426,37,1500.422543,0.015338753,Mar,2,0
0.0,3,55.0,0.1,Feb,3,0
0.0,34,456.525,0.03030303,Nov,1,0
0.0,12,205.9761905,0.024358974,Mar,1,0
0.0,154,8038.325302,0.027963219,May,5,0
111.2629939,32,1443.641667,0.010784314,Nov,2,1
125.961749,10,208.0,0.022222222,Dec,2,1
33.86849093,71,2426.791667,0.010810811,Nov,8,1
0.602232815,81,2628.0,0.012345679,Dec,2,1
1.307682317,106,3163.096825,0.021393867,Nov,13,0
0.0,1,0.0,0.2,Oct,3,0
0.0,16,392.1428571,0.027205882,Mar,2,0
0.0,13,2038.0,0.021428571,May,3,0
0.0,5,488.5,0.033846154,Mar,6,0
0.0,11,976.0,0.044688645,Dec,1,0
33.61787649,91,1596.412698,0.007912088,Sep,1,0
0.0,17,295.0,0.052941176,May,6,0
0.0,315,11232.65691,0.019252583,Nov,2,0
2.208494444,66,2656.183333,0.009652076,May,1,0
0.0,11,267.3,0.016666667,Nov,2,0
0.0,107,2589.881537,0.019627539,Dec,2,0
5.468093499,112,6673.291392,0.008744589,Nov,3,0
0.0,3,34.0,0.066666667,May,1,0
0.0,2,78.1,0.171428571,Sep,2,0
0.0,53,1618.203333,0.047628205,Oct,1,0
28.18955966,19,523.25,0.046666667,Nov,8,1
0.0,72,2101.467925,0.029986961,Aug,2,0
0.0,28,1338.225,0.032525253,Dec,3,0
35.49,6,546.0,0.04,Mar,1,1
0.0,6,129.2,0.077777778,May,3,0
9.193989222,132,7356.402381,0.017577031,Dec,10,0
0.0,10,182.1666667,0.018181818,May,1,0
10.48533333,41,506.7166667,0.013968254,May,3,0
0.0,13,3014.018519,0.06140625,Mar,2,0
0.0,48,832.0833333,0.064782609,Dec,3,0
0.0,25,2765.2,0.016888889,May,1,0
0.0,33,982.0,0.005882353,May,4,0
0.0,25,243.4666667,0.024,Aug,2,0
0.0,63,2435.697531,0.017460317,Jul,3,0
0.0,90,3262.350896,0.010909616,May,6,0
0.0,12,115.1666667,0.042857143,Mar,1,0
0.0,36,1081.108333,0.025972222,Sep,2,0
0.0,22,420.2,0.01516165,May,4,0
0.0,82,3174.642793,0.012081072,Nov,2,0
0.0,7,92.5,0.122222222,May,13,0
0.0,3,35.0,0.066666667,Nov,1,0
0.0,9,116.3333333,0.066666667,Mar,1,0
58.9241766,7,728.8,0.0,Aug,2,1
0.0,4,141.0,0.05,Aug,3,0
0.0,56,2954.759524,0.049396552,May,6,0
0.0,65,2349.101818,0.046505418,Jul,3,0
0.0,48,1900.675,0.009574468,Nov,10,1
0.0,151,2564.278157,0.0210895,May,15,0
0.0,3,56.5,0.133333333,Nov,1,0
0.0,35,1988.658333,0.030662021,Mar,2,0
0.0,12,202.25,0.029166667,Mar,1,0
0.0,14,183.6666667,0.004761905,Mar,3,0
0.0,2,0.0,0.2,Mar,1,0
0.0,29,2351.05,0.015762787,May,1,0
0.0,44,831.6083333,0.013178295,May,2,0
17.2704,9,548.0,0.04,May,4,1
0.0,25,1838.5,0.052,May,19,0
0.0,35,682.1833333,0.001388889,Jul,1,0
0.0,15,489.7083333,0.003846154,Dec,2,0
80.68062856,65,2881.133333,0.002985075,Mar,2,1
0.0,16,394.5580952,0.015,Oct,20,0
0.0,7,244.25,0.028571429,Dec,13,0
0.0,3,0.0,0.2,Mar,1,0
0.0,21,1429.616667,0.00952381,Nov,2,0
0.0,7,168.75,0.00952381,Nov,2,0
0.0,49,1077.007576,0.015030864,Mar,2,0
0.0,6,173.0,0.0375,May,2,0
52.08342857,19,2340.5,0.015873016,May,4,0
0.0,30,474.5,0.003225806,Mar,2,0
0.0,42,601.7666667,0.004545455,Mar,3,0
0.0,3,15.0,0.133333333,Nov,3,0
0.0,2,63.5,0.1,Nov,1,0
0.0,22,1945.5,0.008333333,Dec,2,0
0.0,9,89.5,0.058333333,Sep,4,1
0.0,26,1056.666667,0.030933333,May,1,0
0.0,9,319.6666667,0.055555556,May,1,0
0.0,6,146.5,0.018181818,Nov,2,0
0.0,4,233.0,0.075,Mar,1,0
13.1307834,19,637.4285714,0.042857143,Nov,3,0
0.0,90,2636.138889,0.045777778,Nov,2,0
0.0,4,233.375,0.02,Nov,2,0
0.0,6,192.0833333,0.035555556,Nov,2,0
0.0,20,363.6666667,0.016666667,Mar,3,0
1.104440234,154,4755.224054,0.029142563,Nov,1,0
0.0,1,0.0,0.2,Mar,3,0
16.37978199,16,273.7066667,0.0084,Oct,2,0
0.0,3,311.0,0.166666667,May,3,0
0.0,0,0.0,0.2,Feb,5,0
0.0,7,223.0,0.028571429,Mar,1,0
0.0,3,24.0,0.02,Mar,1,0
0.0,1,0.0,0.2,Dec,1,0
0.0,2,54.0,0.15,May,1,0
0.0,17,591.25,0.078431373,May,4,0
0.0,2,14.0,0.1,Dec,2,0
0.0,19,1221.7,0.0,Jun,2,0
5.866248908,107,3173.210417,0.00912201,Jun,2,0
0.0,14,197.5,0.042857143,May,1,0
0.0,2,76.0,0.05,Feb,3,0
0.0,11,463.5,0.007692308,Nov,11,0
0.0,9,191.5625,0.024691358,Nov,11,0
0.0,28,611.94,0.006896552,Sep,1,0
0.0,7,56.625,0.066666667,Dec,20,0
0.0,5,50.0,0.025,Dec,20,1
5.28608849,163,4600.540873,0.021052657,Nov,2,1
0.0,10,322.5,0.07,Mar,1,0
23.554375,27,1150.192063,0.0125,May,2,1
0.0,2,11.0,0.1,Mar,10,0
0.0,17,548.3333333,0.031372549,Mar,2,0
261.4912857,23,792.7222222,0.010714286,Mar,8,1
0.0,5,164.0,0.04,May,1,0
22.12888889,27,1523.05,0.001851852,May,4,1
17.5336164,14,1183.0,0.004761905,Nov,10,1
0.0,14,387.7666667,0.031111111,Oct,1,0
0.0,122,1945.321429,0.033333333,May,6,0
0.0,38,1355.366667,0.009259259,Nov,2,0
0.0,4,30.0,0.08,May,11,0
12.27419487,34,1345.755952,0.013341952,May,2,0
0.0,62,1243.17619,0.00983871,Dec,2,0
0.0,8,306.0,0.008888889,Mar,3,0
0.0,10,199.6666667,0.045,Nov,3,0
0.0,81,5000.739116,0.020433155,Nov,2,0
0.0,24,520.6666667,0.006666667,Mar,3,0
0.0,71,3044.356667,0.013380282,Sep,2,0
76.78667659,17,498.3333333,0.021052632,Mar,10,1
0.0,21,921.6233333,0.01,Sep,2,0
0.0,1,0.0,0.2,Dec,3,0
0.0,33,761.2233333,0.020793651,Oct,3,0
60.43385263,112,2478.622727,0.004005848,May,3,1
0.0,18,1796.583333,0.02173913,Nov,1,0
0.0,19,608.9428571,0.041915584,Mar,1,0
0.0,81,1839.13,0.018380231,Sep,13,0
0.0,21,263.0,0.030952381,Mar,3,0
0.0,25,1690.977778,0.037333333,Mar,1,0
0.0,2,8.0,0.1,Mar,1,0
1.84752,26,933.3333333,0.028,May,13,0
0.0,16,1472.0,0.040625,May,1,0
0.0,40,1783.25,0.026416667,May,2,0
0.0,16,408.25,0.014117647,May,4,0
33.41173784,120,2016.564401,0.012613585,Jul,13,1
0.0,8,97.9,0.058333333,Jun,2,0
2.797414715,111,2451.869048,0.015775776,May,3,1
19.3654955,33,878.6238095,0.02045045,Mar,2,1
0.0,12,1040.333333,0.010526316,May,2,0
0.0,95,2107.583333,0.004166667,May,4,0
0.0,96,2857.712454,0.019742908,Nov,6,0
0.0,13,421.7857143,0.023529412,Nov,2,0
5.290262526,41,1921.10307,0.032987654,Jul,1,0
0.0,13,308.5,0.0125,Dec,2,0
0.0,9,143.0,0.005555556,Nov,2,0
0.0,31,2221.0,0.01047619,Nov,3,0
0.0,15,272.5,0.011111111,Oct,2,0
0.0,64,1810.966667,0.012962963,May,6,0
77.4579855,25,278.1366667,0.007692308,Nov,2,0
0.0,1,0.0,0.2,Nov,2,0
0.0,1,8.0,0.033333333,Oct,5,0
0.0,23,271.5785714,0.008333333,Aug,1,0
0.0,7,935.6666667,0.0375,Nov,6,1
0.0,65,1624.941667,0.0203125,Nov,11,0
0.0,12,1178.666667,0.053030303,Mar,3,0
7.766280897,66,3572.241757,0.012314449,Oct,2,0
0.0,5,67.0,0.14,May,3,0
0.0,12,207.0,0.036666667,Mar,2,0
0.0,3,67.66666667,0.04,Dec,20,0
19.53495497,10,302.0,0.05952381,Mar,2,1
0.0,12,240.4166667,0.061688312,Mar,6,0
0.0,103,5395.201794,0.03,Nov,2,0
0.0,28,363.25,0.007142857,Nov,3,0
0.0,5,43.2,0.12,Jul,13,0
0.0,25,525.1666667,0.030769231,Nov,2,0
10.20777685,40,797.0033333,0.012539087,Oct,2,0
0.0,6,96.0,0.025,Dec,2,0
0.0,16,589.875,0.00952381,Dec,2,0
21.09392209,7,555.4,0.055555556,Oct,1,0
0.0,33,595.0095238,0.004651163,Mar,10,0
7.753880158,45,3641.213151,0.014311471,Mar,2,1
47.12454606,26,2609.0,0.002380952,Nov,2,1
0.0,18,1217.85,0.020833333,May,4,0
0.0,95,2500.128052,0.011832634,Nov,2,0
0.0,1,0.0,0.2,Nov,3,0
57.58892308,14,1340.75,0.015384615,May,4,1
0.0,13,265.1666667,0.046153846,Mar,2,0
0.0,48,1252.561414,0.024738632,Nov,2,0
0.0,79,3380.691558,0.023772222,Mar,2,0
0.0,34,508.558547,0.027528909,Dec,10,0
0.0,74,4377.708157,0.029308735,Nov,2,1
0.0,25,629.5,0.01447619,May,13,0
0.0,13,443.0,0.053846154,Nov,1,0
0.0,16,301.6666667,0.031746032,Nov,8,0
0.0,5,51.2,0.005,Aug,2,1
0.0,61,3374.916667,0.021388889,May,1,0
0.0,5,83.5,0.014814815,Dec,3,0
0.0,22,460.6666667,0.025,May,1,0
11.15734286,33,3583.166667,0.045170068,May,11,0
0.0,42,2084.479524,0.014920635,Oct,2,0
0.0,8,98.56666667,0.101666667,Sep,1,0
0.0,24,1005.849206,0.007986111,Mar,3,0
0.0,9,312.0,0.044444444,Mar,3,0
0.0,15,168.8461538,0.011764706,Feb,3,0
51.27258615,91,2345.58914,0.012841597,Dec,2,0
0.0,21,686.4,0.012179487,Mar,3,0
43.29821166,27,1061.55,0.018518519,Aug,5,1
0.0,1,0.0,0.2,Mar,3,0
0.0,91,2023.75,0.018752216,Nov,3,0
97.98,10,724.0,0.022222222,May,2,1
0.0,23,2767.2,0.008333333,Sep,1,0
0.0,9,87.5,0.033333333,May,4,0
0.0,42,2197.0,0.013636364,Oct,1,0
0.0,9,626.6,0.024242424,Nov,2,0
0.0,3,98.0,0.066666667,Dec,2,0
0.0,19,1383.191667,0.019166667,May,3,0
0.0,50,981.5083333,0.003636364,Oct,2,0
3.919126984,25,1161.767949,0.043950617,May,2,0
0.0,43,2660.283333,0.055782313,Jul,13,0
0.0,47,1477.394841,0.021527778,Nov,2,0
0.0,1,0.0,0.2,Dec,8,0
0.0,3,40.5,0.04,Nov,8,0
0.0,1,0.0,0.2,Nov,3,0
0.0,29,1233.307765,0.03247619,Dec,2,0
0.0,3,0.0,0.2,Nov,1,0
0.0,11,507.3333333,0.018181818,May,3,0
0.0,122,7532.511111,0.029612768,Nov,2,0
0.0,39,1157.416667,0.045714286,Dec,1,0
0.0,8,201.0,0.0625,Mar,1,0
0.0,29,1978.14881,0.016222222,Nov,10,0
6.506831398,82,2448.784448,0.008907697,Mar,2,1
0.0,21,564.5,0.042965368,May,1,0
0.0,1,1.0,0.1,Mar,1,0
0.0,55,1743.066667,0.004371585,Mar,2,0
0.0,75,1677.805952,0.023128655,Dec,1,0
0.0,28,728.9791667,0.032959184,Nov,2,0
0.0,2,4.0,0.1,Nov,2,0
0.0,25,1229.25,0.038133333,May,4,0
0.0,64,4492.311111,0.022705971,Nov,2,1
0.0,32,904.5666667,0.025405405,Dec,2,0
17.54619116,17,513.25,0.012030075,Nov,10,1
14.792,43,2265.529221,0.004,May,2,0
0.0,9,315.6,0.037037037,May,7,0
0.0,22,887.3547619,0.0145,May,2,0
0.0,9,148.3333333,0.088888889,Dec,2,0
0.0,7,203.6666667,0.00952381,May,2,0
0.0,4,81.0,0.05,May,4,0
0.0,61,776.4138158,0.016153274,May,3,0
0.0,49,789.9583333,0.015097222,Mar,1,0
0.0,30,1522.816667,0.027333333,May,13,0
0.0,14,1010.375,0.058823529,Nov,1,0
5.698711043,114,3488.070803,0.022685492,Nov,2,0
0.0,3,61.5,0.1,Dec,8,0
16.1585582,21,1088.866667,0.010526316,Nov,2,1
2.561538462,38,1348.7,0.028376068,May,1,0
54.67634844,32,827.6462121,0.00058651,Mar,2,1
0.0,6,238.55,0.018518519,Nov,2,0
0.0,12,144.5,0.05,Dec,1,0
0.0,5,73.1,0.02,Sep,4,0
0.0,6,425.0,0.025,Jul,4,0
0.0,1,31.5,0.066666667,Dec,3,1
2.304322581,30,2284.687302,0.042741935,Mar,1,0
8.256572358,118,3712.8116,0.010310363,May,4,0
0.0,10,127.5,0.02,Mar,10,0
0.0,4,39.95,0.05,Jul,4,0
0.0,151,9018.123741,0.02459296,Nov,1,0
0.0,15,369.5,0.025,Nov,2,0
0.0,8,344.0,0.007407407,Feb,3,0
0.0,1,0.0,0.2,Dec,1,0
0.0,6,108.9166667,0.025,Dec,2,0
0.0,27,1739.575,0.06037037,Jul,1,0
0.150650498,686,23342.08205,0.022771363,Aug,1,0
28.11367347,34,2265.571429,0.018018018,Nov,1,1
0.0,9,103.6666667,0.061818182,Mar,1,0
0.0,12,1111.0,0.033333333,May,1,0
14.33124324,36,1500.380952,0.01981982,May,4,0
0.0,21,2008.833333,0.022857143,May,2,0
0.0,19,1227.0,0.017391304,May,4,0
12.59910233,58,1660.354762,0.018087558,May,3,0
0.0,9,329.0,0.044444444,Mar,1,0
0.0,15,1839.25,0.004444444,Nov,2,0
0.0,32,776.8833333,0.003125,Jul,5,0
0.0,1,0.0,0.2,Nov,3,0
0.0,13,257.0,0.078571429,Nov,2,0
143.4766783,16,1226.0,0.0125,Dec,2,1
0.0,16,565.4166667,0.027380952,Nov,10,0
0.0,6,104.0,0.033333333,Mar,6,0
0.0,8,71.0,0.044444444,May,13,0
0.0,2,35.0,0.05,Mar,2,0
0.0,20,266.5833333,0.039753086,Mar,2,0
0.0,6,109.25,0.033333333,Dec,20,0
0.0,8,57.0,0.057142857,Mar,8,0
0.0,15,310.9,0.01,Mar,2,0
0.0,74,8981.580128,0.043301833,Dec,8,0
0.0,24,1009.95,0.018518519,Nov,3,0
0.0,36,673.6380952,0.032443035,Nov,2,0
0.0,1,0.0,0.2,May,3,0
0.0,10,267.25,0.011111111,Dec,2,0
1.257695521,80,4240.036205,0.011635537,Jul,2,0
0.0,10,82.5,0.03,Nov,11,0
0.0,127,2573.875,0.009196581,May,3,0
0.0,2,9.0,0.1,Dec,3,0
0.0,51,3472.870513,0.037170572,Nov,2,0
0.0,2,7.0,0.1,Aug,13,0
0.0,78,4716.572619,0.026155811,Dec,1,0
0.0,5,143.5,0.011111111,Mar,3,0
0.0,13,737.1666667,0.084615385,Nov,13,0
0.0,1,0.0,0.2,May,3,0
3.187495058,117,5256.472341,0.014604028,Nov,8,1
0.0,75,2532.960656,0.030748538,Aug,1,0
0.0,8,388.0,0.033333333,May,2,0
0.0,4,128.5,0.018181818,Sep,5,0
6.53004878,41,1193.333333,0.01804878,May,4,0
0.0,21,496.4821429,0.025120773,Dec,2,0
0.0,35,1356.866667,0.010526316,Oct,13,0
0.0,12,1071.611111,0.046666667,Mar,1,0
0.0,2,3.0,0.1,Dec,2,0
0.0,2,0.0,0.2,Mar,3,0
0.0,25,438.075,0.024698413,May,3,0
40.51760545,89,2520.056936,0.012934783,Nov,3,1
0.0,4,151.5,0.05,Mar,1,0
0.0,15,638.6428571,0.053571429,Mar,1,0
0.0,5,58.0,0.033333333,Oct,3,0
0.0,4,568.4782609,0.068285714,May,7,0
0.0,91,1746.108683,0.00428729,Nov,8,0
21.1162963,23,659.0833333,0.020440917,May,1,0
0.0,8,131.5833333,0.013333333,Nov,2,0
0.0,66,3960.646154,0.013663064,Mar,1,0
0.0,11,559.25,0.042424242,Dec,10,0
0.0,11,194.5,0.045454545,Nov,1,0
54.38258659,18,1169.0,0.011764706,Dec,2,1
0.0,131,2244.616667,0.017506361,Nov,2,0
0.0,21,405.7095238,0.047002635,Feb,4,0
0.0,4,57.0,0.075,Nov,8,0
0.0,1,0.0,0.2,Mar,3,0
0.0,5,23.0,0.12,Mar,1,0
0.0,37,1307.472222,0.027235772,Nov,2,0
0.0,1,504.0,0.1,May,3,0
0.0,10,151.0818182,0.038888889,Jul,5,0
0.0,2,17.0,0.1,May,3,0
0.0,16,589.6666667,0.003632479,May,11,0
0.0,8,1231.791667,0.080555556,Dec,3,0
0.0,27,1544.533333,0.080246914,Jun,3,0
0.0,7,865.2777778,0.029004329,Mar,10,0
46.4748023,18,773.2,0.0125,Nov,1,1
0.0,21,831.0,0.01,Dec,2,0
0.0,3,0.0,0.2,Nov,11,1
0.0,79,1926.33339,0.020052948,May,13,0
0.0,27,875.5,0.014367816,May,2,0
0.0,4,79.0,0.05,May,2,0
0.0,93,3422.525,0.039301175,Nov,1,0
0.0,27,1211.066667,0.064516129,Aug,13,0
0.0,1,0.0,0.2,Aug,4,0
0.0,34,920.55,0.042913165,Dec,1,0
0.0,3,73.5,0.077777778,Mar,2,0
0.0,40,1284.569048,0.019791667,Nov,2,1
32.946,11,1464.0,0.020512821,May,4,1
0.0,1,24.5,0.1,Dec,1,0
0.0,202,13842.45833,0.050155633,Sep,1,0
0.0,8,497.3333333,0.06,May,3,0
0.0,55,4156.9,0.05352381,Nov,1,0
0.0,4,55.0,0.05,Mar,1,0
0.0,41,2303.183333,0.015873016,Dec,2,0
15.40042308,25,413.7222222,0.013076923,May,4,0
13.66158824,65,1690.790351,0.034671498,May,1,0
0.0,12,879.8,0.005555556,Nov,2,0
0.0,1,0.0,0.2,Dec,13,0
0.0,29,617.5,0.01954023,Mar,10,0
0.0,30,2472.24,0.05723545,Jun,3,0
0.0,35,468.0,0.022857143,May,3,0
0.0,22,325.75,0.031818182,Mar,2,0
0.0,4,100.5,0.04,May,3,0
0.0,15,675.8333333,0.004166667,May,1,0
0.0,130,3376.027564,0.029169274,Dec,1,0
0.0,11,227.5,0.006666667,Mar,8,0
0.0,16,177.5,0.0875,May,6,0
0.0,48,830.3142529,0.017619048,Nov,3,0
45.41882207,161,6524.035369,0.013944826,Nov,2,1
12.63441176,31,1273.875,0.003921569,May,3,1
8.845689534,176,7767.32556,0.019212627,Nov,1,0
0.0,13,174.0,0.038461538,May,3,0
79.48403933,62,2350.667857,0.033986814,Dec,10,0
0.0,1,0.0,0.2,Feb,1,0
0.0,5,87.6,0.04,Aug,1,0
0.0,9,1225.5,0.044444444,Mar,1,0
0.0,14,512.5,0.023529412,Dec,8,0
0.0,40,952.9666667,0.016666667,Mar,2,0
3.060765957,48,869.1,0.014967916,May,3,0
0.0,1,0.0,0.2,Jun,13,0
0.0,11,337.0,0.061818182,Mar,3,0
0.0,73,1889.833333,0.018883894,Dec,13,0
0.0,15,463.0,0.042207792,May,4,0
0.0,22,280.0466667,0.012698413,Aug,3,0
0.0,15,263.25,0.04,Nov,10,0
0.0,264,8584.025049,0.023315309,Nov,2,1
0.0,29,765.3928571,0.000892857,Nov,3,0
0.0,33,1847.211905,0.007830405,May,2,0
0.0,67,2876.441667,0.027326203,Dec,1,0
0.0,33,898.4915789,0.03466118,Sep,3,0
7.448242868,54,2864.633333,0.024020297,Nov,1,0
17.60939304,63,2618.681061,0.011111111,Nov,8,1
0.0,82,1836.214249,0.025181135,Dec,2,0
0.0,4,268.0,0.013333333,Mar,3,0
0.0,10,235.4166667,0.030769231,Dec,2,0
92.97624144,3,50.4,0.0,Oct,2,1
0.0,8,136.75,0.105,Mar,10,0
11.77908986,37,1344.340476,0.005405405,Dec,2,1
0.0,16,421.25,0.013333333,May,1,0
0.0,22,2364.65,0.043478261,Oct,2,0
0.0,19,535.5,0.091666667,Nov,11,0
0.0,20,691.75,0.003333333,Dec,2,0
0.0,13,1297.25,0.064285714,Dec,1,0
0.0,5,43.9,0.02,Sep,2,0
0.0,36,1567.966667,0.007207207,Mar,8,0
1.298232174,63,3908.754762,0.001587302,Aug,4,0
0.0,2,0.0,0.2,May,3,0
0.0,17,219.5,0.022222222,Dec,13,0
0.0,16,393.0,0.015,Sep,5,0
0.0,119,2763.011332,0.007566642,Nov,13,0
0.0,55,2570.42619,0.017278044,Nov,2,0
0.0,10,413.0,0.009090909,Mar,1,0
0.0,12,417.0,0.125,May,3,0
38.19067209,32,2258.175,0.025714286,Nov,2,0
0.0,30,1448.752381,0.012878788,Mar,2,0
17.808,12,312.0333333,0.009090909,May,6,1
0.0,7,88.33333333,0.042857143,Mar,1,0
0.0,11,327.6666667,0.033333333,May,13,0
0.0,15,1047.0,0.019298246,Dec,2,1
0.0,60,1516.73,0.01982092,Aug,3,0
64.7325,7,181.5,0.025,Mar,2,1
1.914174972,124,5731.094444,0.03371764,May,13,0
0.0,3,47.5,0.022222222,May,3,0
0.0,17,526.3761905,0.045751634,Jun,13,0
0.0,11,66.83333333,0.019230769,Nov,8,0
0.0,6,75.0,0.016666667,Mar,2,0
0.0,1,0.0,0.2,May,3,0
0.0,23,760.25,0.009090909,Mar,2,0
0.0,11,257.75,0.024242424,Dec,2,0
50.51764193,12,398.9803922,0.005555556,Nov,2,1
0.0,55,1170.711048,0.004699538,Nov,2,0
0.0,2,17.0,0.05,Dec,1,0
0.0,20,695.19375,0.058821329,Nov,2,1
15.88906362,30,1569.625,0.008108108,Mar,9,1
0.0,11,213.9472222,0.003247863,Dec,2,0
54.56704868,16,1062.666667,0.0125,Sep,4,1
0.0,3,60.4,0.066666667,Sep,5,0
0.0,77,1069.97381,0.012466437,Dec,2,0
0.0,6,168.0,0.011111111,Nov,2,0
0.0,10,139.7083333,0.02,Mar,2,0
33.79956701,16,1331.75,0.0125,Mar,3,1
0.0,16,729.0,0.040625,May,3,0
0.0,9,225.8333333,0.02,Mar,3,0
0.0,7,243.0,0.085714286,May,4,0
0.0,9,229.6666667,0.041666667,May,1,0
11.34860076,72,1822.866667,0.024774775,Jun,1,0
0.0,10,262.6666667,0.08,May,3,0
0.0,5,141.2,0.008333333,Oct,1,0
25.21523293,26,834.3611111,0.019666667,Dec,10,0
0.0,7,330.1666667,0.021428571,Dec,2,0
0.0,5,82.0,0.04,Nov,8,0
0.0,14,394.25,0.015384615,May,4,0
0.0,21,615.8831169,0.04993081,Feb,1,0
0.0,66,6100.527778,0.046262626,May,6,0
6.664927724,92,4212.141886,0.021875,Nov,2,1
0.0,47,1459.576667,0.017638889,Oct,3,0
0.0,27,477.5,0.012,May,4,0
0.0,15,221.0,0.035555556,May,1,0
13.76473644,164,4155.746883,0.01343784,Nov,2,1
41.13433129,20,1002.847222,0.00952381,Nov,2,0
0.0,39,964.0705128,0.055604396,May,4,0
0.0,22,704.0,0.004761905,Nov,2,0
0.0,7,212.0,0.028571429,May,1,0
0.0,1,1195.8,0.0,Aug,13,0
0.0,39,1429.501111,0.018947368,Jun,3,0
0.0,29,664.75,0.005057471,Mar,2,0
0.0,30,360.4733333,0.036666667,Jul,3,0
0.0,4,107.0,0.05,May,13,0
0.0,6,74.0,0.02,Mar,8,0
0.0,4,47.0,0.05,Nov,11,0
20.26155684,16,638.8333333,0.0125,Mar,2,0
0.0,2,0.0,0.2,Nov,3,0
0.0,3,77.0,0.066666667,Mar,1,0
0.0,4,135.5,0.066666667,Mar,14,0
0.0,10,211.8333333,0.04,Dec,13,0
0.0,11,602.5833333,0.02,Dec,1,0
0.0,113,5178.531731,0.030191572,Nov,2,1
0.0,7,139.3333333,0.011111111,Mar,8,0
0.0,1,0.0,0.2,Dec,1,0
0.0,29,605.6722222,0.025517241,May,6,0
0.0,103,1934.992857,0.044501535,May,13,0
0.0,3,21.25,0.05,Nov,8,1
0.0,70,1438.71,0.033766459,Jul,1,0
0.0,15,315.4,0.011111111,Oct,2,0
19.18310758,110,1691.236147,0.019359924,Aug,4,0
35.2339845,42,2172.333333,0.01124031,May,2,0
0.0,37,1302.518056,0.023185941,Dec,2,1
0.0,3,65.0,0.04,May,4,0
0.0,0,0.0,0.2,May,3,0
0.0,14,266.66,0.029166667,Sep,1,0
0.0,51,3981.892484,0.015404896,May,3,0
0.0,82,2796.316667,0.019584736,Nov,6,0
0.0,6,107.0,0.042424242,May,2,0
0.0,17,469.4166667,0.011764706,Mar,2,0
255.5691579,114,1403.720238,0.000589971,Nov,8,1
0.0,4,454.3333333,0.025,Nov,3,0
0.0,14,249.6666667,0.033333333,Nov,3,1
0.0,18,490.3,0.022222222,Sep,13,0
0.0,70,2802.116667,0.017230274,Nov,3,0
0.0,7,414.8666667,0.01,Nov,2,0
0.0,1,0.0,0.2,Nov,3,0
0.0,49,3414.875,0.027210884,Nov,2,0
0.0,57,1897.6875,0.017857143,Nov,3,1
0.0,13,250.1666667,0.030612245,Mar,11,0
0.0,15,521.8666667,0.00625,Jun,2,0
0.0,14,678.5,0.010526316,May,2,0
0.0,25,883.9761905,0.029333333,Sep,4,0
0.0,128,4391.876232,0.022411525,Nov,2,0
0.0,44,691.252381,0.029457364,Nov,1,0
0.0,31,538.72,0.029699248,Oct,1,0
0.0,32,783.2085714,0.005714286,Jul,5,1
0.0,7,162.625,0.022222222,Nov,2,0
0.0,4,35.0,0.05,Mar,3,0
0.0,4,44.8,0.05,Jun,4,0
0.0,1,0.0,0.2,May,2,0
45.12532172,11,401.0133333,0.022222222,Nov,2,1
81.19520286,25,2408.815476,0.008333333,Nov,8,1
24.83718656,44,725.2,0.031111111,Jun,13,1
0.0,17,588.6666667,0.035294118,Mar,1,0
0.0,10,243.2,0.04,Mar,1,0
18.08071442,15,347.7321429,0.012280702,Nov,2,0
0.0,12,335.0,0.045454545,Dec,10,0
0.0,4,104.0,0.05,Feb,3,0
18.85086521,11,205.7,0.022222222,Dec,8,1
0.0,35,1795.925,0.01,Nov,3,0
0.0,4,199.4,0.025,Aug,5,0
0.0,17,269.6833333,0.003703704,Nov,2,0
0.0,3,39.66666667,0.033333333,Mar,10,0
0.0,10,83.41666667,0.022222222,Nov,2,0
0.0,46,1425.75,0.029259259,May,19,0
0.0,84,4941.698611,0.038705882,Sep,1,0
0.0,23,1516.966667,0.024242424,May,1,0
30.01288235,30,1456.783333,0.009019608,May,2,1
0.0,18,323.6833333,0.005208333,Dec,1,0
0.0,62,2232.45,0.039726776,May,4,0
0.0,69,3596.933967,0.00985167,May,4,0
0.0,23,2420.65,0.047826087,Nov,3,0
0.0,23,348.3833333,0.004347826,Nov,2,0
5.6479944,36,853.8502721,0.007751938,Oct,2,0
0.0,21,320.9833333,0.01,Nov,2,0
0.0,1,0.0,0.2,May,4,0
8.391281758,28,2195.580952,0.021428571,Oct,2,1
0.0,2,96.0,0.05,Nov,2,0
0.0,150,3147.584294,0.006061121,May,6,0
0.0,36,943.6190476,0.048194444,May,13,0
0.0,48,1129.214286,0.010945092,May,1,0
0.0,15,194.0666667,0.051238095,May,2,0
0.0,32,1723.75,0.026666667,May,3,0
92.9394993,15,593.75,0.014285714,Nov,11,1
0.0,22,1889.25,0.024603175,Aug,6,0
0.0,18,502.0,0.01,Dec,2,0
0.0,6,282.8,0.025,Sep,5,0
0.0,2,404.0,0.1,May,13,0
0.0,18,706.05,0.044938272,Nov,11,0
0.0,3,25.5,0.133333333,Nov,2,0
0.0,37,2296.25,0.014864865,Nov,13,0
0.0,3,8.0,0.1,May,3,0
0.0,3,54.4,0.133333333,Jul,3,0
0.0,17,283.7916667,0.030952381,Dec,13,0
1.483210939,122,2743.213113,0.005114363,Nov,2,1
0.0,7,130.0,0.085714286,Nov,10,0
0.0,22,335.6666667,0.011904762,May,2,0
0.0,5,109.5,0.093333333,May,13,0
0.0,3,58.4,0.066666667,Jul,2,0
67.26616125,74,1599.994589,0.002631579,Dec,2,1
0.0,2,18.0,0.15,Mar,10,0
0.0,4,14.0,0.05,May,2,0
55.82099528,15,276.3666667,0.0,Sep,2,0
0.0,1,0.0,0.2,May,3,0
0.0,56,3543.809524,0.021785714,Nov,1,0
0.0,9,308.3333333,0.0125,Nov,10,0
0.0,16,597.6,0.018594104,Oct,5,0
0.0,15,1332.833333,0.005714286,Mar,2,0
0.0,8,221.5,0.00625,Dec,2,0
0.0,11,189.25,0.048484848,Dec,1,0
0.0,2,11.0,0.1,Dec,13,0
0.0,39,1513.566667,0.021367521,Mar,3,0
12.83702398,4,226.8,0.06,Nov,2,1
0.0,29,527.2083333,0.011330049,Mar,6,0
0.0,20,565.6666667,0.026666667,Nov,1,0
0.0,8,493.75,0.05,Nov,20,0
0.0,4,2.333333333,0.1625,May,13,0
0.0,100,1831.149084,0.000505051,Dec,2,0
53.988,24,805.0,0.008695652,May,2,1
0.0,17,1370.067857,0.035072464,May,1,0
0.0,24,683.1653846,0.011111111,Dec,2,0
12.76490187,27,1161.479023,0.022538246,Oct,20,1
12.50786523,141,2623.580864,0.004244028,Nov,2,0
0.0,25,506.7666667,0.038405797,May,3,0
0.0,6,193.0,0.033333333,Mar,3,0
0.0,26,3242.0,0.031388889,May,6,0
0.0,6,139.75,0.066666667,Nov,2,0
0.0,51,4651.612222,0.020606061,Jul,4,0
0.0,26,1312.333333,0.054230769,Nov,13,0
0.0,1,0.0,0.1,Aug,3,0
0.0,9,396.1666667,0.022222222,Nov,13,0
0.0,11,207.0,0.015384615,Mar,3,0
0.0,1,0.0,0.2,May,6,0
0.0,28,403.8333333,0.029829932,Jul,4,0
0.0,10,332.5833333,0.002197802,Dec,20,0
7.209305119,53,1609.990079,0.028928571,Dec,2,0
0.0,10,184.6,0.016666667,Sep,2,0
0.0,2,64.4,0.1,Aug,20,0
0.0,19,719.8833333,0.018518519,Sep,5,1
7.91345877,29,1352.976722,0.024522672,Nov,1,0
0.0,18,143.85,0.034117647,May,3,0
0.0,31,419.25,0.026893939,May,3,0
0.0,74,1903.45,0.019107143,Aug,13,0
0.0,102,4264.419078,0.019834499,Nov,10,0
0.0,13,157.0,0.015384615,Nov,2,0
0.0,85,768.5,0.005813953,May,4,0
0.0,8,758.1666667,0.05,Mar,1,0
0.0,8,214.3333333,0.055,May,3,0
0.0,2,49.0,0.1,May,1,0
63.45892077,17,639.7566667,0.011764706,Oct,4,1
0.0,6,192.5,0.075,May,2,0
0.0,27,541.2071429,0.029320988,Nov,2,0
9.231934863,29,1618.233333,0.01620753,Nov,6,0
0.0,18,849.5416667,0.00875,Nov,2,0
0.0,3,62.25,0.066666667,Dec,2,0
0.0,15,269.4,0.064444444,Aug,1,0
0.0,14,927.2777778,0.014285714,Mar,2,0
0.0,44,3113.516667,0.016,Mar,2,0
0.0,8,489.0,0.015384615,Mar,3,0
0.0,3,195.0,0.02,Mar,2,0
0.0,18,1360.5,0.040740741,May,3,0
13.77355814,85,2197.195238,0.029405769,May,2,0
0.0,21,460.4166667,0.036507937,Mar,1,0
0.0,3,55.4,0.05,Oct,5,0
0.0,19,1834.083333,0.03125,Mar,10,0
0.0,8,719.2,0.067708333,Nov,13,0
0.0,8,135.8333333,0.025,May,3,0
81.334441,15,489.0,0.00625,Dec,20,1
52.11335786,38,1445.666667,0.005263158,Nov,2,1
42.22150549,13,2451.0,0.021428571,Nov,2,1
5.150663602,54,923.6757353,0.012261867,Mar,2,0
14.92797811,43,811.3809524,0.026328773,Oct,2,0
0.0,25,1222.625,0.035,Dec,2,0
141.4590538,104,4054.755952,0.010097087,Nov,2,1
0.0,24,1365.5,0.03,May,4,0
0.0,7,258.5,0.071428571,Mar,1,0
0.0,4,562.0,0.1,Dec,13,0
6.328693274,38,876.4766667,0.014529915,Oct,1,1
3.940422761,43,3044.047222,0.004545455,Dec,10,1
0.0,5,337.25,0.02,Mar,10,0
27.74177162,74,2763.25,0.021288981,May,6,0
0.0,49,4051.375,0.022949495,May,4,0
2.051882078,157,16093.30941,0.027247449,Jun,5,0
0.0,59,3066.695513,0.010460069,Nov,1,0
0.0,52,2086.242857,0.020352564,Feb,1,0
0.0,3,57.4,0.133333333,Aug,3,0
0.0,23,585.65,0.008695652,Dec,2,0
0.0,15,571.4238596,0.029645043,Oct,2,0
0.0,59,3033.689449,0.015479685,Nov,2,0
0.0,19,224.0,0.052631579,May,19,0
0.0,29,1211.166667,0.006896552,Nov,2,1
0.0,3,0.0,0.2,Dec,3,0
0.0,37,856.2,0.108558559,Sep,1,0
5.818151241,24,498.9,0.01875,Oct,2,1
0.0,2,18.0,0.1,Nov,6,0
13.71812571,60,3121.283333,0.010935374,May,6,0
0.0,27,2098.238095,0.043518519,May,3,0
8.926598571,99,6266.208586,0.010869841,May,1,0
0.0,13,241.5833333,0.013333333,Sep,2,0
0.0,31,1514.3,0.066666667,Aug,1,0
0.0,1,0.0,0.2,May,4,0
3.17966645,25,2199.52,0.042307692,Oct,2,0
0.0,1,10.0,0.04,Nov,8,1
0.0,46,1060.451515,0.01558385,May,2,0
0.0,27,473.0833333,0.028965517,Nov,1,0
0.0,1,0.0,0.2,May,4,0
0.0,3,58.0,0.066666667,Mar,11,0
0.0,1,0.0,0.2,Dec,3,0
124.032,14,354.25,0.015384615,May,5,1
0.0,207,5160.451362,0.013407291,Nov,2,0
0.0,3,96.0,0.066666667,May,11,0
0.0,79,2387.139881,0.046198341,Nov,13,0
0.0,42,2058.25,0.051219512,May,1,0
0.0,58,1992.717308,0.015829187,Nov,2,0
0.0,35,1192.386111,0.028571429,Mar,2,0
0.0,11,345.1666667,0.008888889,May,3,0
0.0,1,0.0,0.2,Nov,2,0
0.0,4,1145.0,0.1,May,13,0
0.0,9,379.0,0.03,May,4,0
0.0,7,114.5333333,0.05,Oct,1,0
0.0,1,0.0,0.2,Dec,11,0
27.6509675,27,809.6933333,0.033826531,Sep,13,0
0.0,34,1446.733333,0.002439024,Oct,2,0
0.0,13,307.5714286,0.052777778,May,2,0
0.0,7,88.0,0.142857143,Nov,1,0
0.0,3,15.0,0.133333333,May,1,0
0.0,26,532.0,0.044230769,Nov,1,0
0.0,3,0.0,0.2,Jul,3,0
0.0,13,787.75,0.046153846,Nov,10,0
0.0,27,783.25,0.033227513,May,3,0
0.0,22,850.2083333,0.016666667,Mar,2,0
0.0,5,57.0,0.04,May,1,0
0.0,18,1473.333333,0.044444444,Mar,2,0
0.0,9,152.0,0.155555556,Jul,1,0
125.8939091,5,883.6,0.0,Nov,2,1
0.0,6,62.0,0.04,Mar,1,0
0.0,43,2013.659524,0.009090909,Oct,20,0
53.988,8,376.3333333,0.028571429,May,4,1
0.0,10,273.75,0.053333333,Nov,8,1
0.0,3,0.0,0.2,May,4,0
53.47457143,8,222.0,0.028571429,May,2,1
0.0,107,4447.110508,0.013146819,Nov,3,1
14.00979215,22,469.54,0.008695652,Oct,2,1
0.0,8,335.25,0.108333333,Nov,1,1
0.0,54,2702.390385,0.018518854,Nov,10,1
0.0,12,311.6133333,0.052380952,Oct,13,0
0.770991864,142,4204.433333,0.021345899,Jul,13,0
0.0,1,0.0,0.2,Dec,1,0
0.0,27,406.0,0.079166667,May,3,0
0.0,12,167.2222222,0.001666667,Mar,3,0
3.50497054,101,4484.669445,0.024055759,Dec,10,0
39.88966398,29,1243.976108,0.007819795,Jul,4,0
22.31126324,22,612.8194444,0.025760906,Nov,2,1
0.875047932,310,8468.339278,0.012414294,Sep,2,0
0.0,9,127.5,0.022222222,May,11,0
0.0,1,0.0,0.2,May,3,0
0.0,21,863.1666667,0.015833333,Dec,8,0
0.0,10,173.4333333,0.025714286,Dec,1,0
1.842913617,146,8150.556716,0.01127957,Nov,2,0
0.0,1,0.0,0.2,Mar,1,0
0.0,40,2046.832418,0.033880952,Nov,11,1
0.0,10,123.2291667,0.059444444,Dec,10,0
0.0,47,1299.833333,0.032638889,Oct,1,0
0.0,27,1115.75,0.034615385,May,13,0
0.0,6,78.0,0.077777778,May,15,0
0.0,54,2631.1,0.00969697,Mar,2,0
11.1076505,52,4699.277778,0.018233487,Mar,2,1
0.0,4,46.75,0.05,Nov,3,0
0.0,23,943.25,0.046376812,Nov,3,0
45.6125,23,1193.0,0.008333333,May,2,1
0.0,11,187.0,0.068181818,Mar,1,0
0.0,17,931.0,0.062962963,May,13,0
0.0,1,0.0,0.2,Nov,10,0
0.0,1,13.0,0.1,Mar,1,0
0.0,21,399.8511905,0.023933659,Mar,1,0
31.31885714,60,2789.166667,0.005026455,May,2,1
0.0,14,684.75,0.014285714,Nov,2,0
0.0,5,164.0,0.04,Mar,1,0
0.0,1,0.0,0.2,May,1,0
0.0,44,2187.338725,0.029042386,Dec,1,0
0.0,61,1238.066667,0.020740741,May,13,0
0.0,16,219.55,0.014583333,Nov,20,0
0.0,1,0.0,0.2,Nov,1,0
0.0,16,352.0,0.011764706,Mar,1,0
0.0,73,1209.761905,0.007668232,May,1,0
14.85337253,24,751.6266667,0.024838095,Jul,1,0
0.0,5,156.0,0.028571429,Dec,2,0
0.0,37,785.3833333,0.079573935,May,11,0
0.0,26,1140.166667,0.032948718,Nov,13,0
0.0,55,1119.543056,0.008870523,Nov,3,0
0.0,9,652.5,0.036363636,Dec,2,0
0.0,23,251.3333333,0.013768116,May,3,0
0.0,50,1032.008333,0.014133333,Nov,2,0
0.0,51,5818.916667,0.022984749,Mar,1,0
0.0,23,752.7619048,0.015217391,Dec,3,0
30.87724138,30,586.5333333,0.003448276,May,2,1
36.39286104,30,986.5,0.011428571,Dec,2,1
37.92414395,44,778.9666667,0.004166667,Aug,2,1
0.0,3,0.0,0.2,May,4,0
20.94544525,6,47.13333333,0.06,Nov,4,0
0.0,3,292.0,0.0,Nov,4,0
0.0,31,519.9166667,0.001470588,May,18,0
28.11635484,19,1773.375,0.030392157,Nov,13,1
0.0,111,4208.752099,0.015856149,Jul,1,0
14.74449646,48,1777.702381,0.021538462,Dec,2,0
0.0,12,448.5,0.033333333,Mar,2,0
87.94459488,22,740.5,0.02,Dec,2,0
0.0,8,412.1666667,0.0125,May,6,0
0.0,2,56.5,0.02,Dec,2,0
0.0,20,1708.98,0.057936508,Sep,4,0
0.0,157,6123.741494,0.019816374,Nov,2,1
0.0,20,470.8666667,0.045454545,Oct,13,0
14.8513125,79,2605.702273,0.006407828,May,3,1
0.0,114,3161.074762,0.042576205,Aug,1,0
0.0,15,907.5,0.031111111,May,2,0
0.0,2,0.0,0.2,Mar,3,0
0.0,30,677.9166667,0.013333333,Nov,2,0
48.66071756,34,1395.445862,0.042311136,Nov,10,1
0.0,3,293.5,0.133333333,May,5,0
0.0,38,1633.833333,0.007894737,May,1,0
0.0,10,824.0,0.09,Dec,3,0
0.0,4,259.0,0.15,May,1,0
0.0,20,1893.466667,0.02,Oct,2,0
0.0,2,37.2,0.05,Jun,2,0
0.0,24,424.0,0.001190476,Mar,10,0
0.0,58,1470.629167,0.015396825,Nov,1,0
0.0,12,245.6,0.0125,Oct,5,0
0.0,32,396.4714286,0.050688705,Jul,3,0
15.35760339,51,4977.85,0.015536723,May,5,1
0.0,1,0.0,0.2,May,6,0
0.0,11,431.1666667,0.004545455,Nov,2,0
9.641067457,64,3660.342875,0.023835616,Nov,2,1
0.0,9,89.0,0.055555556,Nov,1,0
0.0,32,892.9166667,0.011428571,May,5,0
0.0,20,645.7095238,0.015789474,May,3,0
0.0,9,194.3333333,0.002857143,May,2,0
0.0,1,0.0,0.2,Dec,3,0
0.0,1,0.0,0.2,Mar,1,0
0.0,25,711.1666667,0.016,Dec,3,0
0.0,13,950.6666667,0.054444444,Oct,3,0
0.0,17,386.4166667,0.01,Dec,2,1
179.307293,7,138.8733333,0.0,Nov,2,1
43.79717364,9,465.5,0.056666667,Mar,1,0
0.0,18,691.5,0.005,May,2,0
0.0,12,544.0,0.016666667,Nov,1,0
0.0,6,34.0,0.166666667,May,13,0
0.0,95,2772.278333,0.030104167,Oct,1,0
0.0,5,274.0,0.08,May,3,0
0.0,10,647.6666667,0.04,May,2,0
0.0,8,623.0769231,0.010884354,May,3,0
0.0,4,124.5,0.07,May,3,0
0.0,49,1143.348504,0.008595388,May,2,0
0.0,16,431.5,0.092083333,May,13,0
0.0,22,647.6666667,0.026060606,May,3,0
0.0,20,789.35,0.002721088,Mar,2,0
0.0,137,3004.628109,0.011750149,Oct,2,0
0.0,4,683.4,0.04,Aug,1,0
0.0,2,134.0,0.1,Mar,9,0
13.49047237,40,1773.610152,0.008355899,Nov,2,1
0.0,10,80.5,0.092222222,Dec,3,0
2.323162162,73,3085.007143,0.02475118,May,13,0
0.0,23,996.4380952,0.019927536,May,4,0
0.0,8,194.2285714,0.078125,Nov,1,0
3.373062968,57,1319.366667,0.032699169,Nov,2,1
0.0,3,60.0,0.066666667,Dec,2,0
13.09154641,60,1993.915257,0.011984127,May,1,0
0.0,5,161.3333333,0.05,Mar,3,0
0.0,66,2556.220833,0.02229101,Nov,13,0
1.033764021,113,5882.174206,0.006584897,May,2,0
0.0,82,2375.114286,0.031764706,Nov,1,0
0.0,56,1977.385088,0.007471264,May,4,0
0.0,20,301.0,0.066666667,Dec,2,0
0.0,6,172.2083333,0.044444444,Dec,2,1
0.0,12,396.5,0.037222222,Mar,2,0
0.0,3,80.0,0.033333333,Mar,10,0
0.0,15,1999.833333,0.020512821,May,4,0
0.0,27,839.6666667,0.036666667,May,13,0
0.0,27,830.1041667,0.021428571,Dec,2,0
0.0,5,309.0,0.045,May,2,0
8.788976395,120,3934.201024,0.023646,Nov,2,0
0.0,66,2061.926508,0.014202682,Jul,3,0
0.0,15,203.35,0.066666667,Sep,3,0
0.0,3,65.5,0.1,Nov,13,0
9.442927064,50,2428.35,0.041868132,Nov,3,0
107.2170213,46,1525.666667,0.006382979,May,4,1
14.55428571,15,789.6666667,0.014285714,May,2,1
0.0,35,1621.766667,0.040131579,Nov,2,0
0.0,8,262.1666667,0.025,May,2,0
0.0,8,2398.766667,0.022222222,Jun,3,0
0.0,5,123.6666667,0.013333333,Nov,8,0
0.0,31,1625.583333,0.009677419,Dec,8,0
0.0,44,1502.291667,0.027272727,Dec,2,0
19.82770888,28,608.8833333,0.03125,Jul,13,1
0.0,6,156.2,0.1,Jul,1,0
0.0,194,6737.271825,0.006138614,Mar,3,0
0.0,6,97.83333333,0.075,Dec,1,0
0.0,4,31.0,0.125,May,13,0
0.0,50,1404.459091,0.044,Dec,2,0
0.0,2,23.0,0.1,May,4,0
0.0,17,2777.666667,0.009090909,Mar,1,0
0.0,3,39.5,0.033333333,Dec,8,0
0.0,22,231.5,0.072727273,May,3,0
0.0,18,1489.083333,0.046470588,Mar,1,0
0.0,19,593.75,0.014035088,Nov,2,0
0.0,16,379.3,0.057575758,Oct,3,0
0.0,84,8365.602222,0.037209302,Sep,1,0
0.0,77,3785.5625,0.00982906,Nov,8,1
0.0,57,1234.5,0.020689655,Nov,2,0
0.0,7,179.9583333,0.005,Nov,8,1
0.0,3,70.5,0.022222222,May,3,0
0.0,11,352.5,0.03,Dec,1,0
0.0,44,815.475,0.023550725,May,3,0
0.0,43,1866.107143,0.025,Nov,2,0
34.27708553,21,472.5,0.019047619,Nov,10,1
0.0,11,357.3333333,0.022222222,Dec,2,0
0.0,13,751.5416667,0.06025641,Dec,2,0
0.0,6,86.53333333,0.066666667,Oct,2,0
0.0,64,3038.38,0.038333333,Sep,1,0
0.0,4,39.25,0.05,Nov,1,0
0.0,101,2611.747653,0.029287373,Oct,1,0
0.0,2,5.0,0.066666667,May,4,0
0.0,9,2081.0,0.1,May,1,0
0.0,7,140.4583333,0.034285714,Nov,2,0
7.529302326,44,1151.116667,0.017829457,May,6,0
58.9241766,13,245.1666667,0.0,Aug,4,1
0.0,27,1058.02381,0.036923077,May,4,0
0.0,9,155.0,0.009090909,Dec,2,0
40.65671234,52,1786.109649,0.017118644,Nov,2,0
0.0,2,138.5,0.1,Nov,11,0
0.0,6,249.5,0.033333333,Mar,2,0
0.0,22,1259.872817,0.025185185,Nov,2,0
0.0,29,277.35,0.021904762,Sep,5,0
0.0,53,1299.383333,0.003703704,Mar,2,0
12.8915,109,2926.431962,0.001851852,May,3,1
0.0,5,161.5,0.02,May,2,0
0.0,2,26.0,0.07,May,4,0
0.0,10,242.0833333,0.046666667,Nov,6,0
44.388,11,500.0,0.02,May,2,1
8.979934615,49,2104.3114,0.01954189,May,2,0
26.93792373,59,1828.774603,0.023361582,May,6,0
0.0,23,180.5,0.036363636,Nov,7,0
7.890931935,108,2942.021588,0.013002525,Dec,10,1
0.120699914,17,1883.827222,0.013061325,Mar,8,1
0.0,8,721.4166667,0.00952381,Nov,8,0
0.0,36,2083.530952,0.01351025,Feb,3,0
0.0,5,125.0,0.166666667,Feb,3,0
0.0,16,475.3,0.036842105,Sep,13,0
0.0,12,309.7,0.014705882,Sep,4,0
25.7526389,10,455.0,0.022222222,Dec,2,1
0.0,15,2026.633333,0.039,Nov,13,1
0.0,8,312.3333333,0.01,Nov,4,0
0.0,3,0.0,0.2,Jul,1,0
0.0,5,25.0,0.16,May,3,0
0.0,5,57.0,0.12,Mar,1,0
0.0,8,165.8,0.022222222,May,1,0
0.0,10,172.5,0.043333333,Mar,6,0
0.0,13,1248.0,0.020512821,May,6,0
0.0,7,274.25,0.035,May,1,0
0.0,10,264.25,0.025,Nov,8,1
0.0,13,0.0,0.2,May,6,0
0.0,3,324.0,0.066666667,May,4,0
0.0,39,1324.85,0.01627907,Oct,4,0
0.0,5,124.9583333,0.005555556,Nov,2,0
0.0,1,0.0,0.2,Aug,3,0
0.0,5,138.0,0.1,May,4,0
0.0,6,60.0,0.0525,Dec,2,0
0.0,13,698.0,0.032142857,Mar,1,0
0.0,76,2854.783333,0.019555556,May,4,0
0.0,8,96.0,0.05,Nov,20,0
0.0,20,219.5,0.129761905,May,13,0
0.0,7,289.5,0.014285714,Mar,1,0
0.0,26,419.352381,0.037130178,May,2,0
0.0,8,181.0,0.070833333,Nov,13,0
0.0,4,81.0,0.025,Mar,2,0
0.0,15,432.75,0.011111111,Dec,2,0
0.0,28,580.65,0.016666667,Jul,4,0
0.0,13,338.2,0.069230769,Oct,4,0
0.0,22,623.4166667,0.04526749,May,2,0
0.0,28,884.8040616,0.011326165,May,4,0
0.0,4,111.0,0.011111111,Dec,8,0
0.0,18,720.75,0.003508772,May,2,0
0.0,10,138.1666667,0.015384615,Nov,2,0
0.0,61,2183.5,0.003225806,Mar,9,0
0.0,21,192.9,0.104545455,Jul,3,0
0.0,38,813.6016667,0.037398374,Nov,1,0
0.0,29,2041.626667,0.047324629,Sep,1,0
0.0,12,338.75,0.033333333,Nov,2,0
0.0,33,636.5833333,0.00625,Dec,2,0
0.0,6,219.5,0.077777778,May,6,0
0.0,11,1114.916667,0.030769231,Mar,3,0
0.0,29,874.952381,0.044367816,Dec,2,0
19.66818546,19,298.0,0.016666667,Mar,1,0
0.0,1,0.0,0.2,Dec,1,0
0.0,10,297.1666667,0.028571429,Nov,4,0
0.0,3,14.0,0.066666667,Mar,3,0
37.53469014,31,1314.112346,0.013518007,Oct,4,1
0.0,38,1417.666667,0.048717949,May,6,0
0.0,14,497.8,0.018333333,Sep,2,0
0.0,8,533.3,0.016666667,Sep,2,0
0.0,1,0.0,0.2,Mar,1,0
0.0,18,401.968254,0.017105263,May,3,0
0.0,100,2781.125,0.037666667,Dec,1,0
0.0,28,666.0,0.007142857,May,2,0
0.0,7,1689.0,0.085714286,May,3,0
0.0,16,386.4444444,0.02745098,May,3,0
0.0,13,1183.05,0.0375,Dec,2,0
19.11506897,57,1092.364286,0.006321839,May,4,1
0.0,1,0.0,0.2,May,3,0
0.0,17,341.6666667,0.041176471,Mar,6,0
0.0,5,266.3333333,0.08,Mar,3,0
0.0,14,429.9166667,0.033333333,Nov,11,0
0.0,1,0.0,0.2,Feb,1,0
0.0,7,486.5,0.028571429,Nov,1,0
0.0,3,41.5,0.133333333,Nov,1,0
0.0,9,350.25,0.035714286,Dec,7,0
0.0,1,0.0,0.2,Dec,1,0
0.0,10,226.8333333,0.01,Mar,2,0
14.67222588,27,1285.583333,0.006896552,Dec,2,1
0.0,10,22.5,0.106666667,May,4,0
0.0,49,1493.695238,0.015750591,Dec,10,0
0.0,125,3727.32381,0.001158605,May,2,0
0.0,8,95.0,0.075,Feb,3,0
5.220705882,35,897.6666667,0.017016807,May,3,1
0.0,3,41.0,0.066666667,Feb,3,0
0.0,18,1045.3,0.026315789,Sep,1,0
0.0,10,124.8666667,0.030526316,Aug,2,1
0.0,18,760.0,0.115789474,May,13,0
0.0,13,930.0535714,0.027083333,Nov,3,0
0.0,11,119.2,0.015384615,Sep,2,0
0.0,45,1390.40359,0.023262411,Jul,13,0
0.0,24,448.1945887,0.005747126,Nov,8,0
0.0,11,252.8928571,0.011078431,May,4,0
0.0,6,319.0,0.05,Mar,1,0
61.91792063,24,1015.3,0.004166667,Aug,2,1
0.0,36,1564.161905,0.024900794,May,2,0
0.0,21,947.3928571,0.033333333,Dec,10,0
0.0,7,183.0,0.072727273,Jul,4,0
0.0,1,0.0,0.2,Dec,1,0
0.0,18,5188.5,0.05,Mar,1,0
0.0,15,482.0,0.025,Mar,1,0
0.847337986,99,3611.978569,0.00210649,Jun,7,1
0.0,81,2961.483333,0.026666667,May,4,0
0.0,4,41.0,0.15,May,2,0
0.0,3,26.0,0.05,Mar,1,0
23.27552205,55,936.1333333,0.020238095,Nov,2,1
0.0,1,0.0,0.2,Dec,3,0
0.0,3,30.0,0.066666667,Mar,1,0
0.0,28,518.3966667,0.013333333,Oct,2,0
0.0,25,383.0833333,0.037575758,Mar,1,0
0.0,4,28.0,0.075,Nov,3,0
0.0,5,43.0,0.04,Mar,9,0
0.0,16,1254.0,0.019327731,Nov,2,0
0.0,1,0.0,0.2,May,2,0
0.0,4,741.4,0.075,Oct,1,0
0.0,44,814.1547619,0.023188406,Nov,10,1
1.984555788,351,8650.048771,0.027372411,Nov,3,0
7.198820003,45,1165.84,0.034042553,Oct,1,1
0.0,21,1342.5,0.02,May,2,0
0.0,8,247.5,0.00952381,Nov,2,1
11.48461765,62,1088.830952,0.007230392,Mar,9,1
0.0,1,0.0,0.2,Jun,1,0
0.0,6,399.0,0.033333333,May,4,0
0.0,83,2101.466667,0.001190476,May,4,0
0.0,2,159.0,0.008,Mar,7,0
23.7389113,92,2716.519048,0.037885297,Nov,2,0
0.0,1,0.0,0.2,Jun,2,0
18.78186098,78,3621.606667,0.006024096,Jul,1,0
59.42458922,245,7793.158685,0.004610177,Nov,8,1
0.0,2,1207.0,0.05,May,1,0
0.0,69,3051.525518,0.016949586,Oct,3,0
55.485,11,501.75,0.033333333,May,2,1
0.0,33,916.4583333,0.013333333,Dec,2,0
63.93506419,15,579.0,0.0125,Dec,2,1
0.0,103,2429.279762,0.044360501,Nov,13,0
0.0,10,409.4666667,0.039010989,Dec,2,0
0.0,8,202.1666667,0.01,Mar,8,0
9.775216594,20,293.0333333,0.025396825,Nov,1,0
18.20995652,48,3644.752381,0.016666667,Mar,2,0
0.0,16,1092.333333,0.066666667,Dec,1,0
0.0,32,1420.25,0.027083333,Mar,1,0
5.569285714,28,2778.333333,0.023809524,May,11,0
0.0,4,121.5,0.05,Nov,8,0
0.0,3,165.0,0.033333333,May,1,0
0.447038663,111,3276.190541,0.011027644,Jul,3,0
14.88419318,20,473.5,0.028996212,Dec,1,1
26.12015415,13,545.5714286,0.020784314,Mar,2,1
0.0,7,431.5333333,0.007142857,Oct,2,0
0.0,33,777.1166667,0.015104167,Nov,2,0
0.0,36,756.0416667,0.008950617,Nov,10,0
0.0,3,21.0,0.066666667,Nov,2,1
0.0,2,11.5,0.1,Dec,2,0
0.0,3,74.5,0.1,Dec,3,0
0.0,7,136.75,0.038095238,Dec,6,0
0.0,12,193.75,0.016666667,May,5,0
0.0,1,0.0,0.2,Nov,20,0
0.0,58,3200.366667,0.027586207,Mar,1,0
0.0,41,1546.5,0.008333333,Mar,1,0
0.0,4,417.4,0.01,Sep,2,0
8.191922892,111,2312.337853,0.013887559,Nov,2,1
0.0,17,827.5333333,0.018181818,Sep,2,0
0.0,14,1324.133333,0.015986395,Nov,2,0
0.0,21,1146.333333,0.012962963,Feb,3,0
0.0,76,1966.092332,0.014700317,Dec,2,1
0.0,1,0.0,0.2,Nov,3,0
0.0,98,3556.61241,0.010173465,Mar,3,0
41.34613116,33,768.4133333,0.013617886,Sep,2,0
0.0,3,105.0,0.033333333,Feb,5,0
0.0,1,36.0,0.066666667,Mar,2,0
0.0,2,301.0,0.033333333,Nov,3,0
131.5040438,61,1260.524994,0.003225806,Nov,10,1
0.0,1,0.0,0.2,Oct,20,1
0.0,15,293.0,0.026190476,Nov,1,0
0.0,1,0.0,0.2,May,13,0
26.98,8,459.0,0.028571429,May,2,1
0.0,2,78.0,0.05,Dec,2,0
0.0,5,73.0,0.16,Nov,3,0
0.0,7,110.75,0.028571429,May,4,0
0.0,34,448.75,0.048648649,Mar,1,0
0.0,10,491.0,0.004444444,May,2,0
3.810575284,28,1561.083333,0.03,Mar,10,1
0.0,8,106.0833333,0.05625,Dec,1,0
0.0,24,810.5,0.017207792,Nov,3,0
0.0,11,116.5,0.075757576,Dec,1,0
0.0,127,4214.779822,0.018035252,Nov,3,0
0.0,17,132.6333333,0.007843137,Mar,2,0
0.0,2,689.0,0.1,May,2,0
0.0,53,2387.596667,0.007692308,Oct,2,0
15.32910159,35,1974.352381,0.018866213,Mar,2,0
0.0,2,149.0,0.1,May,3,0
0.0,37,584.5958874,0.013043478,Mar,3,0
0.0,50,2330.727381,0.031399417,Nov,3,0
0.0,12,293.5,0.075,May,13,0
0.0,3,0.0,0.2,Nov,13,0
27.79373861,2,4.0,0.04,Oct,2,0
0.0,88,1917.683333,0.016287879,May,1,0
0.0,1,0.0,0.2,Nov,1,0
0.0,22,347.6666667,0.059848485,Jun,3,0
7.152750452,157,4643.755952,0.010776613,May,4,0
0.0,5,85.6,0.046666667,Jun,2,0
0.0,27,1316.035714,0.022222222,Nov,1,0
0.0,80,3279.407576,0.041944444,May,2,0
0.0,6,147.9,0.036363636,Aug,2,0
0.0,27,463.8333333,0.067530864,May,4,0
0.0,10,239.7,0.0025,Sep,1,0
0.0,4,156.5,0.05,Dec,6,0
0.0,15,1605.583333,0.037267081,Nov,2,1
0.0,159,5878.940603,0.018569755,Nov,2,1
0.0,36,493.3033901,0.01660575,Oct,2,0
32.80852174,17,1243.5,0.008695652,May,2,1
0.0,27,696.9,0.014814815,Sep,4,0
0.0,1,19.2,0.1,Aug,1,0
1.70506715,60,2062.890972,0.026580162,Mar,2,1
0.0,3,11.0,0.166666667,May,6,0
0.0,14,584.3333333,0.003703704,May,5,0
0.0,15,305.2083333,0.010784314,Nov,2,0
0.0,2,94.0,0.1,Nov,8,0
0.0,34,1045.102381,0.007603276,Mar,3,0
0.0,16,1061.0,0.025,May,3,0
0.0,15,1074.428571,0.021538462,Mar,1,0
0.0,9,1238.333333,0.040740741,Feb,3,0
0.0,5,71.0,0.04,May,2,0
0.0,24,387.8846154,0.038095238,Mar,3,0
0.0,23,890.1952381,0.004166667,Jul,1,0
0.0,1,0.0,0.2,Dec,1,0
0.0,8,556.0,0.015151515,Dec,2,0
0.0,7,228.0,0.028571429,May,3,0
0.0,8,203.0,0.00952381,Dec,2,0
0.0,5,371.0,0.02,Mar,10,0
3.229518182,51,4522.409524,0.042922078,May,2,0
0.0,1,695.5,0.1,Nov,1,0
17.50632106,28,859.3333333,0.007407407,Nov,2,1
0.0,9,280.0,0.022222222,Mar,2,0
0.0,17,546.0,0.004761905,Mar,1,0
0.0,14,536.0,0.01025641,Dec,10,0
0.0,4,67.0,0.05,Dec,2,0
26.66133333,10,130.1666667,0.083333333,Mar,8,0
0.0,16,1106.333333,0.053125,Mar,3,0
0.0,6,1038.0,0.066666667,Dec,2,0
32.43717827,20,633.75,0.019047619,Dec,1,1
0.0,129,6657.151362,0.022102102,May,2,0
0.0,224,5209.958128,0.021844997,Nov,2,1
11.13171429,16,355.5,0.014285714,May,3,1
0.0,26,2676.0,0.04556213,May,6,0
0.0,11,292.9,0.11952381,Feb,1,0
0.0,7,170.75,0.025,Nov,2,0
0.0,3,98.0,0.066666667,Nov,2,0
0.0,17,336.0,0.01875,May,4,0
0.0,6,1057.0,0.033333333,Mar,1,0
0.0,1,0.0,0.2,Nov,6,0
26.45046371,8,568.25,0.033333333,Nov,7,0
0.0,15,1674.0,0.04,Mar,1,0
0.0,30,1956.022222,0.022907353,May,2,0
0.0,53,2121.311111,0.060754717,Jun,1,0
3.38287678,195,7675.14929,0.014673582,May,4,0
0.0,29,2064.766667,0.037356322,Jun,1,0
0.0,31,887.9166667,0.069892473,May,15,0
0.0,5,45.25,0.038095238,Dec,2,0
18.30205576,16,566.4866667,0.039365079,Sep,1,1
0.0,3,79.0,0.166666667,Mar,3,0
0.0,12,250.8333333,0.016666667,Mar,1,0
0.0,30,619.5208333,0.00625,Dec,1,0
0.0,23,1016.160714,0.02402746,Nov,13,0
0.0,24,1268.0,0.015277778,Mar,2,0
16.197,23,975.75,0.05030303,May,6,0
0.0,13,1286.050476,0.019886364,Aug,2,0
16.04860714,98,2680.828571,0.014160401,May,13,1
2.815539375,95,2625.185014,0.027077656,Nov,1,0
0.906375967,82,3801.680397,0.03015873,Sep,4,0
0.0,4,13.0,0.133333333,May,3,0
0.0,4,82.5,0.05,Mar,3,0
0.0,38,3779.444444,0.02814992,Dec,2,0
0.0,227,6854.604365,0.020960781,Nov,1,0
0.0,26,1107.116667,0.009490509,Aug,1,0
0.0,19,1440.166667,0.040350877,Nov,1,0
19.47465798,24,607.9666667,0.004166667,Nov,2,1
0.0,6,69.5,0.033333333,Mar,1,0
0.0,7,121.0,0.051282051,May,13,0
0.0,2,0.0,0.2,May,1,0
24.72661836,56,1080.266667,0.025355418,May,1,0
0.0,14,561.6666667,0.025,Dec,10,0
0.0,15,455.5,0.014285714,May,2,0
0.0,60,1288.563333,0.017777778,Jun,4,0
0.0,31,1075.759524,0.007758621,May,11,0
0.0,35,1000.8,0.013888889,Dec,6,0
0.0,15,290.1,0.026666667,Dec,3,0
0.0,141,2596.204762,0.020121639,Nov,2,0
0.0,7,211.1,0.0,Jul,2,0
0.0,12,237.0,0.014285714,May,3,0
2.790473684,59,2574.725974,0.016621682,May,4,0
0.0,4,790.0,0.05,Nov,3,0
0.0,1,0.0,0.2,Nov,13,0
0.0,4,26.0,0.05,Nov,11,0
3.851653215,238,10340.36916,0.016345046,Dec,1,0
0.0,6,75.2,0.05,Jul,3,0
68.75226072,13,354.2833333,0.037647059,Sep,4,0
0.0,10,189.5,0.036666667,Mar,3,0
0.0,2,0.0,0.2,Jun,13,0
0.0,30,643.4333333,0.019047619,Oct,2,0
0.0,19,1138.793636,0.007017544,Aug,2,0
0.0,38,2533.008333,0.026190476,Dec,2,0
0.0,25,316.5416667,0.02,Dec,1,0
38.83384563,9,329.25,0.075,Dec,1,1
0.0,20,480.8571429,0.005789474,May,19,0
5.770973155,97,2696.10873,0.021408935,Nov,13,1
0.0,7,534.0,0.02962963,Aug,2,0
12.83705128,50,1766.855952,0.013141026,May,3,0
0.0,16,655.3833333,0.012037037,Nov,3,0
0.0,13,231.5,0.046153846,May,4,0
39.96971545,25,806.5,0.009615385,Aug,4,0
6.048714136,59,1533.025834,0.0322986,Nov,1,0
0.0,17,315.0,0.020625,May,4,0
0.0,1,0.0,0.2,Mar,1,0
0.0,23,1817.0,0.073696145,May,13,0
0.0,5,186.0666667,0.15952381,Jun,13,0
11.9331881,26,1076.861905,0.014942529,Dec,8,0
18.13388282,33,2002.814281,0.029566569,Nov,11,0
0.0,36,1792.8,0.004390244,Mar,10,0
0.0,38,2001.7,0.030232558,Jun,3,0
106.2525169,24,968.6924242,0.0,Nov,2,1
0.0,10,117.25,0.130952381,Nov,11,1
0.0,3,35.0,0.1,May,3,0
0.0,6,551.0,0.05,Mar,1,0
0.0,2,5.0,0.1,Mar,1,0
6.425757643,141,3274.521154,0.008391608,Dec,1,0
0.0,121,4875.106113,0.020025438,Nov,13,0
0.0,64,1324.68,0.003864734,Jun,4,0
0.0,5,90.66666667,0.12,May,6,0
78.19779587,98,3561.139286,0.018367347,Nov,13,1
0.0,36,631.3068627,0.047901224,May,6,0
0.0,29,1141.175,0.025902778,Nov,2,0
0.0,46,2452.582143,0.022253906,Mar,3,0
0.0,11,496.25,0.026190476,Dec,8,0
0.0,20,918.0833333,0.010666667,May,2,0
0.0,90,6951.972222,0.015013034,Feb,3,0
0.0,15,605.8857143,0.005882353,Mar,2,0
0.0,4,51.5,0.05,Dec,2,0
0.0,1,0.0,0.2,Mar,1,0
0.0,8,27.375,0.088888889,Nov,11,0
0.0,2,52.0,0.1,Feb,3,0
0.0,19,422.8333333,0.045614035,Mar,3,0
0.0,3,0.0,0.2,Nov,1,0
0.0,32,2632.7,0.013541667,Nov,3,0
0.0,40,1411.833333,0.001282051,May,6,0
61.61833364,33,865.8071429,0.012280702,Dec,2,1
17.16745965,57,1190.548851,0.027309942,May,6,1
5.287005762,38,1639.069361,0.031621722,Sep,1,0
0.0,7,300.5,0.114285714,Nov,13,0
0.0,26,1570.133333,0.005357143,Jun,4,0
0.0,22,2905.5,0.04,May,2,0
0.0,25,344.3214286,0.033333333,May,1,0
0.0,36,1018.018025,0.038075929,Nov,2,0
0.0,59,468.1916667,0.003278689,May,2,0
0.0,3,62.0,0.066666667,May,2,0
0.0,26,1685.266667,0.034615385,Mar,3,0
0.0,12,139.8,0.091666667,Aug,13,0
0.0,2,254.0,0.1,Mar,1,0
0.0,3,1692.25,0.014285714,Dec,2,0
0.0,17,532.75,0.046666667,Dec,1,0
23.6393946,12,905.5,0.026666667,Dec,1,1
0.0,8,253.25,0.02,Dec,2,0
0.0,33,2270.75,0.010840336,Dec,2,0
0.0,5,819.5,0.036,Mar,2,0
4.586910248,120,5771.466862,0.014537746,Aug,2,0
0.0,30,397.0,0.02,Mar,2,0
0.0,14,624.4333333,0.015238095,Nov,1,0
0.0,25,1344.291667,0.008695652,Nov,8,0
0.0,58,2665.798039,0.027288961,May,4,0
2.776907268,126,2645.833333,0.01597088,May,3,0
0.0,5,1377.25,0.186666667,Nov,1,0
0.0,60,1315.177778,0.031793785,Nov,2,1
26.38074656,9,561.25,0.033333333,Dec,1,0
146.23875,16,692.6666667,0.0125,May,2,1
0.0,13,598.5,0.016666667,Nov,2,0
0.0,38,3287.0,0.075814536,Jun,1,0
0.0,200,6671.290144,0.012152531,Nov,2,0
0.0,77,1903.601743,0.029314358,Dec,1,0
0.0,68,1607.173333,0.033333333,Sep,3,1
0.0,3,23.0,0.111111111,May,1,0
0.0,1,0.0,0.2,Nov,3,0
0.0,6,415.0,0.033333333,Feb,2,0
0.0,39,1779.886905,0.028972694,Dec,2,0
0.58275,160,2418.52904,0.017369338,May,6,0
16.33942857,19,461.05,0.026190476,Mar,1,0
0.0,7,267.5,0.064285714,Dec,3,0
0.0,7,360.75,0.033333333,Mar,2,0
0.0,45,844.25,0.01037037,Mar,1,0
0.0,35,1295.916667,0.023611111,May,4,0
0.0,39,1056.511364,0.031666667,Dec,1,0
0.0,16,199.0,0.015789474,Jul,2,0
0.0,53,4048.583333,0.015490196,Dec,1,0
7.014753437,21,803.0,0.052631579,Nov,3,1
5.931332852,69,2766.942172,0.028665325,Dec,2,0
0.0,18,623.725,0.055396825,Dec,2,0
10.60089168,48,2309.732468,0.014903846,Mar,1,1
42.74590431,13,2123.5,0.030769231,Nov,3,1
0.0,2,317.25,0.066666667,Dec,2,0
0.0,25,527.5,0.003466667,May,4,0
0.0,2,155.5,0.15,Dec,1,0
3.099,51,2697.487879,0.017471264,May,19,0
0.0,2,8.0,0.05,Dec,20,0
0.0,48,1939.571111,0.010539084,Nov,20,1
12.64606692,152,3684.321458,0.010451453,Nov,2,1
0.0,19,409.75,0.01038961,Mar,3,0
0.0,1,0.0,0.2,May,1,0
0.0,258,5154.777093,0.011675429,Dec,1,0
0.0,41,817.7958109,0.05715957,Jun,13,0
0.0,3,77.0,0.022222222,Oct,2,0
22.09581063,6,243.3,0.05,Oct,1,0
0.0,37,1234.525,0.020720721,Dec,3,0
0.0,17,1770.8,0.035087719,Nov,2,0
0.0,4,67.75,0.05,Nov,1,0
0.0,35,596.0333333,0.005263158,Oct,2,0
19.34826667,15,791.0,0.031111111,May,1,0
0.0,11,281.425,0.053125,Nov,2,0
0.0,2,13.0,0.028571429,Dec,2,1
0.0,11,919.0,0.027272727,Mar,3,0
0.0,3,164.0,0.013333333,Mar,2,0
0.0,138,4031.561667,0.010238095,Nov,13,0
0.0,5,165.1,0.016666667,Sep,3,0
0.0,90,4875.609432,0.044796184,Nov,1,1
0.0,2,12.0,0.1,May,13,0
0.0,69,3621.066667,0.02032147,Nov,2,1
51.36077038,101,6038.244769,0.019112158,Nov,2,1
0.0,17,465.6666667,0.005098039,May,2,0
0.0,54,1357.61783,0.004812274,Mar,2,0
0.0,37,592.8375,0.051919272,Nov,11,0
0.0,49,1550.916667,0.041333333,Nov,1,0
0.0,25,1417.022222,0.055466667,Jul,2,0
0.0,5,36.0,0.1,May,6,0
0.0,23,672.2644444,0.046153846,Oct,1,0
0.0,25,489.15,0.0171875,Aug,5,0
0.0,2,9.0,0.05,Dec,10,0
0.0,13,94.6,0.070670996,Jul,4,1
0.0,2,0.0,0.2,Mar,1,0
0.0,8,943.5,0.045833333,Dec,10,0
0.0,63,2074.611111,0.02000962,Dec,10,0
0.0,11,578.0,0.011688312,May,1,0
51.46331148,63,5220.083333,0.003329865,Mar,1,1
0.0,33,601.9714286,0.012903226,May,13,0
0.0,16,172.1333333,0.049,Oct,2,1
0.0,1,0.0,0.2,Mar,3,0
0.0,35,905.1226263,0.019206774,Jul,1,0
3.303059969,123,3944.384921,0.017112135,Nov,2,0
4.947766276,116,7009.095996,0.011083789,May,3,0
0.0,4,46.0,0.022222222,Sep,5,0
0.0,21,1041.733333,0.053333333,Nov,1,0
0.0,1,0.0,0.2,Dec,1,0
5.694121212,34,877.6666667,0.042323232,May,2,0
0.0,4,35.92777778,0.056481481,Oct,2,0
0.0,6,46.0,0.016666667,Dec,1,0
0.0,14,148.0,0.1,May,1,0
0.0,44,2588.5,0.041201814,May,4,0
0.0,20,412.8333333,0.038095238,May,6,0
0.0,27,954.6666667,0.003846154,Mar,2,0
0.0,2,7.0,0.1,Jun,1,0
25.109,19,989.3333333,0.011111111,May,2,1
9.511714286,30,1039.477564,0.007428571,May,11,1
77.25951671,82,5316.459524,0.01125,Nov,3,1
22.738,11,482.6666667,0.02,May,2,1
0.0,26,648.4,0.018,Mar,3,0
0.0,80,3734.958333,0.026547619,Nov,2,0
0.0,13,309.9333333,0.013333333,Mar,2,0
0.0,12,343.0,0.032222222,Mar,2,0
14.37785831,12,309.3666667,0.019047619,Sep,6,1
0.0,31,824.86,0.008333333,Sep,3,0
0.0,11,714.5,0.028571429,May,6,0
0.0,31,663.2777778,0.007058824,Oct,3,0
0.0,19,881.1666667,0.005882353,May,4,0
0.0,7,584.3777778,0.064351852,Jul,2,1
0.0,40,1542.35,0.031666667,Nov,2,1
0.0,0,0.0,0.05,Sep,6,1
0.0,13,534.4833333,0.004166667,Oct,2,0
0.0,56,857.7355067,0.014259607,Jun,4,0
0.0,16,1027.657143,0.01875,Mar,3,0
0.0,14,195.4166667,0.030434783,Dec,1,0
0.0,57,2931.580303,0.021833333,May,2,0
48.864,43,2124.833333,0.015151515,May,4,1
0.0,10,138.4166667,0.013333333,Nov,2,0
0.0,27,845.5,0.007407407,Mar,11,0
2.904177177,97,1871.788041,0.010302067,May,2,0
6.373770623,133,2248.914286,0.029349567,Jul,4,1
0.0,14,628.0,0.042857143,May,3,0
0.0,3,138.0,0.111111111,Nov,3,0
173.4697917,50,1232.02684,0.001666667,May,2,1
0.0,13,420.2466667,0.064912281,Sep,13,1
42.8662809,89,3509.130952,0.015248796,May,6,0
0.0,61,867.4642857,0.028052083,May,3,0
25.85442016,59,1684.496667,0.00952381,Nov,4,0
0.0,109,3339.07598,0.014582448,Nov,8,0
0.0,3,59.0,0.033333333,Mar,1,0
87.9029606,6,222.0,0.04,Dec,20,1
0.0,22,353.1666667,0.031818182,Mar,3,0
16.81772593,35,1760.613095,0.01375,Nov,2,1
0.0,4,18.0,0.1,Nov,13,0
0.0,50,1870.791667,0.024025157,Dec,1,0
29.90282143,22,924.0,0.028571429,May,2,1
15.25033754,102,5978.180357,0.020329446,May,2,0
17.37391304,23,1046.916667,0.004347826,May,1,1
0.0,31,3116.5,0.005208333,Dec,10,1
0.0,1,0.0,0.2,Mar,1,0
0.0,53,2130.025,0.010061728,May,4,0
0.0,4,51.5,0.1,Nov,13,0
0.0,170,5639.22176,0.01109801,Dec,2,0
0.951933747,261,14150.54613,0.026011023,Nov,2,1
0.0,69,2183.007024,0.032956586,Jul,6,0
0.0,24,324.0,0.131944444,May,13,0
0.0,49,1384.016667,0.011904762,Mar,2,0
0.0,1,0.0,0.2,Dec,13,0
0.0,27,3188.483333,0.031034483,Dec,2,0
0.0,38,777.4146154,0.016960486,Sep,3,0
0.0,1,0.0,0.2,May,3,0
0.0,23,472.4166667,0.032985131,Dec,3,0
0.0,16,1835.5,0.031481481,Aug,6,0
0.0,20,600.3966667,0.04,Aug,13,0
0.0,9,339.5,0.013888889,Dec,2,0
0.0,0,0.0,0.033333333,Mar,3,0
20.71678117,5,163.2,0.028571429,Aug,3,1
0.0,14,178.59,0.00625,Aug,4,0
0.0,135,7091.697778,0.037964727,Sep,3,0
0.0,146,2650.780526,0.011184211,Oct,2,0
0.0,7,362.0,0.028571429,Mar,1,0
24.07951908,23,766.25,0.025,Dec,8,1
0.0,5,52.0,0.02,Mar,2,0
0.0,186,8425.870475,0.015721509,Nov,2,0
0.0,33,549.78,0.005555556,Sep,1,0
23.87629104,59,1927.122222,0.023728814,May,13,1
0.0,5,354.9,0.06,Sep,1,0
0.0,2,71.5,0.05,Dec,10,0
0.0,27,669.9333333,0.0,Aug,2,0
42.41914286,114,3772.405525,0.001680672,May,14,1
55.5696756,22,493.0,0.00952381,Nov,8,1
0.0,8,388.0,0.05625,Feb,4,0
11.38642105,19,1120.266667,0.052631579,May,4,1
0.0,8,323.5,0.02,Dec,2,0
0.0,7,314.5,0.066666667,Mar,1,0
9.162351243,66,2868.133333,0.01725974,Mar,1,1
88.06848401,5,170.4,0.028571429,Nov,2,1
0.0,29,809.1666667,0.032142857,May,3,0
0.0,9,146.375,0.0875,Nov,13,0
0.0,31,700.0466667,0.01712963,Aug,2,0
0.0,154,7838.556598,0.014926307,Nov,2,0
46.06937312,4,302.0,0.04,Dec,20,1
0.0,10,128.5,0.085119048,Nov,6,0
0.0,5,158.6,0.013333333,Jul,4,0
0.0,43,907.5083333,0.002439024,Nov,2,0
0.0,83,3708.383949,0.012547833,Nov,2,0
0.0,66,3391.68588,0.038335618,Dec,1,0
10.93482456,34,991.3678571,0.01443609,Mar,2,0
0.0,19,557.35,0.029824561,Nov,3,0
0.0,41,1837.204167,0.066547107,Nov,3,0
0.0,27,702.3333333,0.042261905,Dec,2,0
14.96948769,77,3719.643711,0.010684624,Nov,3,1
0.0,84,2756.215152,0.002462121,Mar,3,0
0.0,8,209.5,0.025,Feb,1,0
0.0,7,62.8,0.022222222,Jun,4,0
0.0,21,598.6,0.038095238,May,4,0
0.0,4,40.0,0.014285714,Dec,2,0
0.0,7,128.0,0.057142857,May,3,0
0.0,46,2158.5,0.032246377,Nov,2,0
0.0,20,337.8533333,0.016296296,Sep,5,0
0.0,10,118.0,0.066666667,Jun,3,0
0.0,1,381.8,0.133333333,Jun,4,0
0.0,46,1900.896078,0.031932773,May,1,0
0.0,4,599.0,0.011111111,Aug,5,0
0.0,3,23.0,0.066666667,Dec,8,0
0.0,22,480.9666667,0.026652893,Mar,3,0
0.0,18,1748.0,0.064705882,May,3,0
0.0,28,707.9116667,0.017241379,Sep,2,0
0.0,44,630.3166667,0.044223485,May,3,0
0.0,11,124.2166667,0.075757576,Dec,1,0
0.0,171,5830.91,0.005494505,Oct,2,1
0.0,24,743.75,0.016666667,Dec,2,0
0.0,2,21.0,0.05,May,3,0
0.0,23,347.8522727,0.030434783,Nov,3,0
0.0,1,0.0,0.2,May,3,0
0.0,2,7.0,0.15,May,4,0
0.0,21,1275.9,0.101587302,Sep,1,0
12.58722248,28,630.6466667,0.016666667,Sep,4,1
4.113391331,38,1429.875,0.022807018,Nov,13,1
0.0,35,529.2916667,0.021621622,Nov,1,0
0.0,1,0.0,0.2,May,2,0
89.13481061,15,428.0,0.014285714,Nov,6,1
0.0,4,88.0,0.05,Feb,3,0
43.99,12,375.0,0.039583333,May,2,1
37.72031898,137,7672.152381,0.011631206,Oct,2,1
0.0,6,64.0,0.022222222,May,4,0
27.61615655,61,2362.724563,0.024507322,Oct,1,0
0.0,12,1077.0,0.054545455,May,1,0
25.11150884,30,974.9,0.0140625,Nov,4,0
0.0,20,910.41,0.003333333,Nov,2,0
3.27121463,7,245.4,0.08125,Sep,4,0
0.0,31,618.0,0.006451613,May,3,0
0.0,131,4442.394444,0.014283502,Nov,2,0
0.0,9,166.12,0.022222222,Jul,1,0
0.0,186,5106.262991,0.023642242,Nov,2,0
0.0,11,292.7,0.090909091,Jun,3,0
0.0,4,118.0,0.066666667,May,3,0
0.0,5,200.9333333,0.08,Dec,6,0
0.0,14,1025.0,0.066666667,May,13,0
0.0,14,1125.875,0.042857143,Nov,2,0
0.0,11,160.5,0.004761905,Mar,8,0
0.0,8,781.0,0.057142857,Mar,1,0
0.0,14,187.9166667,0.02745098,Dec,3,0
0.0,92,1688.058761,0.016494134,May,6,0
0.0,45,2984.130952,0.02141844,Nov,1,0
0.0,3,558.0,0.066666667,Mar,1,0
0.0,2,29.5,0.1,Nov,2,0
0.0,13,816.9545455,0.047619048,May,1,0
0.0,14,222.4,0.057142857,Feb,2,0
0.0,6,118.3333333,0.044444444,Nov,3,0
0.0,6,47.25,0.033333333,Dec,1,0
36.70369311,13,238.5333333,0.009375,Oct,20,1
0.0,57,4895.022989,0.023321256,May,13,0
0.0,22,671.8666667,0.02057971,Nov,10,0
0.0,12,306.0,0.02,Mar,8,0
0.0,10,234.6384615,0.064935065,Nov,13,0
22.95499447,32,855.5416667,0.027058824,Nov,6,1
0.0,5,150.25,0.12,Nov,3,0
0.0,3,18.0,0.111111111,Nov,13,0
10.07328,22,679.5,0.014666667,May,3,0
0.0,343,29970.46597,0.02897116,Dec,2,0
0.0,4,132.5,0.183333333,Nov,13,0
0.0,12,353.0,0.015384615,Mar,2,0
0.0,3,192.5,0.05,Nov,2,0
0.0,33,1593.388889,0.031515152,Mar,1,0
0.0,14,1501.0,0.126666667,May,4,0
0.0,11,191.0,0.018181818,May,4,0
0.0,28,1248.058333,0.024479167,Nov,2,0
0.0,24,854.3333333,0.008333333,Mar,10,0
5.638103093,95,4990.959524,0.015307716,May,6,1
0.0,10,72.0,0.11,May,6,0
0.0,1,0.0,0.2,May,1,0
0.0,7,49.86666667,0.092857143,Sep,3,0
42.29306752,13,227.6,0.0,Jul,3,0
0.0,49,1164.416667,0.064,May,4,0
0.0,4,86.36,0.11875,Aug,1,0
0.0,1,0.0,0.066666667,Dec,8,1
0.0,144,5757.853961,0.014030074,Nov,2,0
1.435224011,88,3634.585714,0.035701754,Oct,3,0
0.0,13,935.0,0.027272727,May,2,0
13.11733918,56,2145.563492,0.025292398,May,14,1
0.0,7,212.1666667,0.00625,Mar,8,0
0.0,12,303.5,0.016666667,Dec,2,0
0.0,29,1005.946429,0.013333333,May,5,0
0.0,55,3227.483333,0.016363636,Nov,13,0
0.0,36,1420.547902,0.042694343,May,4,0
0.0,29,1343.946429,0.034983766,Nov,13,0
16.32930757,39,1570.791667,0.011156463,Dec,2,0
0.0,44,2479.0,0.043560606,May,6,0
0.0,19,1210.1,0.005555556,Nov,10,0
0.0,19,599.0,0.035,May,2,0
0.0,61,3545.19127,0.057518519,May,2,0
32.68969091,53,2247.608298,0.016751935,May,4,0
0.0,8,713.5833333,0.046969697,Nov,10,0
0.0,9,165.0,0.022222222,May,4,0
0.0,4,108.0,0.05,May,2,0
0.0,24,981.1666667,0.084722222,May,11,0
0.0,1,0.0,0.2,Dec,1,0
63.1498595,12,1581.5,0.026851852,Dec,8,0
0.0,10,427.1666667,0.015384615,Mar,3,0
0.0,51,1056.616667,0.036472303,May,11,0
0.0,3,71.16666667,0.083333333,Nov,3,1
0.0,48,4293.833333,0.034166667,Nov,2,0
0.0,10,107.2,0.027272727,Oct,20,0
0.0,4,50.0,0.075,May,4,0
0.0,11,1568.5,0.036363636,Nov,2,0
0.0,2,58.0,0.1,Nov,6,0
3.464444066,124,3959.145344,0.014283416,Nov,2,1
0.0,5,143.5,0.04,Mar,3,0
0.0,25,397.8846154,0.033504762,Mar,1,0
0.0,24,1183.826667,0.005128205,Jul,2,0
0.0,9,437.4,0.027272727,Jul,5,0
0.0,6,328.0,0.015384615,Mar,2,0
0.0,31,1066.0,0.014285714,May,6,0
30.04921703,24,1123.246667,0.017391304,Sep,2,1
0.0,27,393.7888889,0.032193939,Nov,11,0
34.97250838,13,562.25,0.015384615,Nov,2,1
0.0,3,1666.5,0.033333333,Nov,3,0
0.0,25,1040.75,0.024266667,Mar,2,0
0.0,80,3313.073936,0.059636655,Nov,2,0
0.0,27,955.525,0.022222222,Nov,1,0
0.0,1,0.0,0.2,Jul,4,0
0.0,7,55.0,0.114285714,Mar,1,0
0.0,8,866.0,0.058333333,Dec,6,0
0.0,10,246.7916667,0.008333333,May,3,0
0.0,134,5889.730504,0.053431066,Nov,3,0
0.0,9,257.9,0.044444444,Jun,20,0
0.0,1,0.0,0.2,Jun,3,0
0.0,1,0.0,0.2,May,3,0
0.0,7,87.71428571,0.089285714,Mar,3,0
0.0,5,134.5,0.024,Nov,3,0
0.0,21,507.2916667,0.031944444,Nov,1,1
0.0,1,0.0,0.2,Mar,1,0
0.0,5,36.0,0.033333333,Mar,11,0
0.0,1,0.0,0.2,Dec,1,0
54.16451768,38,2508.413853,0.00745614,Nov,2,1
20.60235987,65,2130.447802,0.024589744,Nov,1,0
0.0,37,1505.166667,0.005263158,Mar,8,0
49.388,10,1331.0,0.022222222,May,4,1
0.0,1,0.0,0.2,Mar,10,0
0.0,5,210.0,0.16,Mar,1,0
0.0,8,102.75,0.066666667,Dec,6,0
0.0,3,16.0,0.1,Mar,3,0
0.0,13,167.5,0.035897436,Jul,1,0
69.7132141,15,377.5,0.002040816,Nov,20,0
0.0,47,3954.95,0.023714286,Nov,2,0
0.0,6,130.0,0.025,Mar,2,0
0.0,6,204.4,0.028571429,Oct,5,0
0.0,15,1559.6,0.033846154,Mar,1,0
0.0,2,17.0,0.15,May,2,0
15.43344,14,333.6,0.01,Mar,2,1
0.0,19,809.1666667,0.051578947,May,3,0
0.0,14,422.1666667,0.023809524,Dec,2,0
0.0,1,0.0,0.2,Mar,1,0
0.0,22,2386.0,0.020289855,Dec,2,1
0.0,30,684.6,0.041935484,Aug,1,0
0.0,26,934.15,0.034567901,Dec,3,0
0.0,13,1610.916667,0.007142857,Mar,3,0
0.0,2,44.0,0.05,Mar,3,0
0.0,4,145.0,0.04,May,6,0
0.0,21,840.2863203,0.010763889,Oct,2,0
0.0,76,1777.520455,0.025492063,Nov,10,0
16.9796231,19,1475.166667,0.043333333,Nov,10,0
0.0,35,584.3083333,0.008571429,Dec,1,0
20.15710234,61,1335.737854,0.002,Nov,2,1
0.0,1,0.0,0.2,May,15,0
0.0,62,1200.354444,0.023655914,Nov,1,0
5.316109207,31,910.04,0.052020202,Jul,1,0
0.0,17,775.3333333,0.045098039,Nov,1,1
0.0,17,1302.5,0.016666667,Mar,10,0
0.0,11,335.0,0.060606061,Nov,13,0
23.61948148,32,2423.75,0.021296296,May,4,1
0.0,61,1749.842262,0.02894958,Nov,3,0
9.013011371,291,12065.18135,0.008659512,May,4,0
0.0,39,1208.333333,0.01025641,Nov,1,0
0.0,8,142.0,0.05,Mar,3,0
0.0,9,248.05,0.01875,Sep,4,0
10.98707143,29,826.85,0.029591837,May,4,1
0.0,28,2529.75,0.088271605,May,1,0
0.0,6,48.0,0.066666667,Nov,1,0
0.0,18,362.5,0.013333333,Dec,2,0
3.485352521,41,1919.24523,0.03167916,May,6,0
36.54680355,23,1280.45,0.008695652,Dec,2,1
0.0,34,1401.458333,0.023529412,Nov,11,1
4.215363542,102,6684.520952,0.017363636,Sep,1,0
0.0,18,1107.466667,0.029444444,May,3,0
0.0,31,1108.653333,0.012121212,Sep,13,0
0.0,6,21.0,0.033333333,May,3,0
1.37270775,304,11250.48672,0.018717242,Nov,2,1
0.0,71,3401.050687,0.026238576,Nov,2,0
0.0,117,3228.502137,0.018995891,Nov,2,0
0.0,13,381.6166667,0.011904762,Oct,2,0
0.0,6,125.0,0.057142857,Dec,1,0
0.0,35,1776.083333,0.011428571,Dec,1,0
0.0,3,2251.28,0.137426901,Nov,13,0
0.0,5,1474.5,0.02,May,3,0
10.89761784,21,479.5857143,0.010555556,Oct,2,1
0.0,14,376.0,0.040625,Nov,11,1
0.0,76,1464.209618,0.01785746,Aug,4,0
0.0,28,425.0969048,0.002380952,Oct,11,0
0.0,16,657.1666667,0.025,May,11,0
0.0,12,429.0,0.016666667,Nov,8,0
0.0,1,0.0,0.2,Mar,1,0
2.341419718,67,3872.50942,0.04474971,May,2,0
3.885233567,86,1618.40328,0.022043153,Jul,4,1
20.6672459,49,1465.555338,0.023755148,Nov,1,1
0.0,92,2710.570238,0.026417863,May,3,0
0.0,1,0.0,0.2,Nov,3,0
0.0,45,2028.172619,0.020652174,Dec,2,0
0.0,16,375.9166667,0.007142857,Dec,2,0
0.0,2,0.0,0.133333333,Jun,3,0
0.0,8,101.75,0.075,Nov,2,0
0.0,41,716.7916667,0.041481481,Nov,2,0
0.0,14,837.375,0.011481481,Nov,8,1
0.0,79,1562.866667,0.02124774,May,13,0
0.0,4,40.0,0.05,May,3,0
0.0,23,343.6666667,0.05,May,6,0
0.0,13,495.0,0.028571429,Mar,1,0
0.0,12,190.5,0.109090909,Dec,1,0
17.05922581,32,673.125,0.010056926,May,4,1
52.70052142,16,608.8333333,0.026666667,Mar,11,1
6.673695652,45,3141.258333,0.040017253,May,3,1
0.0,28,710.9083333,0.012903226,May,3,0
0.0,2,63.0,0.05,Mar,1,0
0.0,17,391.8666667,0.029411765,May,1,0
28.794,16,630.5,0.00625,May,11,1
0.0,12,354.0,0.018181818,May,2,0
0.0,23,684.5,0.044927536,May,6,0
0.0,8,29.16666667,0.1,Dec,2,0
0.0,11,424.5957143,0.055833333,Aug,1,0
0.0,5,454.5,0.00625,Dec,2,0
22.02071582,38,1342.434295,0.022542075,Nov,2,1
0.0,41,1444.166667,0.026829268,May,4,0
0.0,6,129.5,0.033333333,Dec,11,0
0.0,9,229.8833333,0.014285714,Oct,2,0
5.078114943,25,687.5333333,0.014022989,May,4,0
0.0,16,641.5,0.0375,May,1,0
0.0,1,0.0,0.2,Nov,10,0
0.0,7,182.5,0.076190476,Nov,13,0
0.0,6,66.5,0.111111111,May,4,0
0.0,6,92.7,0.02,Jul,3,0
0.0,11,316.6666667,0.027272727,Feb,1,0
0.0,9,314.9,0.04,Mar,9,0
0.0,4,26.5,0.05,Mar,2,0
0.0,2,0.0,0.2,Mar,3,0
0.0,21,452.8141026,0.047238095,May,3,0
0.0,10,219.5,0.027272727,Dec,11,0
0.0,8,227.0,0.05,May,13,0
0.0,24,1884.7,0.068,Sep,13,0
0.0,26,982.8333333,0.008,May,1,0
18.50321705,42,443.4990476,0.022666667,Jul,1,1
0.0,40,1530.248485,0.029795821,Mar,2,0
33.53327578,22,869.9,0.026388889,Mar,10,1
0.0,13,420.0,0.030769231,Dec,2,0
0.0,11,161.0,0.018181818,May,1,0
0.0,9,462.5,0.0875,May,3,0
16.68711526,64,1876.333333,0.014251208,Dec,2,0
0.0,62,1471.858333,0.080437158,May,13,0
0.0,57,4312.225,0.031964286,Nov,2,0
0.0,68,2435.74375,0.01555896,Dec,2,0
7.609371429,35,888.3333333,0.024285714,May,3,1
62.76294758,17,1059.575,0.011764706,Nov,2,1
54.98,15,292.6944444,0.005128205,May,4,1
0.0,26,955.375,0.008333333,Dec,2,0
0.0,7,67.33333333,0.097142857,May,3,0
0.0,3,66.5,0.1,May,3,0
0.0,1,4.0,0.016666667,May,5,0
0.0,43,1286.916667,0.01037037,Dec,1,0
0.0,40,1115.878205,0.003216374,May,11,0
0.0,47,981.6014286,0.006818182,Aug,3,0
0.0,17,566.5666667,0.0,Jul,2,0
0.0,2,0.0,0.2,Mar,10,0
0.0,7,248.0,0.080952381,Nov,13,0
0.0,2,69.5,0.1,Nov,11,0
0.0,14,862.7916667,0.02,Nov,10,0
0.0,5,118.75,0.08,Dec,8,0
0.0,1,0.0,0.2,Dec,8,0
0.0,3,60.4,0.133333333,Jun,1,0
0.0,18,222.3,0.025,Jun,1,0
0.0,62,1918.966667,0.022246642,Aug,4,0
0.0,4,2528.0,0.066666667,Mar,1,0
48.45370723,67,4868.0,0.003174603,Dec,2,1
0.0,63,1621.152083,0.023447941,May,1,0
0.0,23,659.6361111,0.056586058,Nov,1,1
11.80233651,50,2871.262932,0.008161036,May,2,0
0.0,10,0.0,0.2,May,13,0
82.4326349,24,1021.2,0.022619048,Dec,1,0
0.0,25,510.38,0.023076923,Oct,1,0
0.0,6,198.75,0.023333333,Nov,3,0
11.70614611,26,1905.078571,0.0346,Nov,1,1
0.0,32,556.6,0.039583333,Mar,1,0
0.0,21,1586.333333,0.033333333,May,2,0
0.0,59,3036.4,0.021186441,Mar,13,0
0.0,62,2337.196667,0.023911007,Aug,1,0
0.0,34,1062.704762,0.013719827,Sep,2,0
0.0,14,310.0,0.064285714,May,3,0
0.0,30,1307.666667,0.0359375,May,2,0
0.0,9,205.5,0.004444444,Nov,3,0
0.0,55,3165.958333,0.032620545,Dec,1,0
1.625051033,349,6879.801826,0.004306345,Nov,10,0
0.0,9,719.5833333,0.055555556,Nov,2,0
0.0,1,0.0,0.2,Feb,4,0
19.4281,15,743.6666667,0.03,May,2,1
0.0,7,950.0,0.020833333,May,3,0
0.0,1,0.0,0.2,Dec,20,0
0.0,42,2385.666667,0.035833333,Jul,1,0
0.0,15,188.5,0.007142857,May,2,0
0.0,13,142.0,0.013333333,Mar,8,0
16.94643793,46,3087.0,0.021383648,Mar,8,1
39.038442,23,1107.267857,0.069393939,Dec,2,0
19.9656361,32,1427.676667,0.021875,Sep,4,1
0.0,6,65.66666667,0.1,May,3,0
0.0,14,224.3916667,0.063265306,Nov,2,0
0.0,6,815.0,0.044444444,May,4,0
0.0,28,2743.216667,0.042528736,Mar,1,0
20.08902391,18,4916.583333,0.018636364,Nov,1,1
0.0,88,2765.444444,0.014772727,May,2,0
0.0,89,1638.888095,0.040659551,May,11,0
0.0,122,6919.899495,0.022008376,Dec,2,0
0.0,7,451.8333333,0.076190476,Mar,3,0
0.0,2,35.5,0.066666667,May,1,0
5.907475939,104,8130.964914,0.01763475,Nov,2,1
0.0,35,572.9761905,0.014414414,Dec,3,0
0.0,34,1491.775,0.024793388,Nov,11,1
0.129676893,98,2138.481263,0.017985395,Jul,2,0
0.0,3,222.0,0.133333333,May,3,0
38.00063931,87,1197.700198,0.002352941,Nov,2,1
0.0,15,387.4,0.004166667,Jun,2,0
88.84365062,7,131.8,0.02,Oct,2,1
0.0,30,585.8,0.002083333,Nov,10,0
0.0,16,1851.5,0.041176471,May,1,0
0.0,44,1026.450758,0.037364341,Dec,3,0
0.0,22,1327.666667,0.032359307,Nov,2,1
5.167133333,25,773.5595238,0.027572016,May,2,1
30.20357704,3,294.7,0.0,Nov,2,1
0.0,11,329.6833333,0.023076923,Dec,2,0
0.0,6,197.5,0.022222222,May,2,0
47.83758971,50,1241.75,0.008163265,Nov,2,1
62.866,30,513.9404762,0.01,May,13,0
0.0,27,1747.7,0.025641026,Oct,1,0
0.0,8,97.0,0.025,Nov,2,1
0.0,13,279.8333333,0.00625,Nov,2,0
0.0,34,4566.238095,0.059220779,May,3,0
0.0,42,1185.666667,0.004761905,Mar,1,0
0.0,16,453.4,0.011403509,Jul,4,0
16.19731984,23,2128.704568,0.020425941,Oct,20,0
0.0,4,107.25,0.025,Dec,3,0
0.0,72,2347.716667,0.037793427,May,13,0
0.0,5,74.5,0.08,May,3,0
11.19263415,32,879.9166667,0.030226481,May,4,0
0.0,12,1138.25,0.048717949,Dec,3,0
1.089771303,67,1564.444444,0.022549176,May,3,0
18.11148387,31,866.7,0.034101382,May,1,1
4.247372093,38,2311.090909,0.022868217,May,3,0
0.0,9,272.5,0.011851852,Feb,3,0
0.0,3,127.6,0.025,Dec,2,0
0.0,5,189.4166667,0.016666667,Dec,11,0
0.0,1,0.0,0.2,May,3,0
0.0,30,484.672619,0.018965517,Mar,1,0
0.0,1,0.0,0.2,May,13,0
0.0,41,1678.4,0.046893939,Jun,1,0
0.0,4,67.0,0.05,May,3,0
27.31414742,38,2436.605534,0.035895135,Jul,2,0
0.0,1,0.0,0.2,Nov,13,0
42.19732111,54,1935.06131,0.022222222,Dec,2,1
0.0,61,1037.807143,0.027115142,May,2,0
0.0,29,1433.634921,0.018932412,Nov,2,0
0.0,12,293.5,0.035897436,May,3,0
0.0,30,597.6330532,0.005925926,Nov,11,0
0.0,15,695.4,0.028571429,Mar,1,0
0.0,1,0.0,0.2,Mar,1,0
112.4406212,39,1110.966667,0.010992908,Sep,2,0
0.0,1,0.0,0.2,May,15,0
0.0,11,188.4583333,0.009090909,Nov,8,0
0.0,52,2004.708333,0.019337607,Dec,1,0
0.0,20,1722.866667,0.075,May,1,0
0.0,7,205.8566667,0.035555556,Jul,2,0
0.0,58,2174.708333,0.015229885,Nov,1,1
0.0,1,0.0,0.2,Mar,2,0
0.0,4,82.0,0.05,Nov,1,0
7.267034211,58,2801.75119,0.016374269,Dec,2,0
0.0,18,407.5,0.02,May,5,0
0.0,17,945.0108696,0.023889556,Mar,10,0
0.0,2,262.0,0.15,May,4,0
0.624510388,121,4218.074847,0.026514442,Dec,2,0
0.0,5,86.0,0.0125,Mar,3,0
0.0,18,434.5833333,0.011764706,Dec,2,0
6.064425698,23,1061.816667,0.022916667,Nov,2,0
1.483746347,29,1293.652222,0.020570175,Aug,2,0
0.0,13,852.2,0.18034188,Aug,13,0
12.455,29,569.1666667,0.01957672,May,2,1
0.0,11,276.0,0.011111111,May,1,0
0.0,5,103.5,0.04,Dec,2,0
0.0,19,194.75,0.031578947,Dec,1,0
0.0,4,129.5,0.05,Dec,20,0
0.0,35,990.9191176,0.045365079,May,4,0
109.9124051,68,809.2456349,0.005970149,Mar,2,1
0.0,58,1645.966667,0.036607143,May,1,0
0.0,43,778.6437229,0.023197087,Jul,3,0
2.480024644,26,1210.917778,0.014814815,Nov,1,1
12.15713406,8,188.3,0.014285714,Sep,4,0
21.26632526,42,602.8833333,0.004365079,Sep,1,0
0.0,13,1041.75,0.027272727,Dec,2,0
0.0,26,1325.833333,0.025641026,Dec,1,0
0.0,24,381.3583333,0.0225,Dec,1,0
0.0,49,1088.636905,0.029589443,Jun,3,0
0.838988251,78,5526.080123,0.010699588,Nov,1,0
10.782,12,777.5,0.015555556,Mar,2,1
0.0,5,60.0,0.053333333,Dec,20,0
23.51024736,30,735.5833333,0.024137931,Dec,1,0
0.0,10,391.85,0.046984127,Mar,3,0
0.0,12,252.75,0.016666667,Dec,3,0
0.0,7,137.6,0.0375,Aug,5,0
0.0,19,707.2666667,0.035714286,May,2,0
18.844,46,1687.85,0.011111111,May,4,0
0.0,42,539.227381,0.011281179,Jul,4,1
0.0,227,12460.67006,0.014819782,Nov,2,0
0.0,24,809.4333333,0.021333333,Aug,3,0
0.0,4,47.0,0.125,Mar,3,0
0.0,1,0.0,0.2,Dec,2,0
0.0,34,944.297619,0.0125,May,6,0
0.0,6,43.7,0.057142857,Oct,2,0
0.0,16,374.5,0.03627451,Nov,1,0
38.88816225,20,540.75,0.004166667,Nov,2,1
0.0,3,41.0,0.033333333,Mar,3,0
0.0,13,574.6666667,0.061538462,Mar,1,0
0.0,14,121.0,0.116666667,May,13,0
0.0,35,871.8333333,0.002631579,Oct,2,0
0.0,39,794.16,0.012820513,Sep,4,0
6.1287875,40,1239.949603,0.026035354,May,3,1
0.0,204,9143.435714,0.015384615,May,4,0
0.0,6,78.75,0.066666667,Nov,3,0
0.0,59,3296.55,0.0265,Jul,13,0
0.0,108,3279.238428,0.030709877,Nov,1,0
0.0,109,1370.127838,0.019698317,Jul,3,0
2.734351538,65,732.0916667,0.0203125,Dec,2,1
30.60955642,57,1813.250382,0.011897547,Nov,2,1
0.0,5,111.25,0.033333333,Nov,20,0
16.98117776,22,1032.75,0.019230769,Nov,10,0
0.0,6,48.33333333,0.075,May,6,0
0.0,10,166.1666667,0.05,Dec,2,0
0.0,9,430.5,0.015384615,Mar,2,0
6.344631767,15,1386.35,0.02747619,Aug,4,0
0.0,11,239.5833333,0.016666667,Nov,1,0
0.0,85,3881.79359,0.039115224,Nov,2,0
0.0,100,3457.285317,0.028231293,Nov,2,0
0.0,3,121.5,0.007407407,Nov,2,0
0.0,38,2277.555556,0.004761905,Dec,2,0
0.0,36,1837.966667,0.044423559,May,11,0
86.57772177,122,3492.316304,0.015792367,Nov,3,0
0.0,6,38.5,0.1,Nov,1,0
0.0,2,0.0,0.2,Dec,1,0
0.0,12,977.5333333,0.015384615,Dec,2,0
0.0,10,68.0,0.045454545,May,3,0
0.0,70,2678.055238,0.005868545,Jul,2,0
0.0,16,982.6,0.005263158,Nov,20,0
0.0,2,135.0,0.1,Mar,2,0
1.81635021,58,1076.073649,0.022653941,Sep,2,0
0.0,10,155.0,0.045454545,May,1,0
0.0,21,371.0,0.00952381,Nov,13,0
23.33239205,21,587.9166667,0.031666667,Nov,10,0
0.0,87,3220.336667,0.01954023,Jun,1,1
0.0,3,96.5,0.022222222,Mar,3,0
4.945717395,27,1333.8,0.029032258,Nov,6,0
0.0,10,299.5,0.063095238,Jul,1,0
0.0,19,447.7166667,0.011111111,Sep,2,0
0.0,1,0.0,0.2,May,4,0
78.56959864,7,189.2,0.014285714,Sep,2,1
0.0,6,181.0,0.016666667,May,3,0
0.0,9,88.95,0.004761905,May,3,0
7.880478261,45,1754.0,0.014534161,May,6,0
20.33155364,14,552.48,0.016140351,Aug,6,0
0.0,78,1781.69697,0.015811966,Mar,3,0
70.31635146,9,208.8333333,0.015384615,Nov,2,1
0.0,5,66.5,0.028571429,Dec,20,0
0.0,1,0.0,0.2,Dec,2,0
0.0,18,436.6,0.008695652,Nov,2,0
3.836079931,41,1430.25,0.009929078,Dec,7,1
0.0,5,156.5,0.013333333,Nov,1,1
0.0,94,4620.088889,0.010752688,Dec,2,0
0.0,1,0.0,0.2,May,3,0
0.0,378,12003.31758,0.023352993,Nov,2,0
22.93531071,22,526.0281385,0.032738095,May,2,0
0.0,13,364.35,0.015384615,May,3,0
0.0,13,1316.533333,0.05,Aug,4,0
0.0,29,5198.533333,0.019892473,May,2,0
0.0,1,0.0,0.2,Dec,1,0
0.0,7,68.75,0.025,Mar,2,0
0.0,40,765.0416667,0.023436807,Dec,2,0
0.0,33,920.4,0.013513514,Oct,5,0
0.0,12,209.0,0.02,Sep,2,0
0.0,16,299.5,0.005555556,Dec,2,0
0.0,6,99.0,0.083333333,May,2,0
0.0,15,2026.47619,0.07254902,May,1,0
61.58171224,60,1995.416667,0.003389831,Nov,7,1
0.0,13,385.3,0.027083333,Sep,5,0
0.0,0,0.0,0.1,Oct,5,0
0.0,27,1165.95,0.044444444,Dec,1,0
1.033757336,414,23888.81,0.027062016,Sep,13,0
0.0,9,167.0,0.066666667,May,3,0
0.0,62,944.4055556,0.015591398,Jun,3,0
0.0,4,9.0,0.15,Mar,1,0
10.99901844,8,261.8,0.04,Sep,1,0
0.0,24,845.8333333,0.022,Dec,3,0
0.0,19,216.1666667,0.058730159,May,3,0
0.0,2,222.0,0.1,Feb,2,0
0.0,10,70.93333333,0.016666667,Sep,5,0
0.0,108,2793.733084,0.019205066,Nov,3,1
0.0,19,1883.5,0.021052632,Mar,3,0
0.0,19,392.0,0.052631579,Mar,1,0
0.0,24,718.9566667,0.003448276,Oct,4,0
0.0,9,546.0,0.02,Mar,2,0
5.911452178,86,2041.23355,0.00786268,Nov,2,1
5.185165143,70,2218.276547,0.035693651,May,2,0
7.826836353,63,1108.369762,0.002786596,Aug,2,1
0.0,9,138.5,0.047619048,May,2,0
0.0,1,0.0,0.2,May,5,0
0.0,31,4374.416667,0.025098039,Dec,1,0
0.0,32,1350.391667,0.017877551,Mar,8,0
0.0,33,1440.933333,0.027210884,Dec,1,0
0.0,10,377.5,0.06,May,11,0
0.0,14,634.0,0.013333333,May,15,0
0.0,11,145.0,0.036363636,Nov,10,0
0.0,13,214.6922078,0.028759666,May,2,0
32.3171163,18,375.5547619,0.0125,Nov,3,1
0.0,8,65.0,0.05,May,13,0
0.0,20,1985.0,0.055,Mar,1,0
22.13419743,20,991.5,0.013043478,Dec,2,1
15.02583766,70,1675.525366,0.026731602,May,11,0
0.0,11,213.0,0.066666667,Nov,13,0
0.0,60,2719.654762,0.012080406,Dec,2,0
17.19073913,40,1190.4,0.012318841,May,11,0
0.0,26,852.7666667,0.024166667,May,1,0
8.488518519,70,2860.5,0.025308642,May,3,0
0.0,48,4346.916667,0.034791667,May,13,0
0.0,20,197.3777778,0.0525,Feb,1,0
0.0,39,983.1388889,0.017599068,Nov,3,0
0.0,10,63.6,0.090909091,Sep,3,0
0.0,27,1009.375,0.040740741,Nov,2,1
5.942025641,146,7253.676493,0.020305773,May,1,0
0.0,8,55.3,0.025,Jul,3,0
0.0,11,577.0,0.027272727,Feb,1,0
0.0,5,131.0,0.013333333,Mar,9,0
8.960896465,131,2749.058333,0.017682257,May,1,0
0.0,7,354.5,0.04,Nov,8,0
0.0,2,11.0,0.075,Dec,8,0
0.0,7,305.5,0.028571429,Nov,3,0
0.0,8,427.75,0.0125,Dec,2,0
0.0,93,2243.666667,0.031501832,Mar,1,0
0.0,6,223.3333333,0.008333333,May,2,0
0.0,27,548.2833333,0.025308642,Dec,2,0
5.770959977,75,3537.991667,0.027362361,Mar,1,0
0.0,20,219.3333333,0.011666667,Mar,2,0
0.0,16,765.4454545,0.006,May,1,0
0.0,18,1181.198413,0.048235294,Mar,1,0
246.7585902,62,4402.25,0.001041667,Oct,2,0
0.0,9,144.0666667,0.0,Oct,3,0
0.0,1,0.0,0.2,Nov,1,0
0.0,15,2653.5,0.04,Sep,1,0
3.085103642,94,6186.17226,0.03820917,Jul,13,0
60.01343064,10,361.5,0.02,Dec,1,1
0.0,2,70.75,0.00952381,Dec,10,0
12.02904527,66,2436.106169,0.034560698,Nov,6,0
0.0,3,135.0,0.066666667,Feb,3,0
0.0,23,1033.0,0.0375,Dec,2,0
0.0,33,689.202381,0.027020202,Dec,2,0
17.24870115,52,1859.083333,0.018390805,May,13,1
0.0,26,338.2333333,0.078269231,May,2,0
0.0,12,1638.5,0.116666667,May,13,0
0.0,26,2351.7,0.034666667,May,3,0
0.0,42,1076.977778,0.029430894,May,1,0
67.39709637,139,6566.867562,0.015531015,Nov,2,0
0.0,7,270.75,0.057142857,Dec,2,0
0.0,1,0.0,0.2,Mar,1,0
0.0,41,1282.5,0.007142857,Mar,2,0
27.23866195,36,2517.0,0.005405405,Mar,2,1
0.0,8,143.2,0.029166667,Nov,2,0
0.0,23,835.5833333,0.022727273,Nov,10,0
0.0,13,454.5,0.016666667,May,13,0
0.0,14,1539.0,0.030769231,May,2,0
20.74935126,9,154.8,0.03030303,Nov,2,1
0.0,86,2554.562381,0.041100372,Sep,1,0
0.0,51,769.9928571,0.004081633,May,2,0
0.0,37,1517.75,0.041869919,May,6,0
21.22386735,41,1284.663492,0.032653061,Mar,1,0
0.0,9,272.0,0.073333333,May,4,0
0.0,102,3085.620238,0.024392801,Nov,2,1
0.0,9,148.3333333,0.058,May,3,0
23.79060609,3,62.4,0.05,Aug,3,1
0.0,18,213.1714286,0.003921569,Oct,2,0
0.0,7,117.0,0.028571429,May,1,0
0.0,7,64.0,0.022222222,Dec,2,0
0.0,24,359.63,0.042342342,Sep,4,0
0.0,13,909.5,0.014285714,Mar,10,0
3.74015068,71,1260.441758,0.008792271,Nov,1,1
2.767055125,117,1953.537512,0.007295031,Aug,4,0
119.6414737,111,2748.624538,0.006678351,May,3,0
0.0,3,200.0,0.05,Dec,8,0
0.0,28,627.6542857,0.008214286,Sep,2,0
15.03328131,74,2396.690316,0.020349845,Mar,1,0
0.0,22,375.75,0.056349206,May,6,0
32.73373471,5,59.4,0.00952381,Nov,5,0
0.0,60,3451.751515,0.011565934,Mar,1,0
20.82613173,20,593.7019802,0.005364455,Nov,5,1
0.0,17,1723.0,0.003921569,May,4,0
0.0,4,56.0,0.15,May,3,0
0.0,1,0.0,0.2,Mar,9,0
8.421921428,190,3679.128882,0.005951258,Dec,3,0
0.0,8,132.2333333,0.007407407,May,18,0
0.0,54,1306.151974,0.012962963,Mar,1,0
0.0,12,770.25,0.033333333,Dec,8,0
0.0,7,93.66666667,0.04,Mar,3,0
0.0,71,2487.061777,0.015591693,Nov,11,0
0.0,74,3487.12471,0.009519461,Nov,3,0
0.0,11,71.35,0.002352941,Aug,2,0
0.0,13,143.0,0.138461538,May,13,0
0.0,12,465.25,0.016666667,Dec,2,0
0.0,10,158.75,0.02,Nov,2,0
20.2453697,51,1403.841919,0.009090909,May,2,0
0.0,38,1663.683333,0.022972973,Mar,1,0
0.0,116,5389.883333,0.020786749,Nov,1,0
0.0,16,191.0714286,0.0125,Mar,10,0
0.0,21,719.7380952,0.010434783,Mar,3,0
0.0,4,103.5,0.05,Nov,6,0
0.0,20,929.3333333,0.015333333,Dec,2,0
0.0,43,3606.088889,0.043951451,Dec,1,0
0.0,7,203.5,0.033333333,Mar,9,0
0.0,13,687.5,0.033333333,May,6,0
0.0,41,1053.841565,0.014327278,Nov,1,0
0.0,7,286.7,0.008333333,Aug,3,0
22.80152439,34,1469.702381,0.02398374,Mar,2,0
0.0,30,709.8333333,0.046666667,Mar,1,0
0.0,247,10415.32566,0.029681426,Nov,1,0
0.0,8,121.375,0.025,Dec,2,0
0.0,20,679.5666667,0.006349206,Nov,3,0
0.0,24,1282.953333,0.049565217,Nov,1,0
0.0,5,64.0,0.1,Sep,2,0
0.0,1,0.0,0.2,Mar,1,0
0.0,16,487.6666667,0.026315789,May,3,0
12.32661404,53,5504.695238,0.031446886,Nov,1,1
0.0,30,1370.833333,0.066781609,May,4,0
0.0,4,36.0,0.15,May,3,0
41.64590199,33,1804.011111,0.005022447,Nov,2,1
1.469693253,162,8596.669979,0.012349829,Dec,2,0
0.0,36,2928.777778,0.021052632,May,5,0
0.0,21,654.5,0.031818182,May,3,0
21.74053053,64,1991.822567,0.022398206,Nov,2,0
0.0,6,92.0,0.066666667,Mar,10,0
0.0,46,944.2333333,0.017391304,May,3,0
0.0,19,539.15,0.003947368,Nov,3,0
0.0,45,2674.339216,0.020139353,Nov,1,0
33.11000268,24,760.7632353,0.020512821,Nov,2,1
0.0,20,525.6666667,0.004545455,May,2,0
0.0,17,318.0730159,0.035397453,Mar,2,0
0.0,24,530.0,0.01,May,4,0
0.0,1,0.0,0.2,Mar,1,0
0.0,5,0.0,0.2,May,13,0
55.31956658,7,276.1666667,0.05,Nov,8,0
0.0,105,2062.443592,0.020275689,May,4,0
0.0,27,352.0833333,0.022222222,May,3,0
9.055465887,82,4729.065909,0.014544651,Nov,2,1
2.848312236,12,304.7,0.038596491,Jun,4,1
258.5498732,73,891.568795,0.0,Sep,2,1
0.0,21,406.8,0.009937888,May,3,0
0.0,1,56.5,0.1,Nov,3,0
0.0,67,1207.653333,0.047826279,Aug,1,0
0.0,17,221.2,0.001754386,Mar,2,0
0.0,17,1394.666667,0.029761905,Mar,6,0
0.0,15,1728.321429,0.016428571,Mar,1,0
0.0,8,185.5,0.0375,May,2,0
0.0,11,263.6,0.003571429,Mar,9,0
0.0,10,664.5,0.04,Nov,2,0
0.0,6,91.5,0.055555556,May,6,0
0.0,14,1947.5,0.021428571,Nov,3,0
0.0,26,2923.25,0.037931034,Dec,1,0
0.0,10,270.0,0.004,Mar,2,0
0.0,5,94.5,0.04,Mar,1,0
0.0,1,0.0,0.2,Jul,4,0
0.0,39,2207.757143,0.023577236,Dec,2,0
0.0,72,1636.258333,0.007733333,Oct,4,0
0.0,24,566.7272727,0.052318841,May,13,0
31.178125,22,1654.722222,0.028214286,May,1,0
0.0,7,384.5,0.028571429,May,5,0
0.0,144,4627.489571,0.020664031,Nov,2,1
0.0,9,232.8333333,0.046666667,May,1,0
0.0,88,5958.071931,0.00954386,Mar,2,0
9.419346491,177,4041.734915,0.010759765,Nov,2,0
0.0,1,51.0,0.1,May,3,0
0.0,50,1572.486399,0.019939881,Nov,2,0
0.0,19,513.1622222,0.0075,Aug,2,0
4.148878378,67,1336.554221,0.027327327,May,4,0
0.0,6,241.0,0.033333333,May,3,0
0.0,2,0.0,0.2,May,11,0
0.0,35,1579.333333,0.02,Nov,1,0
21.05431578,29,1414.589286,0.0125,Dec,2,1
0.0,24,3230.25,0.096,Mar,2,0
0.0,3,95.0,0.133333333,Nov,3,0
0.0,54,801.5095238,0.013274933,May,3,0
0.0,14,317.0666667,0.05,Aug,3,0
48.92856443,27,897.7837302,0.019805195,Dec,3,0
9.472914356,40,2338.95,0.030325203,Nov,3,1
0.0,67,771.4133333,0.004205128,Aug,1,0
0.0,8,731.0,0.04375,Mar,3,0
0.0,18,413.6666667,0.047222222,Dec,1,0
0.0,11,298.0,0.006666667,Mar,3,0
42.93595137,12,86.63333333,0.025,Oct,7,1
0.0,39,873.0,0.02,Sep,4,0
0.0,7,47.0,0.028571429,Nov,8,0
0.0,27,1244.833333,0.006896552,Mar,2,0
0.0,14,361.5,0.009090909,May,3,0
0.0,51,1424.866667,0.020779221,May,1,0
0.0,52,1616.54816,0.003685897,Nov,3,0
0.0,29,1102.85,0.028275862,Nov,3,0
0.0,5,109.25,0.08,Nov,2,0
0.0,18,909.75,0.048148148,Nov,3,0
0.0,15,309.8,0.016666667,May,4,0
27.45138186,17,694.0,0.008333333,Mar,2,1
0.0,7,459.6666667,0.057142857,Nov,3,0
0.0,8,370.0,0.025,May,14,0
0.0,2,63.5,0.1,Nov,3,0
0.0,1,0.0,0.2,Mar,1,0
6.711290592,146,5602.006712,0.00935218,Nov,2,1
86.31034266,90,1816.555008,0.004861111,Aug,4,0
0.0,84,4894.851299,0.028446662,Nov,1,1
0.0,94,1576.205078,0.015506059,May,3,0
10.62514286,12,497.0,0.047619048,May,6,0
14.322,35,1373.464719,0.018148931,Mar,2,0
0.0,1,0.0,0.2,Nov,20,0
0.0,24,677.3333333,0.032,Nov,1,0
0.0,5,155.0,0.053333333,Mar,2,0
0.0,16,252.0,0.004444444,May,4,0
0.0,7,317.0,0.041666667,May,6,0
0.0,101,5459.967105,0.064680923,May,6,0
0.0,18,327.65,0.044444444,Nov,1,0
0.0,16,515.0,0.010526316,Mar,6,0
0.0,17,438.4333333,0.027272727,Mar,3,0
1.533539275,23,845.2788889,0.011944444,Nov,20,0
0.0,1,0.0,0.2,Nov,10,0
26.09995422,13,541.9166667,0.015384615,Dec,2,1
0.0,1,0.0,0.2,Nov,2,0
0.0,1,0.0,0.2,Mar,3,0
0.0,15,542.0,0.029411765,Nov,3,0
0.0,69,2499.990079,0.007608395,Nov,2,0
48.0136549,21,486.1472222,0.0105,Nov,1,1
57.82473775,15,281.7380952,0.001923077,Nov,2,1
0.0,28,160.0,0.014285714,May,2,0
32.90611766,7,723.0,0.028571429,Dec,1,1
0.0,67,1231.136508,0.0110199,Mar,1,0
0.0,1,0.0,0.2,Nov,8,0
0.0,69,1002.104167,0.013140097,Nov,2,0
0.0,12,402.6,0.008333333,Oct,4,0
0.0,38,1481.783333,0.029387755,Nov,10,1
0.0,54,2008.807143,0.0136723,May,13,0
0.0,1,0.0,0.2,Nov,2,0
0.0,4,117.0,0.028571429,Nov,2,0
0.0,2,0.0,0.2,Jul,1,0
0.0,12,336.8,0.006666667,May,2,0
0.0,4,536.5,0.05,May,2,0
0.0,7,442.1666667,0.057142857,May,3,0
0.0,2,11.0,0.1,May,2,0
2.427453927,117,4185.096695,0.04298103,Jul,1,1
0.0,5,0.0,0.2,Jul,13,0
0.0,20,723.25,0.050606061,May,6,0
0.0,1,0.0,0.2,Mar,1,0
28.40448178,30,1547.233333,0.012121212,Sep,2,1
0.0,1,0.0,0.2,May,1,0
45.7504,11,451.0,0.006666667,Mar,10,1
0.0,34,731.5238095,0.042647059,May,1,0
4.858842857,70,2720.7,0.031513142,May,13,0
0.0,60,2335.125,0.01875,Dec,2,0
79.44353446,14,314.2933333,0.013333333,Jul,2,1
0.0,22,169.5,0.031818182,May,3,0
0.0,26,651.0666667,0.016666667,Nov,3,0
0.0,20,1815.279762,0.029239766,May,2,0
15.13596148,23,1954.4,0.006666667,Aug,2,0
0.0,5,218.0,0.04,Mar,2,0
0.0,1,0.0,0.2,Nov,1,0
3.585439826,115,7243.649316,0.018928571,Aug,4,1
0.0,27,459.9636364,0.033950617,May,3,0
53.9892,11,300.0714286,0.02,Mar,11,1
0.0,2,50.0,0.05,Mar,11,0
0.0,3,258.5,0.033333333,May,2,0
0.0,4,154.9,0.008333333,Oct,11,0
0.0,53,1511.195238,0.025787879,May,6,0
0.0,8,332.0,0.028571429,Mar,8,0
0.0,2,0.0,0.2,Nov,2,0
0.0,27,4622.0,0.090123457,Oct,1,0
0.0,7,1018.0,0.028571429,Mar,2,0
33.9612,15,524.5,0.013333333,May,6,1
0.0,42,4126.448611,0.013436693,Dec,2,0
0.0,23,213.5,0.121212121,May,3,0
0.0,14,632.0,0.042857143,May,3,0
0.0,46,1044.8,0.019756839,May,4,0
0.0,76,1523.57803,0.021101928,Nov,1,0
0.0,11,271.7166667,0.016666667,Mar,2,0
0.0,19,351.4,0.125,Jul,3,0
0.0,18,630.871912,0.000292398,May,3,0
0.0,42,651.665,0.060270563,Aug,3,0
0.0,5,62.75,0.04,Dec,2,0
0.0,15,446.25,0.015686275,Dec,2,0
0.0,51,6505.333333,0.050333333,Dec,1,0
0.0,1,0.0,0.2,Mar,2,0
0.0,17,544.1,0.002,Sep,2,0
0.0,11,285.6,0.021428571,Oct,2,0
0.0,4,26.0,0.1,May,13,0
0.0,88,1568.533333,0.005128205,Jun,2,0
0.0,9,211.0,0.044444444,Mar,2,0
0.0,3,110.0,0.016666667,May,4,0
0.0,7,72.41666667,0.004761905,Dec,20,0
10.72449269,46,4598.433333,0.046808511,Jul,1,1
0.0,3,277.5,0.011111111,May,2,0
0.0,5,241.0,0.08,May,1,0
0.0,106,3095.200725,0.034684685,Dec,2,0
39.63270309,27,1583.596154,0.028282828,Mar,2,0
0.0,30,2264.333333,0.010416667,Mar,3,0
0.0,12,271.3333333,0.014285714,Mar,2,0
0.0,41,1089.75,0.005853659,Mar,2,0
0.0,13,399.5,0.005128205,May,1,0
31.72080812,20,1424.4,0.0,Nov,5,1
14.22049566,24,704.5666667,0.011538462,Aug,1,0
0.0,1,0.0,0.2,Oct,1,0
19.10349568,22,325.0,0.007246377,Dec,1,1
0.0,1,0.0,0.2,Nov,13,0
52.67778465,31,2767.625,0.006896552,Nov,20,1
0.0,39,1174.666667,0.040833333,Nov,2,0
0.0,73,1677.666667,0.040444444,Jun,1,0
0.0,20,419.6,0.068253968,Aug,3,0
0.0,80,801.802381,0.0035,Mar,1,0
35.60912359,29,1279.089286,0.014166667,Nov,11,1
0.0,74,3237.114166,0.009113578,Nov,3,0
0.0,9,214.75,0.022222222,Nov,6,0
17.53595893,19,607.0,0.026984127,Feb,4,1
0.0,12,592.5,0.022222222,Dec,2,0
0.0,51,1059.253472,0.022643039,Mar,3,0
48.04390582,66,2101.305092,0.010049751,Oct,2,1
5.137714286,50,1306.1,0.012244898,May,20,1
0.0,1,0.0,0.2,Jul,1,0
0.0,1,0.0,0.2,May,4,0
0.0,12,201.3333333,0.035714286,Nov,13,0
0.0,7,137.5,0.033333333,May,3,0
0.0,6,1563.0,0.011111111,May,4,0
0.0,10,53.83333333,0.0375,Dec,10,0
0.0,11,125.0,0.081818182,Mar,13,0
0.0,1,0.0,0.2,Nov,2,0
0.0,29,424.125,0.020689655,Dec,1,0
9.227000967,30,1992.833333,0.003333333,Mar,3,1
4.759935374,43,1090.060606,0.011337868,May,5,0
0.0,12,355.85,0.016,Oct,3,0
0.0,6,132.75,0.022222222,Dec,2,0
59.33984611,26,690.5666667,0.003703704,Jul,2,1
0.0,33,743.2666667,0.021666667,Nov,1,0
0.0,5,164.3333333,0.06,Mar,1,0
0.0,29,1347.266667,0.008854167,Dec,1,0
0.0,22,987.6,0.015151515,Oct,4,0
0.0,8,191.0,0.025,May,13,0
0.0,14,599.5833333,0.016326531,Nov,20,0
5.268190163,221,3111.362121,0.006020558,Oct,2,0
0.0,7,99.75,0.028571429,Dec,2,0
0.0,2,42.0,0.05,Mar,3,0
0.0,36,1934.990476,0.043815476,May,2,0
0.0,7,65.0,0.15,May,1,0
0.0,22,1005.806061,0.007407407,Mar,2,0
0.0,2,0.0,0.2,May,4,0
0.0,7,262.375,0.026984127,May,6,0
0.0,3,5.333333333,0.083333333,Mar,3,0
0.0,35,926.6690476,0.054930556,May,4,0
0.0,7,139.0,0.055555556,Mar,2,0
0.0,22,657.42,0.046969697,Jul,4,0
0.0,23,1544.595238,0.092944664,Nov,13,0
0.0,3,59.0,0.066666667,Dec,2,0
62.51664293,22,868.6785714,0.019722222,Dec,2,0
0.0,3,249.0,0.066666667,Mar,3,0
0.0,12,425.1666667,0.016666667,Mar,10,0
19.03293603,33,799.1049417,0.017574237,Sep,2,0
0.0,25,1512.52381,0.024,Mar,11,0
19.78135119,50,1483.366667,0.01047619,May,4,0
0.0,23,813.0,0.05,May,4,0
0.0,10,427.0666667,0.003125,Nov,6,0
0.0,89,3296.602091,0.017287492,Dec,2,0
54.53454545,11,440.0,0.018181818,May,4,1
21.76475048,42,3503.025,0.018193939,May,2,0
23.59811637,30,1089.285714,0.012952381,Nov,2,0
0.0,4,102.0,0.05,Mar,2,0
0.0,23,195.6666667,0.086363636,May,3,0
0.0,33,451.1890072,0.00240967,Aug,3,0
0.0,2,59.0,0.1,May,4,0
0.0,6,25.0,0.122222222,May,4,0
0.0,4,47.5,0.075,May,3,0
0.0,1,0.0,0.2,May,2,0
0.0,11,787.0,0.053333333,May,6,0
9.609529412,49,2338.567766,0.028907563,May,4,1
0.0,3,9.0,0.133333333,May,3,0
0.0,22,2473.25,0.013383838,May,2,0
3.31108,43,3065.945238,0.011666667,Mar,1,1
0.0,10,240.75,0.02,Mar,2,0
0.0,57,3696.225342,0.037615417,Nov,2,0
0.0,24,1483.333333,0.026388889,May,3,0
0.0,8,60.0,0.02,Mar,2,0
0.0,10,558.0,0.023529412,Nov,11,0
71.07435633,25,583.35,0.016,Oct,2,1
0.0,4,188.0,0.0375,Mar,2,0
0.0,10,274.3,0.06,Jun,3,0
0.0,6,387.0,0.166666667,May,3,0
0.0,15,2106.833333,0.037301587,Nov,2,1
0.0,25,384.1571429,0.008333333,May,4,0
0.0,20,513.3333333,0.015357143,Dec,2,0
0.0,18,864.1,0.002777778,Sep,2,0
62.34813701,53,1659.319697,0.00380117,Mar,2,1
0.0,131,4597.575252,0.028754539,Dec,2,0
0.0,14,275.1666667,0.021428571,Nov,3,0
0.0,30,390.6666667,0.056666667,Mar,1,0
0.0,8,158.25,0.022222222,Nov,10,0
0.0,174,3486.370682,0.019687687,Nov,2,1
0.0,17,284.25,0.011764706,Feb,2,0
0.0,45,507.1111111,0.024444444,Jun,1,0
0.0,17,209.7,0.038235294,Jun,4,0
0.0,1,340.2,0.075,May,2,0
0.0,27,910.0,0.011111111,Nov,3,0
44.69642794,226,12900.7676,0.017955889,Nov,2,1
76.79037287,13,704.0,0.024285714,Dec,2,1
0.0,10,208.0,0.008333333,Nov,2,0
5.789028571,28,2054.114286,0.011877551,May,3,0
0.0,1,0.0,0.2,Nov,3,0
11.62288468,81,3675.940705,0.017420532,Dec,10,1
17.70684845,42,2066.927778,0.048188406,May,4,0
0.0,1,0.0,0.2,May,6,0
0.0,6,97.5,0.016666667,Dec,2,0
0.0,15,1148.0,0.05,Mar,3,0
0.0,9,249.41,0.005128205,Nov,4,0
0.0,4,113.5,0.046666667,May,4,0
0.0,14,175.6666667,0.010588235,Mar,2,0
4.395471544,45,812.2873894,0.022732152,Aug,2,1
4.465398354,41,1182.106162,0.018485839,Mar,2,0
0.0,32,1916.633333,0.0265625,Mar,10,0
7.371682608,66,3025.521713,0.025541275,Mar,6,1
0.0,15,1349.0,0.005882353,Mar,1,0
0.0,4,97.6,0.016666667,Nov,6,0
0.0,43,2325.611905,0.01814059,May,4,0
0.0,40,905.4856061,0.03747619,Mar,1,0
0.0,11,304.0,0.018181818,May,4,0
0.0,2,0.0,0.2,Nov,3,0
19.78533333,13,908.5,0.013333333,May,1,1
0.0,8,182.5833333,0.03125,Mar,3,0
0.0,8,676.0,0.05,May,13,0
0.0,4,34.0,0.033333333,May,5,0
0.0,28,559.8666667,0.013793103,Nov,1,0
0.0,12,157.0,0.033333333,Nov,1,0
0.0,8,726.0,0.108333333,May,19,0
0.0,98,2400.037843,0.011646771,Nov,2,1
0.0,89,3436.975,0.004387373,Nov,2,1
0.0,23,966.3583333,0.004081633,Nov,2,0
0.0,198,8006.695205,0.01852759,Jul,1,0
5.850665427,41,857.2666667,0.0242741,Nov,1,0
2.442153455,120,3283.715359,0.024543027,Nov,2,0
88.78460596,10,408.0,0.022222222,Mar,2,1
0.0,45,1296.0,0.013333333,Nov,3,0
0.0,2,12.0,0.1,Jul,6,0
0.0,18,330.5333333,0.009090909,Sep,4,0
0.0,3,32.83333333,0.05,Dec,2,0
86.388,12,499.0,0.018181818,May,2,1
0.0,111,1624.75,0.025515152,Dec,2,0
0.0,11,814.5,0.01,Mar,2,0
0.0,53,661.4455285,0.006528045,Nov,11,0
0.0,25,2852.0,0.043333333,May,3,0
0.0,21,173.0,0.023809524,Dec,3,0
5.772982827,27,1491.5,0.021326007,Nov,2,0
0.0,30,2559.433333,0.064367816,Sep,1,0
0.0,30,480.5,0.073333333,May,6,0
8.887671892,24,1220.257143,0.024215686,Oct,2,1
0.0,4,992.0,0.05,May,13,0
0.0,24,433.36,0.009722222,Aug,1,0
0.0,3,63.0,0.033333333,Nov,11,0
9.429362483,33,1475.254167,0.015530303,Nov,2,0
0.0,28,534.5833333,0.021428571,May,1,0
0.0,2,0.0,0.2,May,3,0
0.0,9,250.5,0.044444444,Mar,1,0
0.0,16,973.5,0.045833333,May,1,0
0.0,16,228.625,0.015,Dec,2,0
0.0,3,50.0,0.033333333,Mar,9,0
0.0,13,324.0,0.003030303,May,2,0
0.0,37,1489.590909,0.03816999,Sep,4,0
0.0,20,285.6666667,0.022222222,May,3,0
0.0,43,2595.280952,0.025378788,Mar,1,0
0.0,29,819.5892857,0.025448823,Nov,3,0
0.0,68,1080.15,0.001715686,May,2,0
0.0,7,61.5,0.085714286,Dec,1,0
0.0,18,588.5,0.08962963,Dec,1,0
0.0,60,3086.398654,0.019676875,May,1,0
33.9251122,39,1167.966667,0.014390244,May,3,1
0.0,9,386.25,0.022222222,Dec,6,0
42.30391708,13,447.2,0.007692308,Aug,20,1
4.163259563,56,1056.15,0.055331772,May,4,0
0.0,3,55.0,0.111111111,May,3,0
36.66178288,4,106.8,0.04,Oct,5,1
7.311892217,62,3142.941176,0.019685462,Nov,10,0
0.0,6,81.0,0.133333333,May,4,0
8.052616667,57,4516.588312,0.015180847,May,2,0
0.0,64,2264.091667,0.008854167,Nov,10,0
5.540024667,48,970.4192641,0.025088095,May,4,1
6.641911419,65,1140.791667,0.020707071,Nov,2,1
0.0,8,149.0,0.155555556,May,3,0
29.01038502,48,1266.119048,0.005788982,Mar,8,0
61.07207396,17,701.8032468,0.011111111,Nov,6,1
0.0,12,343.5833333,0.014285714,Mar,2,0
0.0,16,544.8333333,0.042857143,May,2,0
0.0,57,3671.675,0.027595628,Nov,2,0
68.84905671,14,988.0625,0.028571429,Dec,1,1
27.03298037,39,2310.083333,0.02702758,Nov,2,0
0.0,20,499.6666667,0.03,May,4,0
0.0,12,317.8333333,0.005555556,Feb,4,0
0.0,85,1736.447368,0.039989226,May,2,0
0.0,49,2612.357143,0.00952381,Mar,1,0
0.0,18,391.5833333,0.025,Dec,2,0
0.0,4,25.0,0.1,May,3,0
0.0,3,75.0,0.066666667,Mar,3,0
0.0,88,1839.098106,0.031587556,Aug,2,0
0.0,152,5617.092505,0.02743431,Nov,2,0
0.0,37,925.6666667,0.007894737,Nov,2,0
0.0,11,241.0,0.018181818,Mar,1,0
0.0,46,1098.524802,0.016529882,Nov,8,0
0.0,8,143.3333333,0.045238095,Nov,2,0
0.0,11,689.9916667,0.026666667,Nov,6,0
0.0,3,0.0,0.2,Mar,1,0
10.10222222,24,1530.194444,0.014814815,Mar,10,0
0.0,5,161.3333333,0.016666667,Dec,2,0
0.0,3,129.0,0.1,May,1,0
0.0,45,1387.267857,0.059221273,Jul,13,0
72.52283848,13,710.0666667,0.007692308,Nov,2,1
0.0,54,2070.643939,0.016163522,May,4,0
0.0,1,0.0,0.2,Nov,8,0
0.0,1,0.0,0.2,Nov,3,0
0.0,24,1332.25,0.008695652,Dec,2,0
0.0,52,2120.630952,0.011965812,Nov,2,0
35.091,8,308.0,0.025,May,2,1
0.0,10,902.6666667,0.03,Nov,20,0
0.0,26,938.5833333,0.021794872,Dec,1,0
0.0,5,465.5,0.16,May,3,0
0.0,2,43.0,0.1,Feb,3,0
0.0,2,22.0,0.1,Dec,1,0
6.783,25,1053.080952,0.019786325,May,4,0
0.0,5,310.5,0.014285714,May,2,0
0.0,39,930.3,0.010997732,Mar,3,0
0.0,9,1591.0,0.133333333,Dec,13,0
0.0,5,78.5,0.025,May,2,0
0.0,12,2052.833333,0.016666667,May,3,0
0.0,37,854.55,0.023166023,Dec,3,0
0.0,20,950.3285714,0.086507937,May,1,0
48.73081038,109,1759.686519,0.009734513,Oct,6,1
15.33867021,23,1249.216667,0.029102564,Aug,4,0
0.0,17,256.95,0.02,Nov,8,1
0.0,28,219.8,0.037931034,Nov,1,0
0.0,5,81.0,0.025,Mar,10,0
1.981038388,50,907.2363636,0.023212197,Oct,4,0
0.0,11,155.8333333,0.034615385,May,4,0
0.0,1,0.0,0.2,May,6,0
0.0,14,484.8452381,0.043661654,Nov,10,0
0.0,25,796.3,0.024074074,May,4,0
0.0,77,3586.833333,0.012575758,Dec,2,0
0.0,31,1279.806667,0.02952381,Sep,2,0
0.0,37,1065.25641,0.054225865,Dec,1,0
23.00459544,12,749.8,0.015384615,Jul,4,1
0.0,22,512.05,0.075277778,May,2,0
0.0,9,635.7238095,0.002777778,Jul,2,0
0.0,25,612.5833333,0.0125,May,13,0
0.0,106,4568.338675,0.013529215,Nov,10,1
0.0,2,0.0,0.2,May,6,0
0.0,1,40.0,0.1,Mar,10,0
0.0,11,281.9,0.04,Dec,6,0
4.511078764,94,2267.472565,0.008213489,Nov,2,1
0.0,3,335.0,0.133333333,Aug,4,0
8.1816,24,516.4166667,0.013333333,May,5,1
0.0,5,132.0,0.04,Mar,1,0
0.0,2,0.0,0.15,Nov,13,0
0.0,5,116.6666667,0.05,Oct,3,0
7.272067797,54,1509.8,0.006779661,Mar,2,0
4.702065533,29,1514.703333,0.011342593,Jul,1,0
15.39534668,15,771.875,0.026666667,Dec,2,0
0.0,5,62.5,0.04,Nov,8,0
13.83791777,91,6418.819048,0.046632997,Jul,3,0
0.0,55,2415.416667,0.019811321,Nov,11,0
18.61684302,55,1833.244643,0.008286252,Nov,2,1
0.0,3,32.5,0.133333333,Dec,3,0
0.0,31,2285.2,0.04516129,Nov,1,0
45.69873563,26,986.9166667,0.010985222,May,5,0
0.0,24,465.7321429,0.015384615,Dec,2,0
0.0,3,60.5,0.1,Nov,6,0
0.0,22,3410.875,0.09,Mar,2,0
0.0,17,418.8233333,0.001388889,Oct,3,0
0.0,19,472.5416667,0.005,Nov,2,0
0.0,6,114.4166667,0.016666667,Nov,6,0
0.0,24,674.5,0.0625,May,4,0
0.0,91,4766.021032,0.009213483,Dec,2,0
0.0,9,73.66666667,0.022222222,May,3,0
0.0,31,1297.464286,0.018010753,Nov,2,0
0.0,8,70.5,0.08,May,3,0
0.0,53,1062.749495,0.019263449,May,4,0
54.0486956,162,3608.432937,0.004347826,Nov,2,1
0.0,38,1787.395833,0.031871345,Nov,2,0
1.79107248,194,6460.192638,0.017284446,Nov,2,1
0.0,21,849.8833333,0.032063492,Mar,1,0
0.0,5,182.0,0.04,Mar,1,0
0.0,6,53.0,0.06,Mar,3,0
7.570470024,51,1068.357692,0.043697479,Nov,2,0
0.0,4,127.0,0.075,May,4,0
12.00869742,18,385.2916667,0.03754386,Nov,2,0
0.0,7,63.0,0.057142857,May,13,0
11.5952257,19,668.7,0.032424242,Nov,2,0
1.786819082,133,3068.922487,0.0122463,May,3,0
64.25350176,35,1907.135417,0.021993464,Dec,10,0
0.0,3,48.0,0.066666667,May,3,0
0.0,4,18.2,0.15,Sep,13,0
0.0,2,46.5,0.1,Nov,1,0
0.0,3,164.0,0.1,May,3,0
0.0,22,661.6309524,0.005128205,May,2,0
0.0,7,212.5,0.033333333,Nov,11,0
0.0,4,214.0,0.05,Mar,3,0
0.0,35,2994.827381,0.01969697,Nov,2,0
0.0,9,102.5,0.022222222,Mar,3,0
0.0,2,69.0,0.05,May,3,0
0.0,5,115.625,0.088,Nov,3,0
48.04726202,3,259.0,0.04,Oct,4,1
0.0,22,662.6666667,0.042651515,May,2,0
15.56462164,81,5546.0,0.014562569,Nov,2,1
0.0,24,3181.5,0.027083333,Nov,13,0
0.0,28,717.2190476,0.017058824,May,4,0
0.0,16,521.5,0.021052632,Jul,1,0
0.0,35,796.25,0.011574074,Dec,10,0
0.0,9,87.91666667,0.003174603,Nov,1,0
0.0,18,1567.846667,0.017894737,Nov,2,0
0.0,10,978.0,0.025,May,2,0
0.0,20,665.4722222,0.0145,Feb,4,0
10.12275,33,1564.17381,0.003506944,May,5,0
0.0,50,1557.916667,0.013207547,Dec,2,0
0.0,21,1003.658333,0.019064327,Oct,20,0
30.3236,23,660.4047619,0.025,May,4,1
0.0,8,162.5,0.022222222,May,1,0
38.20940741,10,443.5,0.027777778,May,4,1
0.0,7,205.5,0.038095238,Nov,13,0
6.229994739,51,2156.525403,0.011878788,Nov,2,1
0.0,22,622.25,0.006060606,Feb,4,0
0.0,1,0.0,0.2,May,13,0
0.0,13,472.4333333,0.004395604,Jul,2,0
0.0,8,249.0,0.091666667,May,6,0
0.0,11,332.5,0.011111111,May,2,0
0.0,9,72.0,0.044444444,May,3,0
0.0,44,1489.144444,0.014693878,Mar,1,0
12.07905093,79,4409.3,0.011546722,Nov,3,1
0.0,23,297.125,0.012068966,Nov,2,0
68.91364255,48,698.6715201,0.01989011,Nov,11,1
0.0,20,1839.833333,0.007539683,May,3,0
49.54827273,19,436.0,0.013636364,May,2,1
0.0,12,304.75,0.025,May,4,0
0.0,28,1252.75,0.042857143,Nov,13,0
0.0,8,167.0,0.05,Mar,3,0
27.77725875,8,1004.5,0.05,Dec,1,1
0.0,32,1135.444444,0.00952381,Feb,3,0
15.0047619,22,2178.672222,0.032020784,May,13,0
0.0,14,2530.5,0.052380952,May,3,0
12.1225775,35,1113.783333,0.012017544,Oct,2,1
0.0,22,465.7051282,0.010690797,May,4,0
0.0,2,96.0,0.1,Mar,1,0
9.849816466,77,3909.620363,0.022377452,May,2,0
0.0,0,0.0,0.2,May,2,0
0.0,3,183.0,0.066666667,Mar,1,0
0.0,4,186.25,0.066666667,Nov,2,0
0.0,4,2210.5,0.013333333,May,3,0
0.0,25,2877.5,0.037435897,May,1,0
0.0,7,197.0,0.042857143,Dec,2,0
0.0,3,25.0,0.066666667,Mar,1,0
0.0,4,112.5,0.05,May,6,0
0.0,10,1143.666667,0.023333333,Aug,2,0
0.0,18,353.0833333,0.05,Nov,2,1
0.0,8,170.0,0.08,Mar,3,0
0.0,8,233.5,0.027777778,Dec,2,0
0.0,6,25.5,0.083333333,Mar,1,0
0.0,8,603.0,0.033333333,May,4,0
0.0,77,4346.541667,0.023099415,Mar,2,0
53.73655336,39,2011.041667,0.0125,Nov,8,1
0.0,3,66.4,0.1,Jun,11,0
0.0,2,22.0,0.022222222,Dec,2,0
0.0,140,8961.407671,0.012980564,Mar,1,0
0.0,26,2988.883333,0.002903226,Sep,2,0
0.0,12,237.5,0.046153846,Dec,1,0
0.0,29,1582.533333,0.022222222,Oct,1,0
0.0,3,170.6666667,0.026666667,Dec,11,0
0.0,28,630.0833333,0.032839506,Nov,10,0
0.0,1,0.0,0.2,Mar,2,0
0.0,4,219.5,0.016666667,May,2,0
0.0,24,386.75,0.051388889,Nov,3,0
16.87878625,90,1322.004437,0.00547491,Dec,10,0
0.0,16,2227.8,0.021428571,Sep,5,1
0.0,10,150.8666667,0.02,Sep,2,0
0.0,19,291.2589744,0.043589744,Mar,1,0
0.0,16,315.25,0.011111111,May,5,0
19.78456264,35,653.8595238,0.027350427,Dec,8,0
0.0,13,979.0833333,0.006060606,Dec,2,0
0.0,8,204.0,0.030769231,Mar,1,0
0.0,11,839.5,0.05,Mar,2,0
0.0,9,1362.0,0.008333333,Mar,6,0
0.0,8,67.85,0.033333333,Jun,1,1
0.0,34,777.2125,0.013513514,Dec,1,0
34.45943549,85,3684.855282,0.009959744,Nov,2,0
0.0,31,445.625,0.030322581,Nov,3,0
0.0,16,281.75,0.014285714,Nov,2,0
0.0,10,130.5,0.1,Dec,3,0
0.0,31,688.1666667,0.019354839,Mar,3,0
0.0,26,2021.4,0.030769231,Jul,4,0
0.0,31,697.5866667,0.0325,Jun,2,0
0.0,11,288.125,0.066666667,Dec,3,0
6.221045455,64,2471.391775,0.020580808,May,4,1
0.0,9,140.2,0.044444444,Sep,2,0
0.0,13,646.7916667,0.054358974,May,1,0
63.891,8,335.0,0.05,May,1,1
7.848538778,10,511.25,0.007407407,Dec,8,1
0.0,49,1385.85,0.013265306,Dec,3,0
0.0,31,1552.883333,0.008333333,May,2,0
0.0,37,518.0,0.015384615,May,3,0
0.0,156,8613.257312,0.015117319,Nov,2,0
0.0,6,0.0,0.2,Jun,13,0
0.0,20,497.0,0.045416667,May,1,0
0.0,29,1980.266667,0.026262626,Jul,4,1
2.613452922,113,8699.407065,0.047477294,May,11,0
0.0,1,0.5,0.066666667,Dec,13,0
0.0,5,41.0,0.08,Dec,1,0
0.0,107,3723.529739,0.01972313,Nov,2,0
0.0,26,586.85,0.031868132,Dec,10,0
0.0,14,267.25,0.021428571,Nov,11,0
0.0,32,536.6833333,0.00058651,Mar,3,0
0.0,43,1146.5,0.035271318,May,4,0
0.0,1,0.0,0.2,Mar,1,0
0.0,113,1341.632619,0.011846847,Jul,13,0
29.38287135,23,833.6695513,0.012947658,Dec,2,1
0.0,21,1005.833333,0.039393939,Dec,2,0
0.0,3,31.2,0.133333333,Jun,1,0
0.0,6,486.0,0.028571429,May,2,0
0.0,2,12.0,0.12,May,4,0
9.063088034,51,1219.054286,0.012113703,Aug,1,1
0.0,8,612.625,0.041538462,Dec,2,0
0.0,16,1760.6,0.033333333,Nov,2,1
0.0,89,1332.088889,0.003296703,May,3,0
13.91832377,292,8282.214508,0.005669849,Nov,2,0
0.0,33,1267.06,0.040540541,Jun,3,0
10.19295165,45,1424.804887,0.008333333,Nov,2,1
0.0,2,0.0,0.2,Jul,1,0
0.0,258,3637.985674,0.008679315,Jun,3,0
10.37042373,56,3763.166667,0.01480226,Mar,1,1
61.80843596,10,322.3666667,0.009090909,Nov,2,1
0.0,15,506.0,0.06,May,4,0
0.0,2,8.0,0.1,Dec,2,0
0.0,8,517.5,0.008333333,May,6,0
0.0,31,736.7833333,0.008823529,May,3,0
0.0,1,0.0,0.2,Mar,1,0
0.0,9,349.0,0.01,Dec,8,0
0.0,1,0.0,0.2,May,3,0
0.0,78,2448.536054,0.02841508,Dec,10,0
60.622383,12,220.2666667,0.02,Nov,8,1
0.0,24,381.25,0.0625,Nov,11,0
0.0,8,197.9,0.054545455,Aug,4,1
7.935285933,92,2324.820965,0.020072361,Nov,13,1
0.0,75,2549.529127,0.047380485,Jul,4,0
1.718218835,18,476.1777778,0.066666667,Aug,13,0
0.0,48,783.6944444,0.01877551,Dec,2,0
0.0,1,0.0,0.2,May,20,0
0.0,35,676.2666667,0.013675214,Oct,2,0
0.0,3,75.0,0.133333333,Dec,20,0
0.0,5,29.5,0.059259259,Dec,2,0
17.29676376,10,447.1333333,0.018181818,Oct,2,1
43.252,14,549.5,0.013333333,May,2,1
13.18554515,15,418.375,0.013333333,Dec,2,1
0.0,1,0.0,0.2,Dec,3,0
1.660118182,53,1440.298918,0.021974359,Mar,3,1
0.686565227,171,9119.885413,0.021627971,Dec,10,0
0.0,47,2455.147619,0.023703704,Nov,3,0
1.273317415,32,1213.65,0.024324324,Aug,2,1
0.0,17,684.9166667,0.049411765,Mar,1,0
0.0,3,132.4,0.033333333,Jun,1,0
0.0,6,72.0,0.05,May,4,0
0.0,34,581.2261905,0.030213239,May,1,0
10.79250883,22,699.2671429,0.037698413,Jul,1,1
39.75577236,35,1078.727778,0.010452962,May,3,0
0.0,17,887.0666667,0.0296875,Mar,2,0
0.0,10,709.0,0.016666667,Mar,2,0
0.0,85,2112.101515,0.014196078,Nov,3,0
98.04262564,58,2787.25,0.007715618,May,2,0
0.0,113,3312.879422,0.016482015,Nov,2,1
3.541145833,96,4233.4807,0.027174712,Mar,1,0
0.0,34,2991.319444,0.026111111,Dec,1,0
0.0,83,2694.507143,0.009090909,Nov,2,1
0.0,1,0.0,0.2,Sep,4,0
0.0,13,421.1666667,0.028205128,May,2,0
0.0,9,430.6071429,0.008333333,Nov,11,0
20.30438949,26,2559.898333,0.017422643,Mar,2,0
0.0,21,304.275,0.001169591,May,2,0
0.0,1,0.0,0.2,May,3,0
2.353444628,145,5577.826456,0.01187122,May,11,0
0.0,2,0.0,0.2,Mar,1,0
0.0,19,620.0333333,0.007894737,Feb,2,0
0.0,6,306.25,0.052592593,Nov,13,0
0.0,24,274.5,0.006666667,Dec,2,0
0.0,17,319.0,0.010526316,May,2,0
0.0,11,2351.333333,0.025,May,3,0
0.0,19,483.5833333,0.025789474,May,3,0
0.0,132,6725.66369,0.01286425,Nov,2,0
0.0,3,20.0,0.066666667,May,4,0
11.47812903,30,974.2698413,0.007885305,May,1,1
0.0,2,0.0,0.2,Jul,13,0
0.0,19,543.775,0.002380952,May,11,0
0.0,63,1242.661699,0.02691802,Nov,2,0
0.0,11,303.5,0.012121212,Nov,2,0
0.0,41,961.25,0.020714286,Dec,2,0
6.548011382,76,5186.116667,0.024837398,Mar,2,0
0.0,43,1131.808333,0.047348485,Mar,3,0
0.0,57,820.3636364,0.061650605,Jun,13,0
0.0,1,0.0,0.2,May,1,0
0.0,1,0.0,0.2,Mar,1,0
0.0,18,432.7666667,0.027777778,Oct,2,0
0.0,48,3177.366667,0.044680851,Jul,1,0
0.0,4,66.0,0.025,Dec,2,0
0.0,22,759.75,0.019871795,Dec,2,0
0.0,7,72.25,0.142857143,Dec,3,0
0.0,20,850.0357143,0.041666667,May,4,0
0.0,6,330.4166667,0.023809524,Dec,8,0
0.0,1,0.0,0.2,May,2,0
0.0,6,161.0,0.1,Nov,11,0
59.51850423,10,268.0,0.018181818,Dec,2,1
0.0,4,33.14285714,0.039814815,Dec,10,0
0.0,10,1169.1,0.05,Mar,2,0
19.21218939,44,724.3166667,0.011363636,May,2,1
0.0,30,823.5,0.001666667,Mar,11,0
24.80248887,108,6740.557143,0.032553517,Nov,1,1
0.0,91,3309.448776,0.020476218,Nov,13,1
0.0,9,156.5,0.027272727,Dec,8,0
0.0,6,117.5,0.060606061,May,1,0
0.0,34,1425.566667,0.008823529,Nov,2,1
0.0,4,111.1333333,0.0,Aug,1,0
0.0,11,142.1666667,0.03,May,4,0
0.0,150,4760.778303,0.019068861,Nov,13,0
0.0,26,2553.625,0.029487179,Nov,8,0
0.0,5,322.0,0.06,May,3,0
0.0,17,341.6166667,0.00627451,Jul,4,0
1.271406629,391,15025.23302,0.010140622,Nov,1,0
0.0,5,109.8,0.16,Aug,3,0
0.0,16,744.5,0.033777778,Mar,2,0
0.0,5,151.2,0.053333333,May,1,0
0.0,2,19.0,0.1,Nov,2,0
0.0,24,1448.333333,0.003846154,May,2,0
0.0,11,214.0533333,0.03015873,Oct,2,0
0.0,46,3043.916667,0.05,Nov,2,0
0.0,52,1941.083333,0.029824561,May,13,0
0.0,12,107.0,0.033333333,Nov,2,0
0.0,84,2289.079157,0.013110506,Jun,3,0
0.0,5,27.0,0.08,Dec,1,0
0.0,22,486.5,0.030666667,May,11,0
0.0,4,72.66666667,0.083333333,May,4,0
83.10114264,12,672.7,0.004444444,Nov,2,1
0.0,17,819.0,0.005,May,1,0
0.0,2,0.0,0.2,May,13,0
0.0,36,472.6666667,0.100510511,May,13,0
0.0,1,0.0,0.2,Nov,2,0
0.0,10,146.7666667,0.002272727,May,1,0
13.26221446,115,2547.717986,0.007207729,Nov,10,1
12.58179402,61,2440.473611,0.014867424,Nov,2,0
14.5218625,48,1361.63442,0.01728863,Dec,3,0
2.179730769,50,952.4345238,0.011538462,Mar,11,1
68.32050059,39,581.9419883,0.000732601,Aug,2,1
0.0,32,2331.15,0.048958333,Aug,1,0
0.0,12,279.0833333,0.038461538,Nov,2,0
0.0,1,0.0,0.2,Mar,2,0
0.0,23,997.2878788,0.031897436,Dec,2,0
0.0,20,1572.571429,0.015873016,Mar,1,0
0.0,73,2265.492857,0.00716821,Nov,13,0
0.0,8,144.0,0.045833333,Mar,3,0
58.37208988,1,27.2,0.0,Nov,20,1
39.51980679,27,1121.25,0.042857143,Dec,2,0
13.73292849,30,647.518523,0.010437463,Jul,1,1
0.0,71,1563.930952,0.017192982,May,4,0
0.0,108,1479.083333,0.007142857,May,6,0
0.0,37,2419.133333,0.023245614,Mar,1,0
0.0,20,606.0,0.011111111,Mar,1,0
13.59007196,21,344.1714286,0.007017544,Oct,2,1
0.0,1,0.0,0.2,May,3,0
0.0,70,6384.366987,0.027790836,Nov,8,1
13.63463318,41,1663.761905,0.015942029,Mar,2,1
0.0,1,0.0,0.2,Dec,20,0
0.0,15,449.5,0.04375,Mar,1,0
0.0,46,953.0686869,0.014285714,May,4,0
0.0,9,837.6666667,0.022222222,May,13,0
0.0,47,2059.7,0.033243423,Dec,6,0
4.141458811,74,2378.263492,0.025042424,Nov,1,1
0.0,8,243.5,0.016666667,Dec,2,0
0.0,21,526.5,0.009090909,Aug,1,0
42.14163315,71,1683.744444,0.016666667,Oct,4,0
0.0,11,146.75,0.02,Nov,15,0
0.0,32,675.6666667,0.028571429,Dec,10,0
0.0,3,48.0,0.066666667,Mar,1,0
0.0,37,581.0833333,0.026851852,Nov,10,0
0.0,98,6212.779517,0.033991575,Nov,10,0
0.0,12,261.0,0.083333333,Mar,1,0
0.0,17,225.68,0.003703704,Nov,2,0
0.0,8,189.5,0.1,Dec,13,0
10.45977002,57,1475.608427,0.030868963,Oct,1,0
0.0,6,311.5,0.0125,May,2,0
0.0,6,189.75,0.019047619,Nov,2,0
0.0,6,612.5,0.04,Nov,2,0
0.0,40,720.4257937,0.015259259,Dec,1,0
0.0,7,24.0,0.1,May,3,0
0.0,5,276.0,0.04,May,1,0
31.81967723,24,1010.25,0.016666667,Dec,2,1
0.0,68,746.8,0.011470588,May,13,0
0.0,18,902.0,0.007407407,Feb,4,0
0.0,3,80.0,0.177777778,Nov,1,0
0.0,57,2716.666667,0.005263158,Nov,3,1
0.0,4,44.0,0.083333333,May,6,0
77.04199767,31,1144.972222,0.008333333,Dec,2,1
0.0,31,822.65,0.020804598,May,4,0
0.0,2,5.0,0.1,Mar,2,0
0.0,17,376.5166667,0.01512605,Nov,2,0
0.0,10,304.75,0.007407407,Dec,2,0
0.0,19,364.5333333,0.027,Nov,2,0
15.51193548,30,1407.5,0.02516129,May,13,1
0.0,14,291.6,0.085714286,May,6,0
0.0,5,42.2,0.04,Jun,1,0
0.0,20,1958.833333,0.035185185,Nov,1,0
0.0,12,142.75,0.043055556,Nov,2,0
0.0,17,557.1666667,0.049509804,Mar,1,0
0.0,1,0.0,0.2,May,3,0
0.0,0,0.0,0.2,May,3,0
12.96520279,37,839.2083333,0.017105263,Nov,2,1
49.66307692,37,1133.016667,0.013846154,May,2,1
0.780277403,145,5962.732411,0.013265367,Nov,3,1
0.0,8,64.0,0.05,Dec,8,0
0.0,12,418.3333333,0.004545455,May,5,0
0.0,2,12.0,0.04,Sep,2,0
80.04344186,42,1329.666667,0.002325581,May,4,1
0.0,12,148.75,0.056666667,Nov,3,0
0.0,1,0.0,0.2,Dec,1,0
0.0,15,304.1666667,0.04,May,3,0
0.0,63,5245.277619,0.020091324,Nov,1,0
14.02863873,28,968.6666667,0.024712644,Nov,3,1
0.0,5,47.5,0.12,Dec,3,0
0.0,15,292.5,0.02125,May,4,0
0.0,2,30.5,0.05,Mar,10,0
0.0,1,0.0,0.2,May,3,0
0.0,36,5300.291667,0.005714286,Nov,2,0
0.0,46,1805.146667,0.02122449,Jun,1,0
0.0,9,78.25,0.088888889,May,2,0
0.0,18,894.5809524,0.007142857,Dec,6,0
0.0,53,1518.761111,0.005454545,Mar,2,0
0.0,3,79.5,0.033333333,Mar,2,0
0.0,4,13.0,0.057142857,May,4,0
0.0,33,2081.5,0.017142857,May,3,0
0.0,12,375.0,0.058333333,Feb,1,0
17.72722287,23,1516.2,0.028,Jun,2,1
0.0,14,1225.0,0.015384615,May,2,0
0.0,30,3815.166667,0.026200717,Nov,2,0
0.0,1,0.0,0.2,Dec,13,0
0.0,36,1388.2,0.027777778,Nov,2,0
0.0,9,733.25,0.018181818,Dec,2,0
0.0,10,363.6,0.015384615,Sep,5,1
0.0,63,3445.0125,0.028190306,Dec,2,0
0.0,275,9139.496696,0.018539498,Nov,2,0
0.0,2,3.0,0.15,May,2,0
0.0,7,143.0,0.028571429,Nov,3,0
7.530107143,80,1190.418903,0.027420635,May,4,0
0.0,9,495.0,0.044444444,May,19,0
44.47733333,27,877.5,0.007407407,May,4,1
0.0,3,7.0,0.0625,Nov,3,0
21.92521348,24,832.0,0.020289855,Mar,1,0
0.0,93,2697.17535,0.019274564,Nov,2,0
0.0,49,1088.05,0.021069182,May,3,0
0.0,19,295.8333333,0.010526316,Nov,2,0
0.0,10,345.25,0.04,May,3,0
0.0,5,1162.5,0.025,Mar,2,0
0.0,15,372.0833333,0.04,Nov,2,0
13.13492027,30,1732.066667,0.050752688,Nov,10,0
13.89178731,31,1363.7,0.027830688,Nov,2,0
0.0,31,2130.693837,0.032482778,Nov,3,0
0.0,20,419.0,0.01,May,4,0
0.0,86,3334.506667,0.050387597,Aug,3,0
0.0,4,118.25,0.016666667,Dec,2,0
0.0,3,0.0,0.2,Nov,3,0
0.0,9,297.0833333,0.014285714,Nov,8,0
3.696136038,111,8684.983333,0.019613095,Dec,1,0
0.0,6,149.5,0.066666667,May,13,0
2.346800426,59,2816.781781,0.014766169,Mar,1,0
0.0,5,102.0,0.01,May,4,0
0.0,23,1580.166667,0.054666667,May,2,0
0.0,13,1212.0,0.0125,May,4,0
0.0,16,222.2333333,0.029411765,Jun,2,0
0.0,40,550.7095238,0.00952381,Sep,2,0
0.0,3,82.0,0.06,May,3,0
0.0,6,127.4,0.0,Aug,2,0
34.25336842,20,887.5833333,0.016140351,May,11,1
0.0,13,2004.5,0.04047619,Mar,2,0
0.0,11,419.75,0.038461538,Dec,2,0
165.6204667,25,591.8928571,0.020833333,May,4,1
2.217029402,39,805.625,0.020905923,Dec,2,0
0.0,16,142.5,0.08125,May,4,0
84.87572674,29,1082.75,0.006896552,Nov,2,1
5.251288882,39,1706.119697,0.030371661,Jun,2,0
0.0,24,1762.25,0.016666667,Mar,1,0
0.0,8,85.5,0.1,May,1,0
0.0,32,1249.866144,0.02577466,Dec,2,0
20.5924708,39,1828.966667,0.02008547,Nov,2,1
79.51302667,27,213.0157143,0.007407407,Oct,3,1
0.0,1,0.0,0.2,Mar,10,0
14.1273698,8,332.0,0.028571429,Nov,8,1
0.0,14,858.2,0.010526316,Oct,5,1
0.0,15,755.25,0.033333333,Nov,1,0
6.812105263,36,1381.75,0.018421053,May,4,0
0.0,5,517.5,0.1,May,4,0
0.0,15,1418.25,0.00625,Mar,1,0
0.0,94,2487.52,0.002083333,Oct,2,0
0.0,1,0.0,0.2,Feb,3,0
0.0,1,0.0,0.2,May,1,0
0.0,11,470.9166667,0.061538462,Nov,2,0
0.0,4,42.575,0.011428571,Nov,8,0
0.0,339,16138.2908,0.020193811,Nov,2,0
14.49431487,17,546.2291667,0.01957672,Dec,2,0
0.0,4,352.0,0.15,May,13,0
16.07106667,33,1829.183333,0.017619048,May,2,1
45.15513521,318,13717.40205,0.015642808,Nov,2,1
0.0,21,197.3333333,0.041269841,May,4,0
0.0,47,1475.366667,0.02674772,Nov,1,0
0.0,24,663.0,0.066666667,Dec,1,0
0.0,1,0.0,0.2,Oct,2,0
0.0,4,29.0,0.125,May,4,0
54.91911804,16,694.4549784,0.001470588,Sep,2,1
0.0,19,2217.333333,0.017361111,Mar,1,0
0.0,4,52.4,0.02,Oct,1,1
0.0,26,360.1816667,0.008800253,Nov,2,0
0.0,17,141.5,0.111764706,May,6,0
254.6071579,16,331.3333333,0.010526316,May,2,1
19.34978396,95,5696.165963,0.023369348,Nov,10,1
0.0,25,436.5,0.024,Feb,1,0
0.0,17,287.75,0.121568627,May,4,0
0.0,13,257.9333333,0.016,Sep,4,0
0.0,11,196.2,0.013333333,Mar,10,0
0.0,4,60.6,0.075,Sep,3,1
0.0,2,0.0,0.2,Jun,3,0
0.0,7,154.0,0.005555556,Mar,2,0
0.0,34,933.85,0.031505682,Nov,2,0
0.0,7,50.5,0.1,May,3,0
0.0,32,1870.966667,0.037037037,Aug,2,0
0.0,3,59.0,0.05,Mar,8,0
0.0,0,0.0,0.1,Dec,8,0
0.0,6,203.15,0.051111111,Mar,2,0
0.0,10,111.0,0.02,Mar,3,0
0.0,35,1092.354167,0.034935835,Nov,8,0
0.0,250,8622.38,0.02250017,Nov,1,1
0.0,46,3346.041667,0.01884058,Nov,2,1
34.99166667,29,785.474359,0.001481481,May,4,1
0.0,16,1012.964286,0.023529412,Dec,10,0
0.0,4,149.0,0.05,Mar,2,0
0.0,21,1045.0,0.031746032,May,13,0
0.0,41,1271.333333,0.047560976,May,13,0
0.0,11,205.75,0.036363636,Dec,2,0
0.0,35,1712.833333,0.000263158,May,3,0
0.0,80,1982.884524,0.033499444,Nov,1,0
6.322599996,94,1729.716667,0.025420875,Aug,1,0
0.0,2,171.0,0.1,Mar,2,0
0.0,1,0.0,0.2,Nov,2,0
0.0,7,720.0,0.011111111,Mar,6,0
0.0,6,143.5,0.016666667,Dec,10,0
0.0,17,1229.466667,0.041269841,Jun,16,1
47.65566667,11,224.0,0.022222222,May,4,1
0.0,11,1760.0,0.072727273,May,3,0
18.9160732,44,1113.309524,0.015625,Dec,1,0
0.0,10,281.0,0.042857143,Mar,2,0
43.3616369,49,2302.021242,0.026591844,Mar,2,1
0.0,14,276.35,0.007142857,Jun,2,0
0.0,8,208.0,0.1,Nov,1,0
60.26309658,13,392.1875,0.005128205,Dec,20,1
54.17976426,45,1582.75,0.050821256,Feb,1,0
9.15008,23,505.5833333,0.03,Mar,2,1
0.579785745,80,5046.056667,0.025771658,Oct,3,0
0.0,5,0.0,0.2,May,13,0
0.0,5,24.0,0.12,May,4,0
0.0,5,427.0,0.04,Mar,9,0
0.0,10,246.9333333,0.01,May,2,0
34.60160214,29,1352.133333,0.025287356,Nov,2,1
12.18867006,22,1668.95,0.00952381,Dec,2,1
32.22246226,92,3163.14329,0.0095145,Nov,1,1
0.0,33,1148.333333,0.020833333,Aug,1,0
0.0,4,105.0,0.05,Nov,1,0
0.0,6,80.0,0.028571429,Mar,1,0
0.0,5,137.3333333,0.005,Mar,2,0
14.1273698,20,1166.333333,0.002631579,Nov,2,1
0.0,4,1111.0,0.05,Mar,1,0
0.0,6,32.2,0.10952381,Jun,3,0
0.0,29,740.5,0.009315376,May,4,0
35.8370931,13,323.9166667,0.008333333,Mar,10,1
32.382,10,338.5,0.02,May,1,1
0.0,7,157.5,0.025,Mar,3,0
270.7846931,7,432.0,0.014285714,Nov,8,1
0.0,43,686.8789683,0.012581699,Nov,3,0
0.0,38,3872.716667,0.002702703,Aug,2,0
0.0,12,2054.333333,0.015384615,May,1,0
0.0,44,547.0,0.087407407,May,13,0
0.0,29,749.125,0.02745098,Nov,2,1
0.0,12,281.5,0.020833333,May,4,0
50.17693633,39,1858.833333,0.011818182,Dec,2,0
0.0,17,174.8333333,0.051764706,May,2,0
15.27655756,24,1151.136905,0.0186,Dec,2,1
13.99708333,66,2506.333333,0.041369048,May,6,1
0.0,23,386.18,0.016521739,Jul,4,0
0.0,5,122.4,0.042857143,Jul,4,0
0.0,43,760.875,0.036790123,Dec,2,0
4.964521194,62,5556.932698,0.020625,Sep,2,0
18.07802206,43,1717.740476,0.018472224,Dec,2,1
0.0,141,4567.942696,0.02119383,Dec,2,0
0.0,1,0.0,0.2,Nov,13,0
0.0,72,3559.375,0.023797619,Nov,2,0
0.0,7,296.1666667,0.011111111,Mar,2,0
0.0,4,99.0,0.05,May,2,0
0.0,22,925.8333333,0.048484848,Mar,1,0
0.0,20,436.1,0.07,Jun,3,0
0.0,14,1033.066667,0.012291667,May,3,0
18.42740587,68,4100.255455,0.025614035,Aug,3,0
0.0,11,1197.8,0.01,Oct,20,0
0.0,43,1343.097619,0.057878788,May,6,0
0.0,3,71.0,0.1,May,13,0
0.0,7,97.0,0.1,Mar,1,0
31.3094364,14,510.5,0.015384615,Mar,2,1
0.0,2,58.6,0.05,Jul,1,0
0.0,19,384.4030303,0.020295983,Sep,2,0
0.0,28,527.8333333,0.048148148,Oct,13,0
0.0,5,41.66666667,0.04,Dec,2,0
0.0,30,3959.45,0.060590278,Dec,3,0
0.0,97,4318.668082,0.013784185,Jul,2,0
2.524993961,129,5293.824709,0.020659075,May,1,0
94.01683315,7,212.5,0.007407407,Nov,2,1
0.0,40,991.7155466,0.011659808,Sep,1,0
0.0,28,643.875,0.003571429,May,2,0
0.0,38,1656.615043,0.04154591,Dec,2,0
0.0,10,343.0,0.02,May,1,0
0.0,10,45.2,0.1,Aug,3,0
0.0,2,2.666666667,0.14,Feb,4,0
17.12545455,24,580.2,0.012121212,Mar,1,1
0.0,4,158.5,0.016666667,Mar,10,0
0.0,46,1354.8,0.041212121,Aug,3,0
0.0,2,70.5,0.05,Dec,2,0
0.0,9,53.0,0.111111111,Dec,1,0
0.0,5,0.0,0.2,Jul,1,0
0.0,9,230.8333333,0.035714286,Nov,3,0
0.0,16,190.75,0.01875,May,4,0
0.0,11,572.6,0.013333333,Oct,4,0
0.0,2,93.0,0.05,Dec,2,0
0.0,1,0.0,0.2,Nov,13,0
0.0,1,0.0,0.2,Nov,10,0
2.627347196,60,1967.780163,0.0154654,Dec,10,1
0.0,11,123.0,0.036363636,May,13,0
3.111047059,32,814.6071429,0.024019608,May,4,1
0.0,129,4609.626389,0.016137507,Dec,2,0
0.0,6,42.0,0.05,Nov,3,0
0.0,24,431.5,0.012,Dec,3,0
0.0,22,472.752381,0.029761905,Nov,4,0
0.0,2,14.0,0.1,May,1,0
0.0,33,1246.708333,0.056986532,Dec,2,0
0.0,0,0.0,0.1,Dec,2,0
0.0,5,68.75,0.0375,Nov,8,0
5.304,57,1008.916667,0.029239766,May,6,0
0.0,41,1227.713333,0.041056911,Oct,3,0
0.0,9,246.5,0.138888889,Nov,1,0
0.0,11,185.0,0.054545455,May,6,0
0.0,41,764.1333333,0.014444444,Jun,4,0
0.0,42,3333.076068,0.027506986,Aug,2,0
0.0,8,143.5833333,0.05,Nov,1,0
0.0,14,253.6,0.018333333,Sep,4,0
0.0,311,12500.35306,0.014687275,Nov,2,0
0.0,13,1001.0,0.013333333,Mar,1,0
0.0,115,3382.287999,0.021971597,May,6,0
58.105625,32,886.9583333,0.0125,May,4,0
0.0,3,45.33333333,0.0125,May,4,0
0.0,22,1368.0,0.013636364,Nov,3,0
0.0,14,331.55,0.017777778,Jun,2,0
11.11383981,36,1335.773333,0.034484127,Nov,2,0
0.0,34,1337.245455,0.024214286,May,2,0
0.0,10,90.0,0.018181818,Mar,10,0
17.75267237,52,1968.942963,0.023015892,Jun,2,1
0.0,1,0.0,0.2,Jun,4,0
0.0,1,487.0,0.1,Nov,10,0
4.18760274,67,3014.290476,0.00781583,May,3,0
0.0,16,381.2142857,0.022395833,Nov,2,0
3.454874142,97,6079.82,0.017,Oct,3,0
0.0,2,0.0,0.2,Jun,13,0
0.0,1,0.0,0.2,Jul,2,0
0.0,8,361.0,0.025,Dec,3,0
21.23244876,45,2033.845238,0.007154088,Nov,2,0
21.47142017,3,66.05,0.022222222,Aug,6,1
0.0,27,723.7666667,0.016387521,Nov,2,0
4.007065498,55,3494.06746,0.029188713,Nov,1,0
0.0,14,1277.741667,0.035714286,Nov,1,0
0.0,48,2207.833333,0.016921296,May,11,0
11.9955404,15,245.0,0.0125,Mar,3,1
0.0,74,2408.579762,0.016621622,Nov,2,0
44.35848718,46,2557.35,0.01372549,Oct,2,1
0.0,13,531.0,0.05,May,3,0
0.0,15,665.5666667,0.004761905,Mar,8,0
0.0,25,902.0833333,0.007692308,Dec,2,1
0.0,5,39.5,0.0125,May,5,0
0.0,10,279.3333333,0.025,Nov,2,0
7.146260888,50,1245.3,0.020666667,Mar,9,0
0.0,3,117.0,0.1,May,11,0
2.172431373,51,3540.239394,0.023180828,May,1,1
0.0,43,1418.5,0.018181818,Mar,3,0
62.77367187,26,615.5595238,0.002083333,Sep,3,1
32.56725746,114,2997.00203,0.005989942,Nov,2,1
65.29516039,30,4262.966667,0.013333333,Dec,1,1
7.231074783,359,12959.91515,0.008975428,Nov,2,1
0.0,3,18.0,0.066666667,May,5,0
0.0,83,791.9559524,0.025536616,May,1,0
0.0,19,273.7083333,0.035087719,Nov,11,1
0.0,15,178.0,0.043137255,May,4,0
0.0,7,352.7,0.014285714,Oct,4,0
33.85339122,127,3247.644636,0.017025608,Nov,2,1
0.0,11,331.25,0.033333333,Mar,2,0
0.0,2,24.5,0.1,Dec,11,0
0.0,3,115.0,0.066666667,May,13,0
7.9755,36,1523.416667,0.016427739,May,2,0
0.0,33,629.8583333,0.03030303,Nov,1,0
0.0,33,677.95,0.01968254,May,4,0
0.0,5,111.0,0.04,Nov,2,0
0.0,15,328.4166667,0.037647059,May,4,0
0.0,23,1037.833333,0.039285714,Aug,1,0
0.0,2,46.0,0.1,May,4,0
0.0,81,1950.840873,0.024773663,Nov,2,1
0.0,5,90.33333333,0.04375,May,13,0
0.0,3,109.0,0.033333333,May,4,0
0.0,14,263.175,0.021428571,Nov,8,0
0.0,31,835.2380952,0.009811828,Dec,10,0
0.0,1,48.5,0.1,Nov,3,0
0.0,45,747.0428571,0.031296296,Nov,13,0
24.57349606,53,1121.433333,0.019607843,Jul,1,1
16.82505,21,452.797619,0.023,May,4,1
0.0,4,63.4,0.04,Oct,20,0
0.0,38,1185.986275,0.009501385,Nov,3,0
6.277683942,409,9100.402959,0.015934735,Jul,13,0
0.0,2,19.0,0.1,Mar,11,0
0.0,22,356.8,0.016666667,Mar,8,0
0.0,20,221.78,0.001515152,Nov,2,0
0.0,2,5.0,0.1,Mar,13,0
0.0,10,852.0,0.009090909,Feb,6,0
78.56959864,9,980.5666667,0.011111111,Sep,2,1
0.0,4,570.2,0.05,Jul,1,0
0.0,79,1608.214286,0.007748918,Nov,3,0
17.541,9,166.1666667,0.025,May,4,1
0.0,7,307.8666667,0.0,Aug,3,0
0.0,1,0.0,0.2,Dec,3,0
0.0,25,887.75,0.023754789,Aug,1,0
0.0,2,21.0,0.1,May,1,0
0.0,107,4376.902655,0.021707552,Oct,4,0
0.0,22,1749.0,0.015,Dec,10,0
0.0,7,53.0,0.057142857,Dec,2,0
10.21229767,84,3882.025758,0.02088789,May,1,0
0.0,35,1178.0,0.064705882,May,4,0
0.0,23,489.25,0.032173913,May,2,0
53.10142857,36,808.0833333,0.007619048,May,4,1
0.0,42,1743.517857,0.012804878,Nov,2,0
0.0,97,1935.887111,0.008928355,Dec,2,0
0.0,2,13.1,0.008333333,Sep,5,0
0.0,15,436.0,0.086666667,May,3,0
0.0,69,3416.279167,0.019056732,Nov,2,1
0.0,19,614.9444444,0.022105263,Mar,3,0
0.0,12,305.24,0.013333333,Jun,3,0
0.0,0,0.0,0.2,Nov,15,0
0.0,13,134.45,0.0125,Nov,2,0
2.7412,65,3864.428571,0.023003663,May,1,0
0.0,16,529.3333333,0.0045,May,2,0
0.0,1,0.0,0.2,May,3,0
0.0,1,0.0,0.2,Nov,13,0
0.0,1,0.0,0.2,May,13,0
0.0,50,549.9166667,0.008163265,May,4,0
4.230212245,33,1143.657143,0.015888889,May,1,0
0.0,22,817.9590698,0.079518398,Sep,1,0
0.0,7,125.0,0.028571429,Mar,1,0
0.0,1,0.0,0.2,Dec,1,0
0.0,21,613.6666667,0.023611111,Mar,1,0
19.95572297,63,3552.702381,0.007,Mar,8,1
0.0,7,638.0,0.045833333,Mar,3,0
0.0,47,1447.577273,0.011134752,May,3,0
0.0,3,0.0,0.2,Nov,10,0
0.0,6,50.0,0.066666667,May,4,0
0.0,29,1183.233333,0.025517241,May,2,0
0.0,22,250.0357143,0.03974359,Dec,2,0
21.41943708,20,1173.417614,0.002,Nov,11,1
0.0,6,549.0,0.014285714,May,4,0
0.0,78,2207.366936,0.012458392,Dec,2,0
7.091478261,21,893.45,0.020652174,May,4,1
0.0,5,214.0,0.04,May,1,0
35.79969486,49,1587.25,0.011538462,Nov,13,1
0.0,43,1329.686508,0.036603499,Nov,2,1
0.0,0,0.0,0.088888889,Oct,5,0
11.77367361,34,1524.058333,0.025282904,Mar,1,0
0.0,28,705.1166667,0.017901235,Nov,2,0
9.098216282,37,829.1871429,0.007674419,Nov,2,0
0.0,4,45.0,0.0125,Mar,1,0
0.0,1,0.0,0.2,Mar,1,0
0.0,6,178.8,0.014814815,Aug,5,0
29.77418182,14,289.6666667,0.021212121,May,2,1
0.0,6,332.0,0.033333333,May,11,0
0.0,12,810.0,0.016666667,Mar,10,0
0.0,2,0.0,0.2,May,13,0
0.0,20,479.1,0.009375,Sep,1,0
0.0,53,715.5,0.036298293,May,3,0
0.0,4,60.0,0.075,May,17,0
14.89210837,27,1212.809524,0.020967742,Mar,2,1
0.0,7,61.33333333,0.068571429,May,2,0
0.0,28,839.5178571,0.003125,Dec,2,0
0.0,24,427.0833333,0.059722222,Mar,1,0
0.0,17,1180.366667,0.052631579,Aug,4,0
0.0,85,3731.079365,0.039042146,May,6,0
0.0,42,1766.833333,0.062641723,Nov,13,0
60.97758829,20,933.55,0.035416667,Dec,2,0
0.0,7,110.0,0.07,May,3,0
0.0,9,79.75,0.025,Dec,2,0
0.0,3,50.0,0.033333333,Mar,2,0
5.648688126,114,3459.479978,0.009848144,Nov,8,1
8.868449011,132,3083.050977,0.009733401,May,4,0
0.0,16,703.3,0.01,Aug,4,0
0.0,20,1245.57619,0.005263158,Nov,3,0
0.0,10,148.5,0.096666667,May,2,0
52.17313647,14,320.25,0.013333333,Oct,3,1
10.90023366,14,1805.425,0.031138344,Dec,2,0
0.0,28,623.9666667,0.036309524,May,6,0
2.006032937,46,1760.657143,0.0254213,Sep,4,0
60.29018448,25,1720.0,0.007692308,Mar,1,1
0.0,60,967.25,0.025141243,May,3,0
0.0,16,994.5757576,0.034583333,May,3,0
0.0,29,830.9333333,0.088333333,May,13,0
26.98362279,42,3556.516667,0.00968254,Dec,1,0
0.0,11,126.6666667,0.090909091,May,3,0
24.27165,67,6483.775,0.01725,May,2,0
3.86863332,195,7980.363439,0.005865824,Nov,1,1
0.0,3,67.5,0.066666667,Mar,3,0
0.0,28,1529.30467,0.009150327,Mar,2,0
0.0,14,442.3333333,0.034375,Feb,3,0
0.0,94,3210.848218,0.020921986,Oct,2,0
0.0,50,1188.566667,0.018300654,Mar,3,0
0.0,1,0.0,0.2,Dec,11,0
0.0,18,229.75,0.031578947,Mar,3,0
0.0,6,1251.0,0.066666667,Mar,1,0
0.0,17,315.3,0.027843137,Nov,3,0
0.0,27,799.375,0.027601411,Dec,1,0
0.0,6,1180.5,0.022222222,May,3,0
10.36159616,224,6095.481945,0.016400421,Nov,2,1
0.0,12,460.2,0.111111111,Jul,4,0
0.0,21,1294.566667,0.067,Oct,1,0
32.81205711,44,2939.625,0.002222222,Nov,2,1
0.0,27,399.6939394,0.009195402,Mar,2,0
0.0,27,407.6833333,0.011555556,Jul,4,1
0.0,11,959.0,0.030769231,May,3,0
14.14084367,21,1051.166667,0.00952381,Nov,6,1
0.0,1,0.0,0.2,Dec,1,0
0.0,22,1220.433333,0.01025641,Mar,1,0
0.0,11,1712.416667,0.036363636,Nov,10,0
0.0,7,974.6666667,0.128571429,Mar,10,0
0.0,15,528.0,0.055555556,May,3,0
15.9468,26,1122.583333,0.048148148,May,1,1
0.0,1,0.0,0.2,Jun,4,0
0.0,12,459.0833333,0.084545455,Dec,2,0
0.0,12,250.25,0.083333333,Dec,3,0
0.0,17,445.0,0.062745098,Mar,1,0
0.0,13,472.9952381,0.030769231,May,3,0
0.0,20,1116.473333,0.027954545,Oct,1,0
0.0,13,135.0,0.005555556,May,4,0
0.0,0,0.0,0.2,Nov,2,0
0.0,42,986.5166667,0.031113658,May,1,0
0.0,32,1092.183333,0.00625,Jul,1,0
0.0,6,132.0,0.033333333,May,5,0
9.877647059,24,1034.583333,0.015196078,May,3,1
0.0,7,942.8,0.03,Aug,5,0
0.0,12,689.2857143,0.058333333,Mar,1,0
0.0,9,148.25,0.022,Mar,1,0
0.0,30,480.25,0.025,Mar,1,0
0.0,3,25.2,0.0,Oct,20,0
19.31425101,30,761.75,0.015053763,Dec,1,1
0.0,1,0.0,0.2,May,13,0
0.0,7,64.0,0.014285714,Mar,3,0
0.0,25,1131.8,0.033142857,Jun,1,0
0.0,1,0.0,0.2,Mar,1,0
0.0,3,50.4,0.066666667,Jul,1,0
0.0,32,1130.84697,0.01806184,May,3,0
0.0,31,739.6666667,0.052222222,Dec,1,0
0.0,1,0.0,0.2,Jul,1,0
9.253161679,14,617.15,0.004444444,Sep,5,1
0.0,4,54.5,0.15,Nov,10,0
8.508237502,55,3373.015865,0.038292564,May,1,0
0.0,21,2755.67094,0.027575758,Mar,2,0
0.0,10,1057.0,0.014814815,May,15,0
11.78466261,10,327.7733333,0.013095238,Jul,5,1
10.64805714,23,541.6666667,0.047074074,May,4,1
0.0,6,291.0,0.033333333,Nov,1,0
0.0,22,367.3761905,0.011038961,May,6,0
34.14841957,30,901.2888889,0.007333333,Dec,2,1
0.0,5,19.0,0.08,May,3,0
3.512852934,165,6323.853465,0.02804138,Nov,2,1
0.0,15,565.6666667,0.00625,Mar,1,0
0.0,68,2241.844444,0.023059361,May,4,0
0.0,65,1803.584127,0.031250162,May,3,0
0.0,50,1295.008333,0.015595238,Nov,2,1
0.0,38,586.3333333,0.037593985,May,13,0
23.5144,17,490.5333333,0.01175,May,2,0
0.0,22,380.8066667,0.013333333,Jul,2,0
0.0,28,615.8166667,0.016049383,May,4,0
0.0,8,326.0,0.022222222,Mar,3,0
0.0,18,381.3333333,0.009090909,Mar,2,0
0.0,17,1338.8,0.094117647,Aug,13,0
20.50963783,156,5189.960659,0.008928986,Nov,1,1
0.0,52,1423.790476,0.008484848,Dec,20,0
9.74025,17,1175.5,0.0125,May,4,1
21.88856759,140,7097.582291,0.009952433,Nov,13,1
0.0,1,0.0,0.2,Dec,3,0
0.0,23,566.8,0.007971014,Nov,13,0
0.0,3,51.0,0.1,Nov,2,0
0.0,26,571.35,0.007142857,Nov,5,0
0.0,10,379.0833333,0.0125,Dec,1,0
0.0,10,411.9166667,0.036190476,Dec,2,1
0.0,1,0.0,0.2,May,1,0
0.0,12,368.9,0.02375,Oct,13,0
0.0,27,1381.75,0.034482759,Nov,2,0
0.0,25,903.7,0.059393939,May,4,0
0.0,6,555.6666667,0.008333333,Dec,2,0
0.0,6,655.0,0.022222222,May,3,0
0.0,11,543.3,0.036363636,May,1,0
0.0,25,1225.857143,0.040977778,May,2,0
0.0,9,319.0,0.02,Mar,1,0
0.0,2,56.5,0.05,Nov,3,0
0.0,0,0.0,0.2,Nov,8,0
0.0,1,0.0,0.2,May,3,0
49.82333333,7,451.0,0.033333333,Mar,1,1
0.0,2,56.0,0.1,Mar,1,0
0.0,145,6165.878774,0.020769697,Nov,2,1
0.0,79,1594.972222,0.015691057,May,2,0
0.0,1,0.0,0.2,Mar,9,0
0.0,10,369.0,0.016666667,Mar,2,0
0.0,9,97.41666667,0.036363636,Dec,2,0
1.023391581,58,1590.42,0.021551724,Jul,4,1
0.0,45,901.0916667,0.010111111,May,2,0
7.300656863,99,3072.305403,0.020506536,May,1,0
0.0,3,59.5,0.025,Dec,8,0
0.0,20,588.9,0.008695652,May,4,0
31.91414045,23,411.4666667,0.072469136,Sep,2,1
0.0,4,214.8333333,0.018181818,Dec,1,0
24.16451021,6,812.35,0.036709957,Aug,2,0
0.0,31,1586.154762,0.037334126,Nov,2,0
0.0,1,13.0,0.1,Mar,1,0
0.0,24,431.2,0.055555556,Sep,1,0
0.0,8,69.4,0.103030303,Sep,3,0
0.0,9,224.25,0.015384615,Nov,2,0
0.0,1,0.0,0.1,Dec,20,0
0.0,6,89.66666667,0.033333333,Nov,3,0
0.0,29,443.5,0.027027027,Oct,3,0
0.0,3,17.0,0.111111111,Mar,1,0
33.84778378,36,868.4166667,0.001081081,May,2,1
0.0,22,504.0285714,0.003763441,Sep,3,0
0.0,14,527.375,0.033862434,Mar,1,0
0.0,5,258.0833333,0.052525253,May,1,0
0.0,134,6732.124414,0.025030224,Nov,11,0
0.0,42,1157.783333,0.032222222,Oct,1,0
0.0,6,314.4,0.025,Oct,2,0
0.0,16,336.3,0.025,Jul,1,0
19.18108767,20,1140.666667,0.005,Dec,2,1
0.0,29,2209.75,0.035057471,Nov,2,0
0.0,1,34.0,0.00952381,May,4,0
0.0,2,39.0,0.1,May,3,0
0.0,2,24.0,0.05,Mar,3,0
0.0,19,362.0,0.005555556,May,5,0
0.0,8,120.5,0.1125,Dec,2,0
0.0,1,11.0,0.1,Dec,10,0
0.0,1,0.0,0.2,May,1,0
10.84440741,33,1540.583333,0.01547619,Mar,2,0
0.0,12,526.3333333,0.058571429,Mar,1,0
0.0,13,226.0,0.023076923,Dec,8,0
0.0,4,0.0,0.2,Jul,13,0
0.0,10,565.5,0.015384615,Dec,20,0
0.0,125,3507.010877,0.013874153,Nov,2,0
80.58733784,71,1145.571429,0.004054054,May,1,0
26.65415979,42,2016.115385,0.028841026,Nov,2,0
0.0,3,52.0,0.111111111,May,6,0
18.65904914,11,1297.25,0.054761905,Oct,4,0
0.0,17,631.5,0.064705882,May,13,0
0.0,93,6412.233333,0.026687598,Sep,2,1
0.0,3,16.0,0.133333333,Dec,3,0
0.0,18,470.8966667,0.005,Nov,4,0
38.12368584,27,458.2560317,0.022222222,Jun,2,1
0.0,26,670.1666667,0.003846154,May,4,0
0.0,4,137.5,0.066666667,Nov,11,0
0.0,122,7141.214642,0.01962467,Nov,2,0
0.0,10,174.0833333,0.07,Nov,1,0
12.20780052,76,3580.333333,0.020522088,Nov,1,0
0.0,48,2073.916667,0.02627451,Nov,2,0
39.27145714,35,2068.928571,0.014285714,May,6,1
0.0,3,17.0,0.066666667,Nov,3,0
0.0,45,2347.333333,0.015909091,Nov,1,0
77.97458009,33,831.1111111,0.0125,Dec,2,1
0.0,3,23.0,0.1,May,3,0
0.0,38,2370.729167,0.030433925,Nov,2,0
0.0,14,549.95,0.028571429,Dec,2,0
0.0,68,1723.753711,0.023681592,Nov,2,0
0.0,23,533.7,0.021532091,Dec,2,0
0.0,17,369.1,0.004,Sep,6,0
0.0,22,1436.45,0.009090909,Mar,1,0
5.002669777,57,1878.195833,0.010446429,Nov,8,1
0.0,41,446.4166667,0.027509158,Nov,2,0
0.0,21,586.1892857,0.005555556,May,2,0
0.0,108,4590.431277,0.022751323,Nov,1,0
7.998,61,1423.967857,0.022611111,May,4,0
0.0,11,488.0,0.018181818,May,3,0
0.0,7,258.0,0.022222222,May,4,0
0.0,14,237.75,0.022222222,Dec,2,0
0.0,9,0.0,0.2,May,13,0
0.0,7,137.25,0.05,Dec,3,0
0.335232374,86,2351.834722,0.020836197,Dec,10,0
0.0,35,2381.097222,0.021959184,Nov,2,0
100.0963636,10,1580.0,0.018181818,May,2,1
0.0,16,2156.0,0.035416667,Mar,1,0
0.0,3,28.6,0.001851852,Oct,5,0
0.0,87,4984.542857,0.02113009,Nov,2,0
21.07980488,41,1955.783333,0.002439024,May,2,1
0.0,10,103.0,0.036666667,May,6,0
0.0,12,197.0,0.028571429,Nov,2,0
4.115853586,166,6850.499335,0.017541022,Dec,3,0
9.131386805,501,21672.24425,0.014292461,Nov,2,1
19.24405095,28,1907.08,0.015555556,Sep,1,1
0.0,55,1420.472496,0.005750251,May,4,0
2.663333333,28,549.0833333,0.013571429,May,2,1
0.0,12,402.1666667,0.065,Mar,1,0
72.43846009,41,2422.375,0.016037736,Dec,8,1
0.0,30,1724.25,0.032413793,Mar,1,0
0.0,1,0.0,0.2,Feb,1,0
0.0,19,502.4583333,0.011904762,Mar,1,0
9.869649371,40,2011.966667,0.023484848,Oct,20,1
0.0,32,875.9333333,0.072395833,Oct,3,0
0.0,131,6050.883117,0.012557561,Dec,2,0
0.0,13,449.6,0.015384615,Mar,10,0
0.093546949,69,2269.732143,0.007,Dec,2,1
0.0,26,812.1047619,0.038095238,Nov,2,0
0.0,34,965.8333333,0.01875,May,3,0
33.32796813,17,504.0,0.02125,Mar,1,0
0.0,37,1156.416667,0.011111111,Nov,2,0
11.43923328,439,21857.04648,0.012497612,Sep,13,0
0.0,15,304.5,0.010526316,May,2,0
33.196,14,1714.166667,0.022222222,May,2,0
3.582981195,96,4162.538005,0.025287479,Sep,13,0
32.52380772,18,587.7333333,0.022222222,Nov,4,1
0.0,38,2246.166667,0.013931624,May,3,0
0.0,7,111.6666667,0.014285714,Mar,2,0
0.0,102,5703.476786,0.01470751,May,4,0
0.0,75,4105.666667,0.017324561,Mar,1,0
0.0,33,1109.883333,0.027742165,Mar,1,0
0.0,6,226.6666667,0.033333333,Dec,1,0
76.7910465,24,506.452381,0.009090909,Nov,3,1
0.0,22,1664.0,0.032424242,Nov,2,1
0.0,7,393.5,0.025,Dec,2,0
0.0,1,0.0,0.2,Dec,13,0
0.0,19,606.8333333,0.048245614,Mar,3,0
0.0,7,166.5,0.015384615,Nov,3,0
10.17225,41,854.2863248,0.021194084,May,4,1
0.0,14,879.5,0.0125,Dec,2,0
0.0,6,104.6666667,0.041666667,Dec,10,0
0.0,13,334.75,0.030769231,Nov,2,0
0.0,20,733.5,0.016190476,May,2,0
0.0,14,289.625,0.028571429,Nov,2,0
0.0,12,315.7797619,0.025,Nov,2,0
0.0,5,720.5,0.18,Nov,13,0
0.0,97,2300.891317,0.015730379,Nov,2,0
0.0,24,727.5,0.016666667,Mar,1,0
0.0,9,128.0,0.018181818,May,2,0
10.59423174,176,5505.401209,0.005809793,Nov,3,1
0.0,2,0.0,0.2,Mar,1,0
3.148615385,35,502.547619,0.036923077,Mar,2,1
0.0,5,72.33333333,0.014285714,Mar,2,0
0.0,12,457.0,0.04047619,Mar,6,0
0.0,82,706.2996032,0.002439024,May,2,0
0.0,19,2689.625,0.024242424,Dec,2,0
0.0,21,1483.0,0.021754386,May,7,0
0.0,19,797.1666667,0.014035088,May,4,0
0.0,8,331.4,0.003333333,Mar,10,0
0.0,13,661.9166667,0.025,Nov,2,0
23.235,8,323.5,0.025,May,5,1
27.31510469,11,192.45,0.040909091,Oct,1,1
0.0,4,188.4,0.006666667,Oct,4,0
0.0,13,739.8333333,0.028461538,May,3,0
7.204613682,70,3345.685836,0.007571185,May,4,1
0.0,24,460.45,0.031944444,May,13,0
0.0,1,0.0,0.2,Mar,1,0
0.0,31,1282.0,0.05,May,3,0
0.0,18,708.25,0.045098039,Mar,3,0
9.0847678,49,1768.980303,0.004166667,Nov,11,1
0.0,22,2837.166667,0.008333333,May,2,0
0.0,61,683.1738095,0.006349206,May,3,0
0.0,20,2065.15,0.034444444,May,3,0
0.0,2,65.4,0.1,Jul,13,0
0.0,21,685.1744048,0.043174603,Nov,1,1
12.73144186,39,1584.044444,0.016744186,May,4,0
0.0,8,186.5,0.025,Mar,3,0
0.0,31,457.4047799,0.026938057,May,1,0
0.0,87,1764.180047,0.032261103,Jun,1,0
0.0,7,106.9666667,0.015,Oct,2,0
0.0,98,3986.789646,0.027110844,Dec,2,0
0.0,1,0.0,0.2,Mar,1,0
8.325206897,57,2773.166667,0.050862069,May,6,0
31.85608032,157,4461.28524,0.007018826,Dec,2,1
0.0,6,199.25,0.033333333,Dec,3,0
0.0,70,2346.220238,0.003457557,Nov,3,0
0.0,1,0.0,0.2,Dec,13,0
0.0,12,166.0833333,0.025,Nov,2,0
0.0,4,7.0,0.15,May,1,0
0.0,7,209.0,0.053439153,Nov,2,0
0.0,1,0.0,0.2,Feb,3,0
0.0,17,1293.083333,0.013333333,Dec,2,0
13.07329412,35,1570.5,0.002941176,May,4,1
0.0,19,621.7266667,0.024035088,Jul,2,0
0.0,6,131.0,0.025,Mar,2,0
6.072158537,35,625.0856893,0.02195122,May,2,0
0.0,72,5465.320175,0.06037786,Sep,1,0
0.139200623,93,5496.25,0.014078014,Jul,1,1
0.0,57,980.8333333,0.044642857,May,11,0
0.0,29,1612.983333,0.013697479,Nov,2,0
25.05062136,62,2910.632251,0.017587302,Nov,2,1
0.0,1,0.0,0.2,May,2,0
8.184095082,56,2504.413636,0.011662763,May,2,0
0.0,23,721.1833333,0.008,Sep,2,0
10.3572,25,773.4666667,0.029142857,Mar,2,1
0.0,13,238.1666667,0.007692308,Mar,2,0
0.0,24,653.0,0.033333333,May,1,0
0.0,2,15.0,0.04,Nov,2,0
0.0,6,234.5,0.133333333,Nov,10,0
8.326728149,5,74.6,0.018181818,Sep,2,0
0.0,93,2773.010873,0.017573541,Nov,3,0
0.0,11,543.5,0.038461538,Mar,13,0
0.0,96,4803.82717,0.02630097,Nov,2,0
0.0,9,478.0,0.011111111,Mar,3,0
0.0,16,318.0666667,0.033333333,Jul,1,0
0.0,7,1721.666667,0.038571429,Nov,3,0
0.0,77,1266.094048,0.023632241,Dec,2,0
0.0,29,1721.125,0.071264368,May,13,0
0.0,2,58.4,0.1,Oct,2,0
0.0,2,66.5,0.166666667,Nov,13,0
0.0,1,0.0,0.2,Jul,4,0
0.0,206,8437.099188,0.006257147,Nov,2,0
53.13428571,7,179.0,0.028571429,Mar,8,1
0.0,70,939.7833333,0.002702703,Aug,5,1
0.0,2,0.0,0.2,Jun,13,0
0.0,8,170.25,0.02,Nov,2,0
0.0,26,781.5,0.030769231,May,3,0
46.6785275,22,759.5833333,0.0096,Nov,2,1
0.0,59,1954.754167,0.003225806,Dec,1,0
0.0,11,297.3,0.041666667,May,2,0
0.0,3,12.0,0.133333333,May,6,0
0.0,7,151.4166667,0.011111111,Dec,20,0
0.0,23,501.6666667,0.01884058,Feb,2,0
0.0,14,1071.083333,0.029047619,Dec,2,0
59.1244678,57,2660.245238,0.003954802,May,4,0
0.0,29,778.3583333,0.024137931,May,3,0
0.0,28,1250.125,0.022857143,Nov,3,0
1.240071108,83,6072.032391,0.024023709,Nov,1,1
0.0,25,1320.5,0.030666667,May,1,0
0.0,43,1738.25,0.03537415,May,3,0
0.0,5,95.5,0.02,May,3,0
0.0,11,431.0,0.013333333,Dec,2,0
0.0,27,610.1916667,0.03974359,Dec,2,0
0.0,21,574.5333333,0.011578947,Mar,1,0
56.57877343,7,199.5,0.057142857,Nov,3,1
0.0,30,1049.833333,0.028645833,May,4,0
0.0,1,0.0,0.2,Jul,1,0
153.4432478,50,2867.0,0.004,Mar,8,1
0.0,1,0.0,0.2,May,3,0
0.0,51,1671.375,0.016433566,Mar,6,0
0.0,4,160.0,0.075,Feb,3,0
16.16333333,75,13430.97606,0.032017551,May,13,1
13.38353821,26,2134.103333,0.014583333,Jul,6,0
0.0,30,1410.238889,0.010557237,Nov,2,0
0.0,6,91.0,0.033333333,May,13,0
0.0,11,294.0,0.009090909,Dec,8,0
0.0,4,214.3333333,0.05,Nov,3,0
42.95612903,26,1222.333333,0.006451613,May,1,1
0.0,23,441.0,0.101449275,Nov,1,0
0.0,1,0.0,0.2,Dec,1,0
0.0,43,1487.229317,0.019638695,Oct,2,0
0.0,1,0.0,0.2,May,4,0
0.0,1,0.0,0.2,May,2,0
22.88908649,14,851.0,0.014285714,Mar,2,1
17.27062073,32,810.0816667,0.015099715,Nov,2,1
0.0,10,196.5,0.066666667,May,3,0
8.708324324,31,624.5833333,0.031531532,Mar,13,0
0.0,9,145.0,0.122222222,May,13,0
0.0,4,126.5,0.091666667,Mar,2,0
1.418440397,172,4086.144897,0.009603919,May,3,0
0.0,40,1589.27381,0.020767196,Mar,1,0
0.0,8,70.66666667,0.05,Mar,10,0
0.0,1,0.0,0.2,Mar,1,0
0.0,6,0.0,0.2,Nov,1,0
77.10821943,162,3753.19449,0.003477932,Nov,8,1
0.0,30,632.5833333,0.021666667,Mar,1,0
0.0,95,3879.83176,0.017745098,Nov,10,1
69.46175766,13,1474.5,0.016666667,Dec,3,1
0.0,108,2270.908333,0.029663609,Nov,3,0
70.2595851,25,830.9366667,0.004285714,Nov,2,0
0.0,24,330.0833333,0.043055556,May,4,0
32.1908,15,498.5,0.026666667,May,2,1
0.0,11,624.0,0.020512821,Mar,1,0
0.0,4,213.5,0.1,Dec,1,0
0.0,60,1994.023778,0.037014927,Sep,2,0
0.0,27,1192.22619,0.0016,May,4,0
0.0,15,325.5,0.058666667,Dec,1,0
0.0,5,48.5,0.016666667,May,13,0
0.0,34,2256.74954,0.000250438,Oct,2,0
27.19298393,10,352.0,0.007692308,Sep,2,1
0.0,3,0.0,0.2,Nov,10,0
0.0,42,2553.858333,0.022101449,Nov,1,0
0.0,3,896.5,0.033333333,Dec,3,0
0.0,6,56.0,0.033333333,May,13,0
0.0,1,0.0,0.2,Nov,11,0
36.65735004,7,562.3,0.0,Jul,2,1
7.868950242,64,1550.211111,0.016086957,May,14,0
0.0,4,180.5,0.028571429,Dec,10,0
8.055833998,312,13379.36658,0.014969192,Dec,2,0
0.0,19,661.5,0.052631579,Nov,1,0
0.0,3,34.2,0.1,Oct,13,0
29.88386066,64,1602.94026,0.028731343,Nov,3,0
1.816474074,52,2211.608333,0.010251724,Mar,2,1
0.0,2,5.0,0.1,Mar,1,0
0.0,42,879.0333333,0.024603175,May,4,0
0.0,3,55.0,0.066666667,Mar,10,0
0.0,15,314.5,0.013333333,Dec,20,0
0.0,10,129.5,0.018181818,May,4,0
8.604391304,39,1634.095238,0.011111111,May,2,0
45.9675105,7,491.5833333,0.008333333,Dec,2,1
0.0,46,2031.506667,0.023913043,Aug,1,0
3.077836066,57,851.6426534,0.007923497,Mar,1,1
0.0,32,441.6045455,0.00625,Sep,3,0
0.0,21,710.5416667,0.028787879,Nov,2,0
0.0,9,389.0,0.011111111,Mar,3,0
0.0,74,1540.290115,0.016237507,Aug,1,0
0.0,33,655.875,0.015151515,Nov,13,0
24.872085,19,1089.75,0.003508772,Dec,2,1
0.0,81,1342.75,0.008860759,Sep,3,1
0.0,30,1668.116667,0.023809524,Dec,2,0
0.0,6,183.5,0.033333333,Dec,2,0
0.888485964,216,14577.08498,0.013368848,Aug,13,0
0.0,2,57.0,0.1,Mar,1,0
7.964649501,27,1686.966667,0.023502304,Mar,2,0
0.154821253,227,3818.308629,0.018863427,Oct,13,0
0.0,3,138.0,0.066666667,Feb,3,0
88.95486906,63,1401.50873,0.003225806,Nov,7,1
0.0,30,917.25,0.005405405,Nov,2,1
0.0,2,0.0,0.2,Jun,2,0
0.0,6,45.33333333,0.066666667,May,3,0
0.0,19,734.5833333,0.044444444,Mar,1,0
0.0,9,145.9,0.074074074,Jun,3,0
107.94,22,452.5833333,0.008333333,May,4,1
0.0,13,182.5,0.014814815,Sep,2,0
4.127430681,79,3421.653333,0.022357724,Oct,2,1
0.0,71,2576.432121,0.045526366,Oct,1,0
0.0,38,1593.583333,0.010526316,Nov,1,0
0.0,3,51.3,0.00952381,Sep,5,0
1.26665917,248,7445.957075,0.015735624,Nov,2,1
0.0,27,825.1401515,0.025517241,Nov,2,0
0.0,1,0.0,0.2,Dec,1,0
5.677286486,73,2958.5,0.021846847,May,3,0
0.0,7,82.2,0.114285714,Jun,4,0
0.0,33,357.8895238,0.007894737,Oct,4,0
0.0,60,731.3333333,0.038095238,May,3,0
18.51505467,43,1606.45,0.004761905,Jun,2,1
0.0,24,2159.5,0.022857143,Sep,2,0
0.0,60,2072.605556,0.016833856,Aug,2,0
0.0,20,1069.16829,0.013,Mar,3,0
0.0,48,1740.525631,0.004876543,Nov,2,1
5.751219035,127,4876.007712,0.029203072,Nov,2,0
0.0,4,57.66666667,0.025,Nov,2,0
0.0,20,402.3333333,0.052154195,May,13,0
0.0,66,1646.612195,0.029065112,Nov,2,0
7.668639535,77,5284.765079,0.015,May,4,0
0.0,17,442.1666667,0.010526316,Nov,2,0
0.0,20,738.9107143,0.023671498,Nov,2,0
0.0,19,1527.607143,0.083730159,May,4,0
0.0,14,279.9,0.028571429,Mar,10,0
0.0,4,48.0,0.057142857,Jul,4,0
0.0,5,171.5,0.02,Mar,2,0
0.0,1,0.0,0.2,Mar,1,0
0.0,20,469.9761905,0.064,Nov,2,0
0.0,23,1134.5,0.102717391,May,11,0
78.34560177,21,1321.059195,0.025133361,Mar,8,1
0.0,19,448.0333333,0.012857143,May,4,0
0.0,19,371.2272727,0.029166667,Mar,10,0
0.0,22,1904.183333,0.052777778,Nov,11,0
25.03946022,21,780.5833333,0.017391304,Nov,3,1
0.0,1,0.0,0.2,Nov,11,0
0.0,2,19.0,0.1,May,4,0
16.1728,20,1267.155556,0.017977208,Mar,2,1
0.0,21,1148.5,0.019047619,May,4,0
0.0,26,453.3333333,0.034615385,May,4,0
62.853261,66,1216.352121,0.0,Sep,2,1
0.0,25,575.0,0.019666667,May,4,0
0.0,181,4079.530461,0.023773007,May,13,0
0.0,12,1180.5,0.007692308,Mar,9,0
0.0,5,89.86666667,0.06,Jul,4,0
0.0,5,226.0,0.133333333,May,1,0
0.0,14,156.4047619,0.05,Nov,2,0
0.0,5,62.0,0.14,Mar,1,0
0.0,10,579.3333333,0.022222222,May,5,0
15.988034,161,3457.628812,0.018923933,Nov,2,1
0.0,6,81.66666667,0.066666667,Dec,2,0
0.0,20,1017.5,0.033333333,Nov,1,0
2.82745293,54,2201.710714,0.011252834,Dec,1,0
30.30681247,15,1134.455556,0.001333333,Dec,2,1
0.0,1,0.0,0.2,Dec,10,0
0.0,4,46.5,0.010666667,Mar,8,0
0.0,132,4056.175369,0.019282953,Mar,2,0
0.0,9,1352.0,0.044444444,Nov,2,0
32.02714286,12,751.5,0.014285714,May,2,1
0.0,2,0.0,0.2,May,13,0
0.0,4,30.5,0.05,Mar,3,0
0.0,6,112.7083333,0.023333333,Nov,11,0
45.05554866,12,461.1083333,0.007692308,Nov,1,0
0.0,179,11492.20838,0.028728531,Jun,3,0
0.0,40,735.5151515,0.015547416,Dec,2,0
0.0,5,84.0,0.06,Mar,1,0
0.0,149,6082.873739,0.027243522,Nov,2,0
0.0,10,370.5,0.016666667,Mar,10,0
1.798669862,77,2697.022104,0.009471471,Nov,2,0
0.0,9,120.0,0.066666667,May,4,0
0.0,17,231.0,0.039333333,Sep,3,0
0.0,170,3888.278636,0.004514952,Nov,2,0
0.0,4,34.83333333,0.035714286,May,5,0
0.0,104,1667.158421,0.002547045,Jul,1,0
0.0,1,0.0,0.2,Nov,1,0
0.0,3,64.75,0.014285714,Mar,2,0
0.0,48,1916.873737,0.050362319,Dec,1,0
0.0,4,173.5,0.05,Mar,3,0
0.0,8,372.8333333,0.0125,Mar,1,0
0.0,16,644.2,0.031666667,Feb,4,0
0.0,3,1038.0,0.033333333,Feb,1,0
0.0,24,364.4166667,0.013793103,May,5,0
0.0,11,305.875,0.001709402,Mar,8,0
0.0,99,3517.039683,0.020421866,Nov,8,1
0.0,100,2565.797222,0.012071651,Nov,13,0
0.0,17,701.5424242,0.026666667,Mar,2,0
0.0,38,1057.033333,0.05,Nov,1,0
0.0,17,347.547619,0.042121212,May,4,0
0.0,11,145.6666667,0.023076923,Dec,2,0
37.41814196,54,1405.131241,0.006127451,Mar,2,0
0.0,18,550.5,0.031481481,Mar,2,0
12.71367924,62,1875.103333,0.027868852,Sep,1,0
0.0,11,219.5,0.046060606,May,3,0
111.5113802,28,1830.583333,0.015740741,Dec,2,0
0.0,11,547.5,0.024747475,May,1,0
0.0,3,823.5,0.066666667,Dec,8,0
0.0,7,80.5,0.01,Nov,2,0
0.0,60,2686.402922,0.022713675,Oct,4,0
0.0,15,242.9166667,0.006666667,Nov,11,0
0.0,34,1367.0,0.001960784,Nov,2,0
0.0,8,131.9785714,0.0025,Sep,5,0
0.0,1,0.0,0.2,May,13,0
0.0,16,278.9142857,0.04,May,4,0
0.0,290,11240.97669,0.024237631,Nov,13,0
32.799375,47,901.25,0.025,May,4,1
0.0,7,87.5,0.085714286,May,2,0
0.0,13,152.3333333,0.03956044,May,3,0
27.60143046,48,2734.966667,0.007692308,Oct,5,1
0.0,79,2426.006667,0.017721519,Sep,3,0
51.176,10,342.1666667,0.022222222,May,1,1
0.0,46,2213.366667,0.054710145,May,13,0
0.0,7,261.5,0.00952381,Mar,1,0
0.0,13,510.0,0.035714286,May,3,0
23.82324931,21,1461.833333,0.036842105,Nov,1,1
1.451867861,107,4928.927389,0.028505395,Nov,2,1
1.125146064,46,689.0606061,0.012062937,Nov,11,1
20.32548134,60,2591.795346,0.019815044,Nov,11,0
0.0,2,0.0,0.2,May,3,0
0.0,19,220.3848485,0.024642375,May,4,0
0.0,12,213.5,0.033333333,May,3,0
35.22837227,27,1581.48831,0.010419753,Oct,20,0
27.75787044,82,2875.615909,0.007267442,Nov,1,1
0.0,3,25.2,0.04,Nov,2,0
0.0,7,238.9333333,0.014285714,Sep,2,0
0.0,13,123.0,0.020833333,Mar,3,0
0.0,1,0.0,0.2,Nov,1,0
0.0,1,0.0,0.2,Mar,1,0
0.0,8,326.5,0.125,Mar,3,0
0.0,6,255.0,0.008333333,Mar,2,0
0.0,37,1089.208333,0.017117117,Dec,2,0
71.23156574,9,230.62,0.028571429,Nov,1,0
0.0,3,21.0,0.033333333,Nov,2,0
0.0,32,898.8333333,0.102285714,May,1,0
0.0,7,296.7666667,0.0,Aug,3,0
0.0,27,520.0,0.003703704,Nov,20,1
0.0,63,3301.222222,0.03016129,Nov,1,0
0.0,77,2476.154789,0.02648199,Dec,2,1
0.0,90,2776.013582,0.017256944,Nov,2,0
0.0,2,64.5,0.05,Nov,2,0
22.37276151,61,3773.3,0.025021645,Oct,3,1
0.0,9,120.0,0.044444444,May,2,0
0.0,58,2572.429487,0.020729167,Nov,2,1
0.0,4,738.0,0.15,Mar,2,0
0.0,3,91.0,0.133333333,May,11,0
0.0,22,883.0,0.148917749,May,13,0
1.257438906,141,6481.483333,0.019984285,Nov,2,0
0.0,28,1085.25,0.01,Dec,11,1
0.0,20,1170.166667,0.023484848,Nov,2,0
32.70034468,10,278.4333333,0.026190476,Jul,1,1
0.0,6,747.0,0.066666667,May,3,0
0.0,23,626.2213675,0.008888889,Mar,3,0
0.0,14,204.5,0.084615385,May,3,0
15.184125,44,1820.566667,0.055555556,May,6,0
0.0,15,406.575,0.032380952,Mar,2,0
0.0,7,17.0,0.142857143,May,3,0
0.0,41,1124.875,0.011904762,Nov,2,1
0.0,4,151.0,0.08,May,1,0
0.0,32,593.5071429,0.028787879,May,3,0
0.0,18,133.0,0.072222222,May,2,0
0.0,50,1784.516667,0.020593939,Nov,2,0
0.0,15,175.75,0.025,Nov,2,0
5.133911853,89,3401.3,0.014835979,Nov,2,0
0.0,2,14.0,0.1,Dec,1,0
19.55501935,26,1090.916667,0.033870968,May,2,0
21.83420125,200,7972.322431,0.014230973,Nov,2,1
0.0,60,1449.608333,0.011320346,Dec,1,0
0.0,8,183.0,0.00625,Dec,1,0
0.0,23,364.1666667,0.02,Mar,3,0
0.0,2,15.0,0.1,Dec,10,0
0.0,4,51.3,0.028571429,Oct,2,0
0.0,60,2126.461941,0.017066636,Mar,2,0
0.0,6,66.25,0.066666667,Nov,1,0
0.0,25,475.65,0.042857143,Nov,3,0
0.0,6,1615.0,0.016666667,May,4,0
0.0,9,1626.0,0.077777778,Nov,2,0
0.0,24,985.0802412,0.028987132,Sep,3,0
0.0,19,837.3666667,0.054586466,May,3,0
0.0,55,1933.423611,0.017355372,Nov,2,0
0.0,98,1717.873278,0.023942797,Aug,4,0
0.0,30,1151.2,0.012903226,May,13,0
0.0,58,1280.149821,0.035377102,Aug,1,0
0.0,13,342.9202381,0.011794872,Nov,2,0
22.65941331,41,5194.857143,0.013972431,Oct,20,0
0.0,61,1797.298291,0.029877803,May,1,0
0.0,5,279.8571429,0.012764202,Mar,8,0
0.0,5,377.0,0.04,May,4,0
0.0,50,998.9545455,0.025933333,May,2,0
0.0,8,198.9,0.116666667,Jul,3,0
0.0,1,0.0,0.2,Dec,3,0
0.0,7,370.8333333,0.057142857,Mar,3,0
0.0,13,70.4,0.143589744,Aug,13,0
0.0,15,225.0,0.026666667,May,3,0
5.981166667,26,1086.178571,0.017267081,May,2,0
0.0,4,212.5,0.04,May,1,0
0.0,5,1439.5,0.08,May,2,0
5.51397619,39,1936.55,0.023809524,Mar,2,0
0.0,51,1346.630231,0.029719534,Nov,2,0
16.58165201,33,2161.133333,0.044786325,Nov,1,1
0.0,20,769.5,0.052,May,13,0
0.0,8,463.0,0.025,May,2,0
31.74373458,33,773.2566667,0.022972973,Nov,2,1
0.0,1,0.0,0.2,Nov,3,0
0.0,12,222.5,0.007142857,Dec,2,0
0.0,20,401.5,0.003333333,May,2,0
0.0,12,200.0,0.047222222,Mar,2,0
0.0,6,104.25,0.007407407,Jun,11,0
0.0,103,1955.168685,0.037057104,Jun,13,0
0.0,39,1603.5,0.0115625,May,3,0
15.66445171,17,490.0,0.027272727,Mar,10,1
0.0,4,795.0,0.111111111,Nov,6,0
12.1360201,15,1388.0,0.063333333,Jul,3,0
0.0,5,91.0,0.0125,May,18,0
0.0,107,9126.982468,0.017992979,Nov,2,1
0.0,3,27.0,0.166666667,May,1,0
0.0,7,208.5,0.025,May,5,0
0.0,22,851.5595238,0.031907308,Mar,1,0
16.88069613,80,4099.737392,0.005279668,Mar,2,1
0.0,39,537.0,0.011965812,May,13,0
0.0,14,260.8666667,0.028571429,Jun,3,0
0.0,12,819.9166667,0.040833333,May,3,0
0.0,14,574.5,0.014285714,May,11,0
0.0,18,297.5,0.040350877,Oct,4,0
0.0,2,59.5,0.1,Dec,2,0
0.0,22,815.8333333,0.01,May,1,0
0.0,26,1975.633333,0.029411765,May,3,0
0.0,10,89.33333333,0.02,May,3,0
0.0,71,1361.780952,0.014003044,Dec,2,0
0.0,10,108.9166667,0.04,Nov,10,0
18.88360212,64,3757.079762,0.022009804,Nov,2,0
0.0,19,283.5,0.010526316,May,6,0
45.63345378,43,674.5333333,0.005319149,Oct,2,1
0.0,23,338.5833333,0.008695652,Nov,10,0
0.0,9,147.0,0.014814815,May,3,0
7.868980948,27,2958.216667,0.033230985,Nov,2,1
0.0,6,223.1,0.00952381,Sep,14,0
0.0,2,96.25,0.025,Dec,20,0
0.0,53,1572.816667,0.024948268,Nov,1,0
0.0,10,140.0,0.07,May,1,0
0.0,5,72.0,0.05,Dec,2,0
0.0,15,1251.316667,0.03452381,Nov,2,1
0.0,3,20.25714286,0.028571429,Aug,2,0
0.0,1,0.0,0.2,Mar,9,0
226.6777017,28,1107.922619,0.009876543,Dec,20,1
0.0,1,0.0,0.2,Mar,3,0
0.0,9,436.0,0.022222222,Nov,2,0
0.0,5,56.0,0.08,Mar,1,0
0.0,5,87.0,0.06,May,6,0
39.186,18,1188.95,0.011764706,May,3,1
0.0,5,54.38095238,0.003571429,Mar,2,0
0.0,20,447.047619,0.028888889,Dec,2,1
0.0,2,6.0,0.033333333,Mar,1,0
0.0,1,0.0,0.2,May,4,0
0.0,8,168.75,0.03,Nov,7,0
0.0,2,85.0,0.066666667,May,2,0
0.0,42,1333.914286,0.01094246,Nov,2,0
0.0,22,164.9166667,0.043939394,May,4,0
0.0,19,421.0,0.010526316,Dec,3,0
0.0,23,282.5,0.073913043,May,3,0
0.0,15,183.8333333,0.073333333,May,3,0
0.0,37,2323.166667,0.018198198,Nov,2,0
8.330574815,19,381.6,0.056818182,Aug,1,1
17.84230699,24,463.8166667,0.015333333,Mar,2,1
0.0,6,4.0,0.157142857,May,13,0
9.517421053,34,1219.113725,0.022556391,Mar,1,1
44.56114286,8,856.4166667,0.028571429,May,5,1
0.0,34,606.7857143,0.040441176,May,3,0
19.66912605,34,1570.469048,0.010431717,Dec,7,1
0.0,2,0.0,0.2,Nov,13,0
0.0,6,184.0,0.116666667,Nov,3,0
0.0,12,303.2464286,0.015384615,Oct,2,0
11.32556227,109,3624.056349,0.01406394,Nov,2,1
0.0,1,0.0,0.2,Mar,2,0
0.0,3,14.6,0.08,Sep,2,0
0.0,2,4.0,0.1,May,1,0
0.0,8,178.75,0.069230769,Nov,3,0
0.0,66,4415.333333,0.02453119,May,11,0
0.0,5,128.7,0.0125,Sep,2,0
0.0,21,702.125,0.018333333,Nov,1,0
8.969447973,133,4815.701606,0.011738458,Nov,1,1
56.31760103,53,1481.429167,0.012345679,Nov,11,1
50.388,10,269.0,0.018181818,May,5,1
0.0,13,200.25,0.03,Dec,1,0
0.0,4,420.0,0.0625,Aug,3,1
0.0,5,150.8,0.02,Aug,2,0
3.322866215,121,3648.5625,0.009409219,Nov,7,0
0.0,54,1389.216667,0.025119048,Dec,2,0
0.0,40,1352.833333,0.015733333,Dec,2,0
0.0,103,1843.759347,0.019613005,Jun,2,0
0.0,18,410.9166667,0.119473684,May,13,0
0.0,20,545.1,0.031666667,Jul,4,0
0.0,18,390.4566667,0.019230769,Aug,4,0
0.0,2,0.0,0.2,Mar,1,0
0.0,4,96.0,0.025,Nov,15,0
14.67198629,118,4251.208187,0.012659622,Nov,2,1
143.2115385,66,1483.55,0.006153846,May,3,1
0.0,10,420.0,0.008333333,Mar,1,0
0.0,7,1252.766667,0.021428571,Sep,4,0
0.0,6,111.75,0.066666667,Dec,2,0
0.0,26,449.0277778,0.018518519,Feb,3,0
0.0,18,511.5,0.028571429,May,1,0
0.0,33,964.047619,0.022857143,May,6,0
0.0,94,5579.315873,0.007335491,Jun,2,0
0.0,13,287.3333333,0.013333333,Nov,6,0
0.0,26,694.7121212,0.00297619,Mar,2,0
0.0,4,57.75,0.066666667,Nov,1,0
0.0,5,180.3333333,0.02,Mar,3,0
0.0,61,2190.429367,0.038778999,Nov,13,0
8.926823529,49,1527.583333,0.017647059,May,3,1
0.0,2,40.5,0.1,Dec,3,0
0.0,94,2807.149729,0.002777778,Nov,2,0
0.0,9,348.75,0.02962963,Dec,1,0
19.44707913,36,998.7416667,0.014736467,Feb,1,0
0.0,30,599.9190476,0.004285714,Jul,4,0
9.938399233,34,2600.258333,0.037464387,Mar,3,0
0.0,56,1510.006667,0.094482759,Aug,3,0
0.0,33,663.2333333,0.059803922,May,13,0
22.03276923,50,1434.255128,0.019230769,Mar,2,0
0.0,46,962.9011905,0.01212963,Dec,2,0
0.0,7,340.5,0.028571429,Nov,2,0
0.0,48,691.3572797,0.082209406,Nov,3,0
0.0,89,5044.75689,0.008376076,May,6,0
0.0,11,237.6666667,0.018181818,Dec,2,0
0.0,40,1337.842794,0.022304507,Mar,3,0
0.0,6,351.4,0.1,Jun,3,0
0.0,33,841.0333333,0.043434343,May,4,0
0.0,5,180.5,0.066666667,May,2,0
0.0,31,2543.5,0.006666667,May,2,0
1.60801626,148,8629.783691,0.019155126,Nov,2,0
0.0,7,95.0,0.061904762,Mar,1,0
0.0,9,482.0,0.022222222,Feb,6,0
22.738,15,269.75,0.013333333,May,2,1
0.0,57,2689.291667,0.0275,Nov,2,0
0.0,22,337.1,0.027272727,Aug,3,0
0.0,18,541.9166667,0.015686275,Nov,2,0
0.0,3,19.0,0.066666667,Mar,1,0
0.0,2,53.5,0.15,Dec,20,0
0.0,4,880.0,0.05,May,1,0
19.37005896,12,337.0,0.006666667,Dec,1,1
0.0,45,1970.0,0.037925926,Jun,3,0
28.12876638,19,671.55,0.020454545,Dec,2,0
0.0,39,589.2510658,0.010133221,Jul,4,0
0.0,19,439.8333333,0.003703704,Mar,2,0
16.48421053,55,1699.327668,0.008461558,May,4,0
0.0,13,214.25,0.097777778,May,13,0
0.0,140,3252.200476,0.024292237,Jul,1,0
0.0,8,272.9,0.075,Oct,1,0
0.0,1,0.0,0.2,Nov,3,0
0.245152903,266,9770.812093,0.024720163,Nov,2,0
47.99199256,13,555.5029412,0.020095694,Nov,2,1
0.0,21,838.15,0.0,Nov,2,0
0.0,15,1861.5,0.026666667,May,3,0
0.0,19,407.8333333,0.004347826,May,2,0
0.0,4,0.0,0.2,Mar,1,0
0.0,10,184.1,0.035714286,Jun,4,0
0.0,8,258.0,0.075,Mar,1,0
0.0,9,250.2,0.033333333,Jun,1,0
0.0,3,20.2,0.066666667,Jul,1,0
0.0,89,2577.960349,0.03729051,Jul,1,0
0.0,115,6367.506345,0.030930013,Nov,3,1
0.0,17,1494.25,0.031449275,Nov,7,0
0.0,38,876.3,0.0175,Nov,3,0
0.0,5,81.08333333,0.05,Dec,2,0
0.0,8,1046.5,0.04,May,4,0
0.0,30,1038.791667,0.026666667,Nov,2,0
0.0,12,2250.35,0.030952381,Nov,2,0
0.0,22,1075.25,0.004166667,Dec,2,0
17.53927855,101,5276.594444,0.005545073,Dec,2,0
0.0,69,1310.636905,0.032793149,Nov,3,0
0.0,7,116.5,0.057142857,May,3,0
0.0,33,616.4333333,0.005714286,May,2,0
0.0,25,732.3448718,0.015675676,Nov,2,0
0.0,18,217.0,0.031481481,May,1,0
0.0,3,13.0,0.133333333,May,3,0
75.06781572,21,696.6666667,0.0125,Mar,10,1
13.91046998,11,283.3333333,0.058333333,Nov,20,1
0.0,79,3855.2,0.028765432,May,4,0
0.0,30,1791.7,0.031111111,Mar,3,0
0.0,22,502.5083333,0.018695652,Sep,2,0
8.772473118,29,1916.761905,0.018709677,Mar,2,1
0.0,11,711.5666667,0.00515873,Mar,2,0
0.0,28,2074.929524,0.016935484,Oct,2,0
0.0,286,9952.349817,0.015495489,Nov,2,1
0.0,16,516.4785714,0.035555556,Sep,5,0
6.245397811,111,3874.240873,0.021731397,Nov,2,0
0.0,39,1003.38,0.08699187,Aug,3,0
0.0,7,1803.666667,0.08,Dec,8,0
57.03508179,18,1110.866667,0.014814815,Aug,1,1
0.0,36,319.5,0.088888889,May,1,0
0.0,11,1289.333333,0.022222222,Dec,2,0
0.0,11,241.625,0.012727273,Dec,1,0
5.997142857,22,1662.733333,0.03015873,May,13,0
0.0,8,5.0,0.175,May,11,0
0.0,53,1696.567619,0.017602339,Oct,2,0
50.81417971,16,853.4166667,0.037777778,Dec,2,1
0.0,47,3993.833333,0.043171115,Nov,2,0
7.224419132,103,2091.037588,0.028165804,Oct,2,0
0.0,15,176.7666667,0.051041667,Nov,2,0
0.0,20,1171.333333,0.018571429,May,4,0
72.52076923,23,1146.5,0.023076923,May,4,1
0.0,2,29.2,0.05,Jul,3,0
0.0,12,1886.5,0.019298246,May,3,0
0.0,37,783.875,0.031709957,Nov,11,0
8.896836973,229,6606.783899,0.015020196,Nov,2,1
0.0,43,1607.297619,0.015909091,Mar,2,0
0.0,8,268.0,0.025925926,May,4,0
43.89691103,27,1273.25,0.008888889,Nov,2,1
0.0,27,458.5,0.005952381,Dec,2,0
0.0,21,360.0833333,0.00952381,May,15,0
0.0,37,758.4428571,0.010526316,Mar,1,0
31.38886179,12,544.8333333,0.007142857,Dec,2,0
0.0,33,1985.933333,0.02969697,Jul,2,0
0.0,8,157.5714286,0.025,Mar,3,0
0.0,9,132.0,0.033333333,Mar,3,0
0.0,4,163.5,0.025,Nov,2,0
0.0,8,82.83333333,0.00625,May,4,0
0.0,41,963.0,0.015811966,May,1,0
54.10230816,23,1605.875,0.05030303,Dec,10,1
0.0,12,257.4166667,0.027111111,Nov,3,0
1.912422222,106,2980.889179,0.010139398,May,6,0
0.0,1,0.0,0.2,Sep,1,0
0.0,19,1227.153333,0.04399093,Sep,2,0
0.0,149,4304.366905,0.027991453,Sep,1,0
0.0,5,198.0,0.014285714,May,2,0
2.924161864,172,10524.35936,0.01576463,Nov,3,1
0.0,231,11246.13379,0.010029112,Nov,2,0
0.0,22,762.547619,0.017391304,Mar,3,0
0.0,2,55.0,0.05,May,13,0
0.0,3,20.0,0.085714286,Nov,8,0
0.0,66,1158.782857,0.022569444,Aug,3,0
0.0,36,1826.441667,0.012601626,Oct,2,0
0.0,24,806.125,0.016666667,Nov,3,0
0.0,8,83.5,0.1,Dec,2,0
11.61864445,56,959.8117424,0.011420635,Nov,1,0
0.0,6,86.4,0.028571429,Nov,3,0
5.730539288,33,2032.599702,0.020476926,Nov,1,0
4.789722625,222,8068.742154,0.02329814,Nov,1,0
0.0,22,495.0,0.005,Nov,2,0
0.0,11,751.5,0.024242424,May,13,0
0.0,11,398.6944444,0.059259259,Nov,11,0
0.0,11,2123.0,0.036363636,Dec,6,0
0.0,27,494.6440476,0.006781609,Nov,2,0
0.0,30,515.2333333,0.02,Aug,1,0
0.0,42,3009.0875,0.0323655,Nov,1,0
0.0,12,169.3,0.016666667,Mar,2,0
14.96432,35,1386.716667,0.039269841,May,20,1
0.0,22,578.8106061,0.04021164,Dec,2,0
42.422531,12,680.5,0.018181818,Dec,10,1
1.558381388,440,9951.869139,0.01009842,May,20,0
3.998,30,1039.244444,0.017809524,May,3,1
0.0,1,0.0,0.2,Feb,3,0
0.0,3,119.25,0.025,Dec,20,0
0.0,3,108.0,0.066666667,May,13,0
0.0,9,246.1666667,0.025,Dec,2,0
0.0,96,1524.748377,0.007239057,Mar,2,0
0.0,28,2728.755,0.009313725,Oct,5,0
33.31220592,37,1012.233333,0.006910299,Nov,2,0
0.0,66,3268.075758,0.029549127,May,4,0
0.0,1,0.0,0.2,May,3,0
0.0,7,70.46666667,0.086904762,Oct,20,0
0.0,9,171.0,0.066666667,Mar,3,0
0.546128304,98,2806.829918,0.039029125,May,2,0
0.0,3,514.0,0.066666667,Mar,1,0
0.0,45,1438.722222,0.027727273,May,4,0
0.0,17,290.8333333,0.0125,May,2,0
0.0,16,129.5833333,0.0875,Jun,13,0
0.0,28,4446.625,0.07047619,Nov,3,0
0.0,24,755.0,0.007407407,Oct,2,0
0.0,21,744.8333333,0.01,May,2,0
0.0,22,366.75,0.040909091,Nov,1,0
0.0,2,141.0,0.066666667,Mar,10,0
0.0,11,1646.366667,0.027777778,Jun,1,0
0.0,84,1460.256115,0.013205032,Nov,2,0
0.0,14,698.5833333,0.021153846,May,2,0
0.0,19,380.9464286,0.013947368,Nov,2,1
0.0,45,2650.416667,0.034074074,Dec,1,0
0.0,0,0.0,0.2,May,6,0
0.0,5,256.6666667,0.051818182,May,3,0
0.0,12,94.5,0.025555556,Mar,11,0
3.164088313,14,362.1029825,0.021979167,Jul,2,1
0.0,19,482.5,0.008333333,May,2,0
0.0,12,218.5,0.045833333,Mar,2,0
0.0,104,2856.9936,0.041369348,Dec,10,0
6.664239119,164,4389.887512,0.010151043,Nov,2,1
0.0,1,0.0,0.2,May,1,0
0.0,21,1853.535714,0.021727273,May,4,0
0.0,2,26.5,0.05,Dec,1,0
3.70979448,35,536.7333333,0.012222222,Jul,4,1
0.0,0,0.0,0.2,Nov,15,0
0.0,4,538.0,0.075,Mar,3,0
0.0,14,1003.416667,0.018039216,Feb,3,0
0.936979167,89,2213.819048,0.034151181,May,6,0
0.0,8,181.0,0.00625,May,2,0
14.9925,14,397.0,0.047395833,May,3,1
0.0,2,73.0,0.05,May,3,0
0.0,13,597.625,0.034615385,Nov,8,1
0.0,29,957.6666667,0.001785714,May,3,0
34.34857143,26,1517.9,0.007142857,May,1,1
0.0,1,0.0,0.2,May,13,0
0.0,73,1077.511667,0.005833333,Nov,4,0
0.0,6,903.3571429,0.054385965,Dec,3,0
16.96885494,54,2802.367821,0.025442703,Aug,1,0
0.0,10,570.5,0.02,May,3,0
0.0,4,521.0,0.15,Mar,10,0
0.0,34,1644.857143,0.0265,May,1,0
0.0,56,2354.958333,0.018571429,Nov,2,0
0.0,46,4681.894444,0.024380952,May,13,0
0.0,17,399.5,0.047058824,Dec,2,0
0.0,18,359.4,0.05,Sep,1,0
0.0,8,133.0,0.025,May,3,0
0.0,62,2964.650595,0.026444444,Dec,2,0
0.0,5,55.5,0.04,Dec,6,0
27.07846934,41,1164.202381,0.010606061,Dec,1,1
0.0,1,0.0,0.2,Dec,2,0
4.368515556,32,908.013456,0.01805276,Mar,2,1
0.0,125,4639.410534,0.023856765,May,4,0
0.0,31,464.9333333,0.033870968,Jun,3,0
0.0,21,484.95,0.037681159,Mar,2,0
0.0,13,222.5,0.007692308,May,2,0
0.0,1,0.0,0.2,May,3,0
0.0,2,19.0,0.1,Mar,1,0
0.0,11,522.6666667,0.022222222,May,4,0
10.37175846,51,946.3934211,0.035630252,Nov,2,0
0.0,10,149.6,0.04,May,2,0
4.741626063,48,2849.482143,0.014853801,Nov,2,0
0.0,42,1717.666667,0.029981326,Dec,2,0
10.23187302,20,2270.833333,0.023809524,Mar,6,1
0.0,9,267.75,0.022222222,Dec,2,0
0.0,60,3386.0,0.063888889,May,6,0
38.3399435,18,343.8333333,0.0125,Dec,20,1
0.0,5,17.0,0.04,May,1,0
0.0,8,886.57,0.030769231,Nov,2,0
0.0,12,413.8,0.003921569,Mar,2,0
0.0,7,493.4,0.016666667,Oct,2,1
18.23386055,159,6137.14491,0.031489963,Jun,2,0
16.7293697,32,1729.75,0.005714286,Dec,2,1
11.284275,28,1246.124103,0.021453423,May,3,0
0.0,7,221.5,0.028571429,Mar,3,0
0.0,3,52.5,0.083333333,Nov,2,0
0.0,21,331.0833333,0.042857143,Dec,2,0
0.0,65,1931.512121,0.025128205,Dec,2,0
0.0,10,357.5555556,0.022222222,Dec,11,0
0.0,12,292.875,0.028333333,Nov,2,0
0.0,71,3534.298611,0.023832104,Nov,2,0
0.0,6,135.2,0.025,Sep,1,0
0.0,45,591.2640602,0.013028631,Sep,2,1
5.761347436,26,2306.047619,0.076388889,Oct,3,0
0.0,3,1.0,0.133333333,May,6,0
5.698642857,47,1682.870247,0.007891429,Mar,10,1
0.0,11,92.4,0.016666667,Jul,2,0
39.42,11,427.0,0.042857143,May,2,0
0.0,9,163.5,0.014285714,Dec,2,1
0.0,4,72.5,0.05,Dec,10,0
0.0,21,829.3333333,0.008333333,Nov,1,0
0.0,3,74.0,0.022222222,May,2,0
0.0,11,234.1,0.022222222,Dec,2,0
0.0,116,3364.191667,0.024863655,May,4,0
0.0,15,1957.616667,0.00625,Mar,1,0
0.0,16,2515.1,0.070238095,May,3,0
0.0,2,0.0,0.2,Nov,1,0
0.0,10,611.0,0.06,May,1,0
0.0,39,1118.833333,0.019099099,Nov,13,0
0.0,3,283.0,0.133333333,May,4,0
0.0,25,588.7190476,0.014782609,May,2,0
0.0,22,2464.9,0.051515152,May,1,0
0.0,48,1512.75,0.033469388,Nov,2,1
0.0,12,136.5,0.033333333,May,3,0
0.0,27,598.45,0.014814815,Mar,2,0
0.0,27,1802.25,0.011774152,Mar,8,0
0.0,14,342.5,0.021428571,May,4,0
0.0,14,1256.333333,0.023076923,Nov,2,0
0.0,14,242.0833333,0.023809524,Nov,2,1
0.0,30,805.8333333,0.003333333,Nov,8,0
0.0,1,0.0,0.2,Feb,1,0
0.0,15,142.4,0.077777778,Jul,2,0
11.33037122,42,1369.7,0.01969697,Jul,3,0
0.0,61,5900.351378,0.007213115,Mar,10,0
45.4642609,13,524.0,0.016666667,Nov,8,1
0.0,18,340.9166667,0.018253968,Aug,5,0
0.0,14,331.3,0.015384615,Jul,1,0
12.76243133,68,2277.377056,0.029851908,May,2,0
62.33035594,32,2289.1,0.001015625,Nov,3,0
0.0,3,24.0,0.066666667,Sep,3,0
0.0,48,1199.160606,0.00070922,Dec,2,0
0.0,11,416.5,0.007142857,Mar,9,0
0.0,11,437.8333333,0.024242424,Nov,11,0
0.0,2,0.0,0.2,Nov,13,0
20.10126693,13,409.8371212,0.005882353,Oct,2,1
0.0,28,557.4047619,0.034154351,May,3,0
0.0,14,327.0,0.026666667,Nov,3,0
0.0,23,935.9,0.024637681,Dec,2,0
0.0,11,347.4,0.015,Aug,5,1
0.0,13,190.25,0.049230769,May,13,0
0.0,3,45.0,0.066666667,May,3,0
0.0,11,764.5,0.043589744,May,11,0
44.89345937,6,185.4,0.028571429,Oct,4,1
40.78047078,35,910.0809524,0.01,Sep,5,0
0.0,21,658.25,0.057482993,Nov,13,0
32.91300914,29,730.35,0.026262626,Nov,1,1
0.0,27,952.2833333,0.00137931,Aug,6,1
0.0,1,0.0,0.2,Aug,2,0
14.8397824,13,825.7990476,0.041666667,Nov,2,0
0.0,6,197.75,0.04,Dec,8,0
0.0,59,1125.904762,0.014043584,Dec,2,0
0.0,3,30.0,0.033333333,May,2,0
0.0,77,1750.371795,0.031794872,Aug,6,0
0.0,13,151.0,0.023076923,May,1,0
0.0,7,221.4,0.0225,Nov,3,0
0.0,31,485.6333333,0.038709677,Jul,4,0
4.272807692,49,783.45,0.007692308,May,2,0
0.0,41,747.9077778,0.048583043,Jun,3,0
0.0,39,1152.5,0.017802198,Mar,3,0
18.36804916,149,5042.458059,0.007285123,Mar,2,1
0.0,20,536.6166667,0.002898551,Nov,8,0
0.0,33,472.3611111,0.014721408,Nov,2,0
0.0,3,48.0,0.033333333,Mar,1,0
6.282904602,66,4152.7631,0.017561939,Sep,4,0
17.07978235,62,2050.395743,0.012789661,May,4,1
0.0,24,654.0666667,0.001449275,May,2,0
0.0,53,2309.995238,0.06394752,May,3,0
0.0,11,210.0,0.024242424,May,2,0
0.0,71,1799.833333,0.047183099,May,6,0
0.0,6,199.6,0.014285714,Oct,6,0
25.96702005,79,2096.911364,0.014008551,Mar,2,0
0.0,18,598.8738095,0.025555556,Nov,10,0
23.6645871,38,907.943254,0.005405405,Dec,2,1
0.0,20,1117.333333,0.000956938,Mar,2,0
10.94723077,21,898.0,0.042307692,May,3,1
0.0,28,2102.75,0.078333333,Jul,13,0
0.0,5,99.66666667,0.04,May,4,0
82.021436,13,272.0083333,0.014285714,Oct,20,1
0.0,23,1266.267677,0.037765568,Mar,2,0
39.29216261,189,7190.547947,0.014604116,Nov,2,1
0.0,21,521.5,0.021212121,Mar,1,0
0.0,4,0.0,0.2,Feb,3,0
0.0,11,490.8333333,0.045454545,Dec,2,0
0.0,28,1555.601212,0.009511278,Nov,2,0
0.0,20,267.5,0.028888889,May,13,0
26.5455,32,3121.555556,0.036759259,May,2,0
0.0,49,1196.25,0.018954248,Dec,13,0
0.0,71,2086.666667,0.019907407,Dec,3,0
0.0,18,824.8333333,0.023148148,May,4,0
0.0,2,84.0,0.166666667,Nov,3,0
0.0,5,97.0,0.04,Mar,1,0
0.0,4,1833.0,0.05,Mar,10,0
14.53547145,4,313.8,0.05,Jul,5,0
16.16057924,11,242.9166667,0.02,Dec,2,1
0.0,31,652.3766667,0.016161616,Nov,1,0
0.0,5,1620.0,0.166666667,Mar,1,0
0.0,31,3888.166667,0.031111111,Mar,1,0
0.0,67,1982.523611,0.010971792,Dec,1,0
0.0,29,3312.5,0.028965517,Mar,13,0
5.466387755,47,483.3,0.033469388,May,6,0
0.0,30,365.4,0.035862069,Mar,1,0
0.0,7,35.16666667,0.006060606,Nov,3,0
0.0,24,342.0,0.048,Oct,1,0
0.0,25,488.7166667,0.067517007,Jun,1,0
6.588,32,1123.691667,0.011312741,May,2,1
0.0,13,89.0,0.1,Mar,1,0
0.0,8,181.6666667,0.044444444,Dec,10,0
0.0,64,1911.610665,0.026739194,Nov,10,0
0.0,12,312.35,0.041666667,Nov,2,0
0.0,43,1326.107143,0.018160173,Nov,2,1
0.0,26,1115.4,0.087060755,Aug,13,0
0.0,60,1147.615584,0.024416667,May,2,0
0.0,15,1233.25,0.042222222,May,1,0
0.0,15,75.0,0.12,May,2,0
0.0,26,380.1666667,0.015873016,May,1,0
0.0,2,171.0,0.1,Nov,13,0
25.74700712,88,5321.441032,0.019314057,Nov,2,1
0.0,7,251.6666667,0.011428571,Mar,6,0
0.0,10,673.0,0.01025641,May,4,0
52.03463312,50,1831.903509,0.010333333,Dec,8,1
0.0,15,1137.0,0.044444444,May,6,0
27.97341787,25,673.0333333,0.005222734,Nov,2,0
24.897,25,1971.194444,0.030238095,May,4,1
9.297,17,389.0,0.041666667,May,2,0
6.062330164,37,1335.809127,0.038460744,Dec,1,0
28.03452632,19,806.8333333,0.010526316,May,2,1
0.0,4,179.25,0.05,Dec,2,0
0.0,7,278.75,0.042857143,Dec,20,0
5.159462207,89,3639.737302,0.021383053,May,3,0
0.0,9,0.0,0.16,May,13,0
0.0,2,0.0,0.2,May,13,0
0.0,6,72.9,0.028571429,May,5,0
0.0,1,0.0,0.2,Mar,1,0
0.0,5,376.0,0.019047619,Dec,8,0
0.0,1,0.0,0.2,May,3,0
0.0,59,3478.75,0.013559322,Nov,1,0
0.0,22,352.8,0.008,May,2,0
0.0,19,950.0,0.011111111,May,2,0
0.0,10,250.8,0.01,Mar,3,0
0.0,10,951.4333333,0.018181818,Sep,1,0
0.0,7,121.0,0.057142857,Dec,3,0
0.0,67,2199.976786,0.027665354,Nov,2,0
0.0,61,1140.796667,0.002833333,Jun,2,0
0.0,2,9.5,0.022222222,Dec,2,0
0.0,16,733.252381,0.006862745,May,6,0
0.0,7,133.5,0.025,Nov,6,0
0.0,4,45.33333333,0.011111111,May,2,0
0.0,20,526.5,0.035,Nov,13,0
22.89972198,16,742.2095238,0.015789474,Nov,5,1
0.0,21,1198.75,0.003174603,Mar,2,0
0.0,17,457.7957265,0.044351348,Mar,8,0
0.0,11,1390.166667,0.014545455,Mar,3,0
0.0,2,0.0,0.2,Aug,1,0
0.0,6,202.0,0.016666667,May,1,0
0.0,4,12.5,0.1,May,18,0
0.0,9,470.0,0.066666667,Dec,1,0
0.0,21,378.4,0.030864198,Jul,1,0
9.073052632,129,3098.912088,0.001704261,May,4,0
0.0,4,16.0,0.15,Feb,1,0
20.13555556,24,678.0,0.014814815,May,2,1
15.3498858,98,7712.375,0.012431818,Dec,2,0
0.0,23,1669.0,0.017391304,Mar,2,0
113.3238614,3,58.6,0.05,Oct,2,1
10.80188719,187,4987.688889,0.011118588,May,2,0
0.0,6,95.5,0.033333333,Mar,13,0
0.0,111,3971.515278,0.024725635,Nov,2,0
17.42324027,62,1340.676667,0.019726027,Aug,2,0
0.0,7,59.0,0.028571429,May,3,0
0.0,14,502.9166667,0.021428571,Dec,1,0
23.42271616,21,881.35,0.008641975,Jul,2,0
0.0,1,0.0,0.2,Jul,4,0
10.82357287,35,726.0388889,0.005434783,Nov,2,1
0.0,7,157.0,0.014285714,Mar,2,0
0.0,22,876.25,0.004761905,Dec,10,0
0.0,1,0.0,0.2,Mar,1,0
5.291989149,39,2447.548611,0.057999382,Nov,1,0
0.0,20,1055.333333,0.009285714,Nov,13,0
0.0,32,929.91,0.026262626,Aug,3,0
0.0,3,0.0,0.2,May,4,0
0.0,64,1558.361111,0.021875,Nov,2,1
0.0,10,253.25,0.02,Dec,10,0
0.0,1,0.0,0.2,May,1,0
5.157803677,48,1607.191667,0.004609929,Dec,2,1
0.0,1,0.0,0.2,May,6,0
8.435206908,35,942.6879221,0.035442177,Sep,2,0
0.0,5,64.5,0.028571429,May,5,0
0.0,12,358.0666667,0.025,Mar,1,0
0.0,1,0.0,0.2,May,4,0
0.0,8,105.0,0.0125,May,3,0
26.41113767,80,3634.141512,0.007864356,Nov,2,1
0.0,9,231.5,0.044444444,May,3,0
0.0,108,2367.4,0.003773585,Dec,2,0
0.0,11,805.5,0.033333333,Oct,3,0
0.0,44,1341.716667,0.046666667,Jun,2,0
0.0,47,902.77,0.04037037,Jul,1,0
0.0,1,0.0,0.2,Nov,10,0
11.12205139,6,233.1666667,0.046666667,Oct,7,0
0.0,11,296.5,0.081818182,Nov,1,0
0.0,1,0.0,0.2,May,1,0
23.60518919,34,1406.209524,0.021212121,May,4,1
30.65045455,19,576.0833333,0.018181818,Mar,1,1
23.388,14,340.0,0.015384615,May,1,1
0.0,125,3075.978608,0.022299824,Nov,1,1
0.0,37,5208.65,0.01829932,Nov,6,0
0.0,6,261.6666667,0.125714286,Jun,4,0
0.0,16,423.1833333,0.016071429,Nov,10,0
0.0,11,375.8,0.015384615,Sep,5,0
0.0,5,182.625,0.008,Dec,13,0
20.32388105,48,3946.008333,0.011515152,Mar,8,1
0.0,17,248.9,0.02745098,May,2,0
0.0,11,200.85,0.047107438,Mar,1,0
0.0,36,1387.606061,0.025438596,Mar,1,0
0.0,6,99.0,0.008333333,Oct,3,0
0.0,21,775.3333333,0.009090909,Mar,2,0
0.0,14,273.25,0.0125,May,4,0
0.0,9,396.0,0.02,Nov,2,0
0.0,6,117.0,0.088888889,May,3,0
0.0,33,777.3666667,0.012903226,May,6,0
0.0,26,1035.821429,0.034935897,May,2,0
0.0,5,291.2,0.186666667,Oct,20,0
0.0,21,1494.5,0.004545455,May,2,0
0.0,18,974.1666667,0.032251082,Nov,2,0
0.0,21,258.6166667,0.009090909,Dec,3,0
0.0,9,1759.066667,0.024705882,Sep,5,0
0.0,13,297.8333333,0.021428571,Nov,2,0
11.37678683,125,4313.139103,0.019623016,May,6,0
0.0,37,1118.987027,0.018958927,Nov,2,0
0.0,4,25.8,0.04,Jul,4,0
0.0,7,415.5,0.016666667,May,4,0
0.0,13,210.0,0.03125,Dec,1,0
0.0,50,836.8,0.006339869,Mar,2,0
50.66498303,30,465.4166667,0.009375,Mar,3,0
0.0,19,1553.8,0.0825,Oct,13,0
0.0,6,267.0,0.021428571,Dec,3,0
0.0,6,142.5,0.011111111,May,2,0
29.62188989,9,700.0,0.011111111,Dec,10,1
0.0,35,806.125,0.024444444,Nov,2,0
5.659271218,86,3908.03349,0.023856289,Nov,1,0
0.0,41,1083.716667,0.006666667,Jun,2,0
0.0,4,96.33333333,0.0875,Dec,3,0
0.0,28,1023.125,0.028571429,Nov,2,0
0.0,5,62.5,0.044444444,Mar,3,0
0.0,26,1380.833333,0.018055556,May,13,0
0.0,51,865.6722222,0.019191919,May,1,0
0.0,128,5062.213753,0.01791847,Feb,3,0
0.0,13,125.125,0.053333333,Nov,1,0
0.0,3,26.0,0.133333333,May,3,0
0.0,16,157.9,0.0625,May,3,0
35.89140755,17,835.4180952,0.018571429,Aug,2,1
0.0,8,87.0,0.014285714,May,3,0
0.0,6,34.33333333,0.05,May,3,0
0.0,3,5.0,0.166666667,May,6,0
0.0,5,77.0,0.04,Mar,3,0
0.0,4,96.625,0.0175,Nov,2,0
0.0,10,506.4,0.02,Sep,5,0
0.0,4,36.5,0.05,Mar,1,0
0.0,4,85.0,0.075,May,4,0
0.0,6,677.0,0.04,Dec,20,0
0.0,62,2021.747727,0.015641026,Oct,4,0
0.0,17,600.5,0.005882353,Mar,10,0
0.0,11,660.1666667,0.016666667,Mar,3,0
13.40298256,39,1050.708333,0.018042396,May,3,1
0.0,43,997.7083333,0.021111111,Dec,2,0
0.0,25,893.1,0.009615385,Mar,1,0
0.0,15,365.1666667,0.02,Nov,13,0
0.0,4,34.0,0.125,Mar,3,0
0.0,9,354.0,0.02,Mar,3,0
54.97036364,22,2715.0,0.009090909,May,2,1
0.0,4,0.0,0.2,Nov,3,0
0.0,59,4165.13869,0.017458333,Nov,10,0
0.0,5,60.5,0.048148148,Dec,8,0
59.75418351,7,444.0,0.028571429,Dec,8,1
0.0,10,558.8,0.014285714,Mar,8,0
0.0,37,527.6666667,0.032954545,Aug,2,0
0.0,1,0.0,0.2,May,3,0
0.0,18,521.5,0.063333333,May,6,0
0.0,7,42.0,0.085714286,Dec,1,0
8.21617792,51,1788.370821,0.014709835,Nov,2,1
0.0,40,1178.496667,0.031153846,Aug,1,0
13.64300463,8,345.0,0.016666667,Dec,3,1
16.61211742,48,1510.383333,0.030927052,Aug,1,0
0.0,3,44.0,0.1,May,15,0
8.611221424,18,792.7333333,0.048115942,Jun,20,0
0.0,41,1423.833333,0.030243902,Dec,1,0
0.0,4,32.0,0.075,Mar,1,0
0.0,11,382.25,0.063636364,Dec,2,0
0.0,16,261.0,0.029871795,Nov,1,0
0.0,23,1100.125,0.011111111,May,14,0
0.0,10,316.6,0.022222222,Nov,10,0
0.0,42,1433.083333,0.02575,May,11,0
0.0,6,156.0,0.04,Mar,1,0
60.07483189,51,1792.814481,0.01186886,Nov,2,1
0.0,6,136.5,0.033333333,Mar,2,0
0.0,15,549.0,0.126666667,Nov,3,0
0.0,1,0.0,0.2,Mar,1,0
0.0,3,20.6,0.033333333,Aug,2,0
60.58437066,22,839.568189,0.000952381,Nov,2,1
0.0,40,978.0916667,0.016060606,Dec,2,0
0.0,189,15454.43857,0.019882747,Aug,1,0
0.0,39,841.7833333,0.017585825,Dec,1,0
0.0,5,96.0,0.042857143,Sep,4,0
0.0,24,841.1666667,0.041666667,May,4,0
177.7714536,33,2601.231408,0.011764706,Nov,20,1
0.0,44,2807.164836,0.027424242,Nov,2,1
0.0,21,434.5,0.023809524,Mar,1,0
0.0,60,2068.248473,0.034058957,Nov,2,0
49.95438177,117,1569.866667,0.011870845,May,3,0
27.44491667,35,1475.266667,0.024867725,May,4,1
9.102937419,57,4555.02381,0.030621469,May,1,0
8.353508036,113,2216.66832,0.014344857,May,1,0
0.0,29,218.0,0.003225806,Mar,2,0
48.72995628,55,2598.991667,0.008196721,May,2,0
0.0,11,1055.75,0.026666667,Dec,2,0
0.0,1,0.0,0.2,Dec,1,0
0.0,19,465.6333333,0.026315789,Nov,2,0
0.0,4,487.6,0.025,Sep,4,0
16.1722885,9,348.54,0.005194805,Nov,3,1
0.0,33,504.0,0.033333333,May,4,0
0.0,1,0.0,0.2,May,3,0
14.28629744,10,728.18,0.065367965,Sep,1,0
0.0,4,41.7,0.028571429,Sep,6,0
0.0,9,1346.2,0.016666667,Nov,3,0
115.98,19,1040.2,0.011111111,May,2,1
0.0,24,1004.383333,0.023076923,Jun,13,0
17.92983378,34,606.2,0.001388889,Oct,3,0
23.4154,57,1925.102381,0.0175,May,6,0
0.0,6,33.0,0.1,Nov,20,0
0.0,5,38.0,0.16,May,3,0
0.0,3,208.5,0.1,May,13,0
0.0,14,1037.5,0.047619048,Mar,2,0
0.0,22,851.25,0.020289855,Nov,2,0
0.0,12,645.9166667,0.05,Mar,2,0
0.0,54,3978.245833,0.024807692,Nov,1,0
0.0,1,0.0,0.2,Nov,1,0
0.0,3,95.5,0.02,May,2,0
0.0,6,127.0,0.016666667,May,4,0
0.0,21,405.3333333,0.026086957,May,4,0
0.0,37,1599.083333,0.006578947,Mar,1,0
5.921482086,124,3394.130159,0.012918871,May,11,0
0.0,40,2731.5,0.012357724,Jul,2,0
0.0,1,0.0,0.2,May,3,0
0.0,50,3831.1,0.017307692,Nov,10,0
0.0,63,2219.866667,0.023129252,Nov,2,0
20.06500939,39,1080.875,0.024964539,Nov,2,1
0.0,12,1311.0,0.084722222,May,15,0
0.0,180,4773.335638,0.008600444,May,3,0
0.0,20,500.5,0.029824561,Nov,1,0
22.74458333,24,957.9,0.032638889,May,13,1
0.0,1,0.0,0.2,May,1,0
0.0,15,581.4166667,0.007142857,Mar,2,0
0.0,31,1574.375,0.022580645,Dec,1,0
0.0,141,2886.523521,0.018798094,May,3,0
0.0,46,2425.083333,0.027681159,May,2,0
0.0,29,3098.033333,0.025806452,May,3,0
0.0,10,490.5666667,0.035,Jun,1,0
0.0,33,1703.321429,0.042424242,May,1,0
16.71534488,48,1769.697383,0.011616162,Mar,2,0
0.0,8,361.2333333,0.038888889,Oct,2,0
0.0,31,1239.083333,0.02,May,13,0
74.088,12,481.8333333,0.018181818,Mar,2,1
0.0,11,142.4166667,0.036363636,May,2,0
0.0,1,0.0,0.2,Nov,1,0
0.0,49,663.5277778,0.005319149,Nov,2,0
0.0,13,264.3396825,0.034509804,Sep,5,0
0.0,27,694.0,0.014285714,May,2,0
0.0,9,95.3,0.02,May,3,0
0.0,9,125.0,0.022222222,Mar,1,0
0.0,8,492.25,0.044444444,Dec,2,0
0.0,10,153.9,0.016666667,Jul,4,1
0.0,2,7.0,0.1,May,3,0
20.97144,45,1545.5,0.004,Mar,8,1
0.0,4,143.5,0.058333333,Dec,2,0
0.0,7,148.1666667,0.057142857,May,20,0
0.0,18,2335.125,0.033333333,Nov,3,0
0.0,1,0.0,0.2,Nov,3,0
0.0,37,1138.5,0.013513514,Mar,8,0
0.0,10,130.75,0.076666667,Nov,3,0
0.0,29,488.4090909,0.02173913,Nov,11,1
0.0,23,2225.288889,0.021516165,Nov,1,0
53.988,19,692.6222222,0.001470588,May,2,1
0.0,17,670.0,0.010526316,Dec,2,0
0.0,5,236.0,0.04,Mar,1,0
0.0,3,44.66666667,0.025,Mar,2,0
0.0,24,778.1666667,0.0125,Mar,2,0
0.0,12,197.0,0.0375,Nov,2,0
24.02645488,108,4033.471998,0.013739852,May,13,1
6.099899016,59,2934.236722,0.022333333,Nov,2,0
0.0,37,836.3333333,0.045416667,Mar,1,0
0.0,23,1669.024978,0.016333333,Jun,2,0
0.0,96,1231.79046,0.01026897,Jul,1,0
0.0,7,297.0,0.071428571,May,1,0
0.0,10,591.1666667,0.016,Mar,2,0
0.0,58,1893.444444,0.019047619,Nov,10,1
0.0,12,401.2857143,0.016,Mar,8,0
6.889766003,43,1990.125,0.024031008,Dec,3,0
0.0,22,683.0524892,0.051268674,May,3,0
19.3154,19,1083.690476,0.024884615,May,2,0
0.0,18,367.25,0.044210526,Mar,1,0
0.0,19,494.5,0.01,Mar,9,0
0.0,3,0.0,0.2,May,13,0
0.0,51,1933.89893,0.032132434,May,13,0
0.0,27,916.9222222,0.009677419,Nov,8,1
0.0,9,358.4,0.015384615,Oct,2,0
0.0,3,0.0,0.177777778,May,13,0
0.0,5,47.0,0.028571429,May,1,0
0.898495409,85,2651.943186,0.01426455,Jul,4,0
0.0,10,1656.666667,0.1,Mar,3,0
0.0,7,80.5,0.038095238,May,3,0
13.1168283,9,427.0,0.025,Dec,2,1
0.0,93,2087.64987,0.023551165,Oct,4,0
0.0,150,5962.205556,0.015283019,Jun,2,0
34.79013586,30,2375.083333,0.011111111,Dec,2,1
0.0,46,909.522619,0.020449173,Mar,1,0
0.0,7,86.16666667,0.051111111,Dec,2,1
0.0,16,967.625,0.012727273,Dec,2,0
0.0,34,1588.666667,0.013800705,Mar,2,0
15.08488235,30,1688.72619,0.011764706,May,2,1
0.0,20,454.9166667,0.025757576,Nov,10,0
0.0,13,233.1666667,0.016666667,May,4,0
4.279294118,22,1552.547619,0.070490196,May,3,0
0.0,1,0.0,0.2,Dec,1,0
3.507532249,51,3296.940476,0.008595388,Nov,3,0
50.36347405,5,44.8,0.033333333,Jul,1,1
0.0,2,22.0,0.05,Mar,15,0
13.99,16,650.8333333,0.019047619,May,2,1
3.728742569,11,613.8958333,0.030769231,Dec,2,0
0.0,25,590.6,0.003703704,Aug,2,0
0.0,7,460.75,0.037037037,Dec,2,0
0.0,0,0.0,0.1,May,2,0
0.0,23,237.25,0.005185185,May,4,0
0.0,1,0.0,0.2,Nov,1,0
0.0,8,215.0,0.058333333,May,6,0
0.0,20,447.5,0.04,Mar,1,0
0.0,11,267.8333333,0.036363636,Mar,2,0
0.0,11,385.0,0.02,May,2,0
0.0,14,404.3392857,0.033333333,Dec,20,0
5.45243266,60,1276.594048,0.00952381,Nov,2,1
0.0,1,0.0,0.2,Feb,3,0
0.0,3,0.0,0.2,May,3,0
0.0,48,476.3600939,0.028639403,Aug,2,0
0.0,26,463.7583333,0.001346801,Mar,2,0
0.0,36,625.308112,0.032461962,May,1,0
0.0,18,240.3,0.030434783,Aug,6,0
0.0,4,90.5,0.166666667,Nov,10,0
0.0,6,203.0,0.108333333,May,4,0
0.0,23,226.2564103,0.010434783,May,3,0
11.84059922,33,486.5600582,0.028784722,Jun,1,0
0.0,9,640.6666667,0.011111111,Mar,1,0
0.0,9,531.0,0.011111111,May,2,0
9.905143745,10,333.25,0.018181818,Dec,2,1
0.0,5,558.5,0.028571429,Mar,2,0
36.51581481,20,413.0,0.027407407,May,2,1
0.0,24,758.1444444,0.059846154,Mar,1,0
0.0,24,1051.291667,0.014814815,Dec,20,0
0.0,26,807.0833333,0.011458333,Dec,8,0
0.0,46,4084.393939,0.001794872,Feb,4,0
0.0,32,395.2222222,0.011111111,Mar,2,0
0.0,27,1433.71256,0.062113617,Nov,2,0
0.0,19,346.1333333,0.039473684,Aug,3,0
0.0,7,789.5333333,0.0375,Nov,5,0
0.0,2,66.5,0.1,Dec,2,0
0.0,34,740.3071429,0.014052288,Nov,2,0
0.0,17,463.6666667,0.024444444,May,4,0
0.0,20,518.6666667,0.011111111,Mar,1,0
0.0,8,404.0,0.0375,Dec,2,0
0.0,10,73.5,0.15,Dec,13,0
0.0,7,591.0,0.033333333,Mar,6,0
20.91692308,32,906.3,0.025641026,May,1,0
0.0,15,656.25,0.028571429,Mar,2,0
0.0,10,351.75,0.05,Dec,1,0
14.69293103,56,1948.713745,0.021055381,May,2,1
0.0,25,381.3571429,0.004166667,May,2,0
0.0,23,198.8848485,0.012,May,4,0
0.0,1,0.0,0.2,May,13,0
0.0,32,1040.166667,0.041176471,May,3,0
0.0,4,0.0,0.2,May,3,0
15.15205714,45,673.4813797,0.025194363,May,2,0
0.0,12,189.4333333,0.014285714,Sep,4,0
11.7031641,54,3708.392857,0.020467836,Sep,13,1
0.0,24,567.45,0.058666667,May,1,0
0.0,1,0.0,0.2,Nov,1,0
0.0,5,177.6666667,0.04,May,4,0
0.0,7,383.5,0.023809524,Mar,3,0
0.0,174,4994.24915,0.015842941,Nov,8,0
6.733744751,71,2582.699717,0.013853727,Nov,2,0
0.0,13,295.6666667,0.042857143,May,13,0
22.45821429,22,680.0,0.006190476,May,2,1
0.0,20,393.5833333,0.033872603,Nov,6,0
0.0,4,117.5,0.05,May,4,0
0.0,26,535.4666667,0.011494253,May,4,0
0.0,4,36.0,0.1,Mar,1,0
0.0,3,58.2,0.044444444,Aug,3,0
20.11751289,39,881.4416667,0.011458333,Mar,1,0
0.0,113,3000.666667,0.005217391,Mar,2,0
0.0,5,162.5,0.073333333,May,3,0
0.0,26,485.8333333,0.016,May,2,0
42.89057143,29,619.4,0.007142857,May,3,1
0.0,28,761.5,0.032183908,Jul,1,0
0.0,33,1091.394074,0.003594771,Oct,2,0
0.0,1,0.0,0.2,Dec,1,0
0.0,10,449.5,0.033333333,Dec,20,0
0.0,23,1157.583333,0.053846154,Nov,2,0
0.0,114,3494.831225,0.018762198,Dec,2,0
0.0,31,631.0857143,0.02078853,Jun,1,0
0.0,63,1779.163333,0.020243418,Aug,1,0
0.0,5,14.0,0.16,May,3,0
0.0,10,221.0,0.116666667,May,13,0
0.0,16,462.0,0.05,May,6,0
19.63031016,12,568.1,0.0125,Nov,2,1
0.0,59,1669.940186,0.011611098,Dec,7,0
0.0,8,445.0,0.014285714,Mar,14,0
13.18501,48,755.175,0.026312057,Dec,10,1
5.185457275,34,4656.800366,0.038438438,May,2,0
0.0,7,170.0,0.016666667,Dec,2,0
0.0,7,108.25,0.028571429,Dec,2,0
0.0,91,3827.498846,0.072399527,Sep,13,0
0.0,17,275.702381,0.06,May,2,0
0.0,1,0.0,0.2,Nov,1,0
0.0,62,2032.39696,0.01881429,Sep,4,0
0.0,16,316.0,0.0375,Nov,2,0
0.0,32,486.6666667,0.005555556,Dec,2,0
0.0,2,4.0,0.1,Aug,1,0
0.0,26,672.875,0.032352941,Nov,1,0
15.14864831,16,541.875,0.0125,Nov,8,1
0.0,1,0.0,0.2,Mar,1,0
22.02197159,176,4126.353297,0.011363949,May,2,1
0.0,10,677.6666667,0.022222222,Dec,2,0
0.0,9,223.0,0.022222222,Mar,2,0
0.0,7,322.75,0.071428571,Nov,13,0
9.458902094,35,1267.0625,0.021296296,Dec,10,0
77.64914484,29,693.2541667,0.014705882,Dec,2,1
0.0,59,779.2628571,0.007471264,Aug,4,0
0.0,116,4097.403993,0.022530582,Dec,13,0
5.1680996,62,3299.525,0.009539422,Nov,2,1
0.0,5,70.0,0.08,May,3,0
0.0,5,92.33333333,0.016666667,Dec,1,0
0.0,12,697.1666667,0.016666667,May,6,0
0.0,16,277.3,0.041666667,Nov,2,0
17.43149651,65,2008.900974,0.02037037,Dec,2,0
0.0,16,346.3866667,0.029411765,Jul,4,0
0.0,1,0.0,0.2,May,1,0
0.0,26,1066.666667,0.04202381,May,11,0
0.0,5,40.0,0.083333333,May,1,0
0.673127586,220,11308.09795,0.012414872,May,6,0
0.0,62,1279.333333,0.016052227,May,3,0
0.0,21,1050.25,0.028571429,Nov,2,0
5.015272727,74,2326.666667,0.002597403,May,2,0
35.25541691,7,381.4,0.007407407,Nov,5,0
0.0,14,327.0,0.00625,Mar,9,0
0.0,98,12449.9,0.031102504,Jun,5,0
0.0,2,24.0,0.1,Mar,2,0
0.0,17,608.2166667,0.051851852,Jul,1,0
0.0,25,307.7,0.034615385,Oct,3,0
11.10333103,110,4006.359314,0.030496867,Nov,1,0
0.0,1,5.0,0.033333333,Sep,5,1
0.0,43,703.8333333,0.006976744,May,2,0
7.882377258,52,1551.666667,0.019393939,Mar,2,0
0.0,18,1093.083333,0.011481481,Nov,1,0
0.0,26,449.25,0.022222222,Dec,2,0
0.0,8,444.6333333,0.025,Nov,10,0
0.0,37,1238.5,0.016410256,Mar,2,0
0.0,20,798.3,0.009090909,Nov,3,0
0.0,85,6743.39876,0.033907028,Oct,13,0
0.0,211,7442.388149,0.028901336,Aug,13,0
0.0,44,1157.97619,0.013953488,Nov,10,0
0.0,4,105.0,0.025,Feb,4,0
0.0,24,550.1666667,0.050833333,Nov,2,0
0.0,2,11.0,0.1,Aug,4,0
39.7173,27,1253.333333,0.014666667,Mar,2,1
0.0,7,177.9,0.062857143,Aug,1,0
6.281494505,84,2839.75,0.006593407,May,2,0
0.0,15,438.6666667,0.039487179,Nov,3,0
0.0,25,929.5833333,0.0296,Dec,13,0
0.0,3,97.5,0.038461538,Dec,8,1
6.175932014,96,1304.973333,0.008309991,Oct,3,0
0.0,39,1002.491667,0.033796296,Nov,3,0
9.453449065,160,2006.59312,0.013361447,Aug,2,0
0.0,9,76.0,0.055555556,Mar,1,0
0.0,11,1055.5,0.042424242,May,18,0
0.0,1,0.0,0.2,May,3,0
0.0,27,422.5333333,0.009195402,Sep,2,0
0.0,3,6.0,0.133333333,May,1,0
3.478135617,84,2359.522438,0.028709742,Jun,3,0
6.149343862,178,4339.534423,0.015263169,May,4,0
0.26809298,145,2935.255477,0.005708347,Aug,1,0
40.27815244,2,20.1,0.0,Sep,6,1
0.0,1,0.0,0.2,Feb,3,0
0.0,7,197.0,0.042857143,Dec,2,0
0.0,77,3332.208333,0.024719927,May,6,0
0.0,63,2717.327381,0.012857143,Mar,2,0
0.0,5,69.4,0.033333333,Jul,5,0
0.0,2,0.0,0.2,Dec,1,0
2.188718519,37,1643.435516,0.032271242,Mar,2,1
0.0,4,76.0,0.1,Feb,3,0
0.0,17,161.55,0.018518519,Nov,2,0
0.0,4,24.0,0.028571429,Nov,3,0
0.0,10,284.0,0.008333333,May,11,0
0.0,32,893.45,0.011458333,Oct,5,0
0.0,13,217.7611111,0.025,Oct,7,0
0.0,21,755.0,0.004347826,Nov,2,0
0.0,6,202.0,0.05,May,4,0
0.0,12,1484.0,0.016666667,Mar,1,0
0.0,2,86.0,0.1,Mar,1,0
0.0,6,270.9,0.014285714,Oct,3,0
0.0,34,910.2333333,0.023529412,Dec,2,0
0.0,2,0.0,0.2,May,3,0
0.0,24,2022.25,0.048611111,May,13,0
0.0,13,288.0,0.0375,Mar,2,0
0.0,8,182.0,0.005,May,2,0
7.329008963,89,3236.865632,0.027526998,Nov,10,0
0.0,12,130.5,0.008333333,Mar,10,0
0.0,104,7181.877778,0.023737786,Nov,2,0
0.0,4,36.0,0.033333333,May,1,0
0.0,6,135.0833333,0.009090909,Nov,2,0
0.0,37,1096.75,0.020175439,Mar,10,0
0.0,83,2355.682738,0.022487296,Dec,2,0
2.321101087,127,6931.049725,0.015855776,May,6,0
0.0,9,521.0,0.02962963,Dec,11,0
2.153839297,101,1808.162266,0.06290128,Jul,3,0
7.147603773,133,3918.363736,0.009275362,Nov,2,0
0.0,48,1268.116667,0.027788462,Nov,1,0
2.526616865,109,6682.677557,0.005345441,Mar,2,0
0.0,32,505.55,0.003225806,Oct,2,0
0.0,11,177.4047619,0.038194444,May,4,0
16.32244444,9,260.3,0.005555556,May,11,1
0.0,29,2147.375,0.006896552,Dec,2,0
53.6853974,7,376.7,0.0,Aug,2,1
0.0,1,0.0,0.2,Jul,13,0
28.06804986,50,1342.083333,0.004385965,Jun,11,1
0.0,65,1451.227362,0.008492896,Mar,1,0
1.53931845,173,6014.398401,0.025130309,Nov,2,1
0.0,27,889.0,0.067857143,May,3,0
0.0,7,70.4,0.128571429,Jul,1,0
0.0,6,616.5,0.038095238,Sep,4,0
0.0,1,35.25,0.066666667,Nov,2,0
0.0,30,1240.65,0.017708333,Nov,2,0
0.0,5,334.4,0.025,Sep,1,0
0.0,15,176.5,0.12,Jul,3,0
0.0,11,1855.6,0.054545455,Sep,1,0
8.174728678,169,8276.292565,0.016051967,Nov,8,0
0.0,19,688.6666667,0.052631579,May,4,0
0.0,5,86.6,0.1,Sep,2,0
0.0,2,62.0,0.025,Mar,10,0
0.0,19,341.3666667,0.01,May,2,0
60.62885042,21,1922.15,0.009333333,Nov,2,1
37.6992,18,374.3809524,0.007666667,May,5,0
0.0,3,278.0,0.066666667,May,15,0
0.0,23,816.7761905,0.012318841,Dec,10,0
7.150073241,38,1806.558333,0.026495726,Nov,13,0
0.0,99,4097.708838,0.013745704,Nov,2,0
0.0,11,887.0,0.096969697,Nov,1,0
0.0,32,1480.666667,0.006857143,Mar,3,0
7.542144271,93,3856.82978,0.06218704,Jun,1,0
4.90908873,15,124.9142857,0.016369048,Jul,2,0
0.0,16,129.3333333,0.0125,May,1,0
0.0,9,27.5,0.1,May,1,0
0.0,19,623.2,0.044444444,Jul,1,0
0.0,30,1448.928571,0.069954545,Dec,13,0
0.0,11,687.5,0.035897436,Mar,3,0
0.0,29,942.3958333,0.075942002,Dec,2,0
0.0,29,911.5,0.065517241,May,4,0
20.11392747,48,1572.2,0.0388854,Nov,3,1
33.05509961,31,835.71,0.007317073,Nov,2,1
0.0,115,5284.816825,0.002849003,Oct,4,0
0.0,39,1299.5,0.021138211,Nov,1,0
0.0,31,1975.458333,0.01,Mar,3,0
26.22981818,12,936.0,0.036363636,May,4,1
0.0,43,875.0,0.009761905,May,4,0
0.0,40,4175.75,0.106,May,3,0
0.0,8,863.3333333,0.014583333,Mar,3,0
0.0,7,88.75,0.06,May,2,0
0.0,4,57.0,0.033333333,Dec,2,0
0.0,3,125.0,0.075,May,4,0
0.0,25,593.2916667,0.00375,Dec,1,0
0.0,18,754.9166667,0.005555556,May,2,0
10.22993737,51,2159.004167,0.037347156,Nov,2,0
6.047203519,159,4362.009752,0.008667383,Jul,2,0
0.0,1,0.0,0.2,Mar,1,0
0.0,1,0.0,0.2,May,1,0
0.0,10,320.5,0.015384615,Feb,3,0
16.70657143,25,788.2666667,0.028571429,May,3,1
0.0,25,461.2222222,0.007142857,May,4,0
0.700155006,29,4897.845238,0.015740741,Sep,5,0
10.41358118,130,3645.909048,0.008515815,Nov,2,0
0.0,23,351.0333333,0.015517241,Oct,4,0
0.0,25,733.1666667,0.041609195,Sep,1,0
0.0,21,308.4583333,0.043939394,Dec,13,0
0.0,29,2141.902778,0.042319508,Dec,3,0
68.25041784,36,1653.395833,0.022839506,Dec,2,0
0.0,29,316.2,0.02,Sep,6,0
0.0,13,255.0833333,0.015384615,Dec,1,0
24.12558571,17,652.5666667,0.033333333,Jun,3,1
0.0,22,641.4809524,0.004761905,Oct,6,0
0.0,82,895.1111111,0.004844961,Sep,3,0
5.576720936,45,2003.415152,0.00755102,Mar,2,1
0.0,7,67.0,0.022222222,Mar,8,0
0.0,235,10046.80771,0.022527689,Nov,2,1
0.0,11,800.8333333,0.003636364,Feb,3,0
9.829114577,66,1415.3875,0.014262023,Dec,2,0
0.0,6,154.5,0.02,May,3,0
0.0,31,1383.166667,0.090322581,May,6,0
0.0,32,3837.5,0.00625,May,4,0
0.0,14,655.1666667,0.007692308,May,4,0
0.0,51,874.4047619,0.0345,Nov,2,0
0.0,15,138.75,0.025,Nov,2,0
56.72227169,101,3094.366667,0.014951401,Nov,2,1
0.0,10,337.1,0.029166667,Jul,3,0
0.0,17,495.1,0.01,Oct,2,0
22.65617015,26,502.4533333,0.002564103,Oct,2,1
0.0,39,2808.666667,0.01025641,Mar,10,0
0.0,27,808.7,0.010344828,Mar,3,0
0.0,4,34.2,0.1,Oct,5,0
0.0,2,153.0,0.05,Mar,1,0
0.0,12,749.75,0.016666667,Nov,10,0
0.0,114,2139.156647,0.009414895,Nov,2,0
0.0,9,215.0,0.074074074,Feb,3,0
0.0,12,676.25,0.025,Nov,6,0
3.609398514,50,1803.768849,0.017428305,Mar,3,1
0.0,7,114.6,0.033333333,Mar,10,0
0.0,71,2632.189286,0.008611111,Nov,2,0
0.0,7,357.75,0.077142857,Nov,10,0
0.0,26,1840.666667,0.042,May,13,0
0.0,3,428.5,0.066666667,Nov,8,1
0.0,6,68.5,0.033333333,May,2,0
0.0,9,132.4,0.006666667,Aug,5,1
0.0,2,0.0,0.2,Nov,8,0
0.0,251,9297.575489,0.027881156,Nov,2,0
0.0,28,271.125,0.002564103,May,3,0
0.0,19,215.75,0.021052632,Mar,10,0
0.0,68,5943.547619,0.038623482,Jul,13,0
0.0,79,3129.393438,0.044962458,May,3,0
0.0,54,2222.9,0.014814815,May,4,0
0.0,246,9227.371429,0.024959839,Oct,3,0
0.0,19,501.7666667,0.010526316,May,4,0
0.0,38,2232.833333,0.026315789,Nov,2,1
0.0,66,1859.5,0.00974359,May,2,0
0.0,14,390.9,0.066666667,Aug,3,0
0.0,11,822.0,0.063636364,May,4,0
0.0,21,295.3333333,0.058333333,Jul,2,1
0.0,9,300.0,0.033333333,May,3,0
0.0,6,210.2,0.068055556,May,20,0
32.32493691,119,6245.704152,0.012179841,Dec,2,1
21.318,19,1323.25,0.021816239,May,2,1
0.0,13,274.5833333,0.016666667,Nov,2,0
64.4161607,68,1212.441667,0.014381271,Nov,1,0
33.1128,12,1562.0,0.042941176,May,1,0
0.0,20,326.9277778,0.059464286,Dec,1,0
0.0,13,449.3333333,0.044615385,Mar,3,0
0.0,17,1673.653846,0.05122549,May,4,0
0.0,19,538.2,0.00952381,May,6,0
0.0,1,0.0,0.2,May,4,0
0.0,3,111.8,0.007142857,Aug,5,0
0.0,17,1314.25,0.1,Mar,1,0
37.42337649,85,2834.280117,0.013388945,Nov,1,0
0.0,1,0.0,0.2,Nov,1,0
6.012671082,46,1376.3,0.03537415,Sep,1,0
177.5288252,205,4295.305066,0.008801049,Nov,3,0
0.0,20,333.3333333,0.04,Nov,1,0
3.890350183,154,4712.769322,0.014267214,May,3,0
0.0,39,1177.291667,0.01965812,Nov,2,0
67.73686486,37,935.5571429,0.027027027,May,3,0
0.0,3,70.0,0.066666667,Nov,2,0
0.0,5,360.75,0.04,Mar,1,0
0.0,15,614.3333333,0.025641026,May,15,0
0.0,4,47.5,0.05,Nov,2,0
0.0,2,23.83333333,0.05,Dec,10,0
0.0,57,1836.775,0.004093567,Nov,2,0
19.1105,31,1539.791667,0.011728395,May,2,0
1.597803468,68,3147.245589,0.026801619,Dec,2,1
0.0,5,368.0,0.016666667,Dec,1,0
51.11722549,32,931.5,0.023529412,May,1,0
0.0,25,960.0,0.054666667,May,11,0
0.0,17,1032.9,0.013333333,Nov,2,0
0.0,1,0.0,0.2,May,15,0
0.0,5,1289.0,0.084,Nov,13,0
79.0,77,1230.312302,0.003492063,May,2,0
0.0,1,0.0,0.2,Mar,1,0
0.0,262,6774.82,0.013069803,Jun,4,0
0.0,16,360.0,0.010526316,May,16,0
0.0,16,357.4,0.011111111,Oct,2,0
0.0,3,57.75,0.033333333,Nov,2,0
50.82975,32,1367.630952,0.0203125,May,2,1
0.0,2,28.0,0.1,May,3,0
0.0,1,0.0,0.2,May,6,0
0.0,34,671.6428571,0.016216216,Dec,1,0
0.0,44,737.1819347,0.023137121,Nov,1,0
14.69960115,103,3608.346752,0.007905605,Nov,2,0
0.0,5,59.0,0.12,Mar,1,0
0.0,33,1606.831818,0.026619133,May,2,0
0.0,26,2107.258333,0.035897436,Dec,2,0
0.0,25,954.4702381,0.012742857,Mar,1,0
0.0,6,93.5,0.066666667,Dec,1,0
0.0,35,1513.0,0.069333333,May,1,0
0.0,26,655.7833333,0.013782051,Mar,3,0
0.0,12,1256.0,0.01875,Jun,1,0
0.0,27,1474.233333,0.025634921,May,3,0
25.04441774,29,1268.125,0.038,Nov,10,1
0.0,14,731.5,0.042857143,Nov,2,1
0.0,12,1287.0,0.016666667,May,13,0
0.0,37,1369.775,0.014814815,Dec,2,0
0.0,22,339.25,0.026984127,Mar,3,0
0.0,10,109.0,0.045454545,May,1,0
0.0,10,224.0,0.01,May,4,0
0.0,6,158.1666667,0.033333333,Feb,2,0
0.0,20,298.5,0.04,May,1,0
0.0,12,350.4253968,0.041356389,May,4,0
0.0,9,181.3333333,0.055026455,Mar,1,0
0.0,97,7515.583333,0.027083333,May,2,0
0.0,27,344.45,0.035714286,Jul,4,0
0.0,5,116.5,0.05,May,5,0
21.32413414,12,582.7333333,0.035714286,Sep,7,0
0.0,25,1017.966667,0.017361111,Aug,1,0
0.0,19,598.7833333,0.002631579,Mar,9,0
0.0,7,1749.0,0.104761905,Dec,2,0
31.44363136,4,102.2,0.025,Oct,2,1
13.9750483,82,2378.377381,0.017004257,Nov,13,1
0.0,34,780.7916667,0.015675676,Dec,2,0
0.0,8,729.0,0.070833333,May,1,0
0.0,18,727.6190476,0.013333333,May,3,0
8.833825926,41,2720.671429,0.033262108,Mar,2,1
0.0,13,700.6666667,0.015384615,May,4,0
0.0,17,452.0,0.070737742,Aug,4,0
20.62387076,240,5523.926505,0.001197045,Oct,20,1
0.0,20,821.8333333,0.076666667,Nov,10,0
0.0,24,428.3,0.007142857,Sep,5,0
0.0,18,315.6944444,0.002941176,Nov,8,0
0.0,1,0.0,0.2,Feb,3,0
0.0,2,9.0,0.1,Mar,3,0
0.0,14,348.6666667,0.053571429,Mar,1,0
0.0,9,501.5,0.106666667,May,13,0
0.0,10,265.9333333,0.015277778,Sep,2,0
44.73466667,12,224.1666667,0.023333333,Mar,2,1
0.0,21,248.8333333,0.0225,May,3,0
0.0,10,195.5,0.006060606,Mar,2,0
0.0,8,152.0,0.070833333,May,2,0
0.0,25,644.875,0.044,Nov,2,0
0.0,36,1445.6,0.036190476,May,2,0
0.0,19,555.4,0.053030303,Oct,2,0
0.0,37,821.3333333,0.014285714,May,4,0
0.0,25,698.8333333,0.008727273,May,4,0
0.0,4,396.25,0.083333333,Nov,2,0
0.0,64,2555.12381,0.034338624,May,2,0
0.0,37,684.7272727,0.023423423,Mar,1,0
0.0,20,1413.768571,0.038472222,Jun,1,0
0.0,23,1202.75,0.004545455,Dec,20,0
0.0,15,424.8333333,0.0125,Mar,6,0
0.0,15,497.3333333,0.0375,Mar,1,0
0.0,2,14.6,0.016666667,Oct,2,0
0.0,2,0.0,0.2,May,3,0
0.0,17,364.5416667,0.041666667,Dec,13,0
0.0,3,45.25,0.02,Dec,3,0
0.0,10,677.5,0.070138889,May,13,0
1.088158231,287,12983.78771,0.006998399,Mar,8,0
0.0,56,2581.355128,0.011373326,Nov,2,0
2.780937777,222,6942.783547,0.015536555,Dec,2,0
20.2755559,45,2139.7,0.004081633,Sep,2,1
0.0,68,1806.166667,0.027941176,Nov,13,0
0.0,1,39.5,0.1,Dec,2,0
17.60269465,62,2038.772727,0.0254662,Nov,10,0
0.0,15,443.9333333,0.02,May,6,0
39.41924911,26,349.1166667,0.023484848,Aug,4,0
0.0,81,2477.666667,0.011954023,May,2,0
52.38420388,164,5767.465043,0.009348691,Nov,1,0
0.0,4,43.5,0.0625,May,2,0
0.0,3,71.5,0.133333333,Nov,3,0
7.521155028,45,1896.966667,0.02745098,Dec,1,0
0.0,46,1143.833333,0.014488017,Nov,1,0
0.0,6,339.5,0.033333333,Nov,3,0
0.0,8,551.1666667,0.035,Mar,3,0
0.0,6,270.2142857,0.0375,May,2,0
32.0201901,32,1195.583333,0.036486486,Nov,2,1
0.0,3,162.0,0.014285714,Mar,8,0
0.0,28,319.2771429,0.09265873,Aug,2,0
0.0,12,259.5,0.033333333,May,6,0
23.8705054,35,2109.919048,0.027190827,Dec,1,0
0.0,9,273.25,0.077777778,Dec,1,0
0.0,4,73.5,0.04,Nov,2,0
19.71468924,28,672.5452381,0.020707071,Mar,10,1
0.0,79,3393.903571,0.04031012,May,5,0
0.0,3,47.2,0.05,Aug,4,0
16.53909091,21,1632.733333,0.004545455,May,2,0
19.6055151,32,1658.125,0.014791667,Nov,10,0
0.0,15,450.2,0.021904762,May,2,0
0.0,17,1306.666667,0.014035088,Mar,3,0
0.0,42,1931.630952,0.008333333,Dec,1,0
0.0,12,402.5,0.0025,Mar,1,0
0.0,6,110.3333333,0.02,Dec,8,0
0.0,37,692.87,0.001666667,Oct,4,0
0.0,18,374.6,0.010526316,Sep,3,0
36.13790493,5,131.8333333,0.013333333,Jun,5,1
9.022741507,27,1109.25,0.024137931,Nov,1,0
0.0,7,180.0,0.057142857,May,4,0
0.0,13,266.8,0.015384615,Jul,4,0
44.61199852,53,893.5111111,0.005357143,Mar,9,1
0.0,82,6858.672122,0.013380361,Nov,2,0
14.78422174,19,1328.5,0.031818182,Nov,13,0
0.0,55,872.5916667,0.001212121,Aug,4,0
56.62363636,8,667.6666667,0.018181818,May,4,1
0.0,24,567.25,0.011538462,Dec,2,0
2.209972688,97,2293.490129,0.02697054,Aug,4,0
15.82044157,8,281.1,0.041666667,Nov,20,1
0.0,11,500.0,0.015384615,Mar,11,0
64.08126316,52,1887.158242,0.011497494,May,4,0
0.0,7,224.0,0.111111111,May,2,0
0.0,2,29.0,0.1,Feb,2,0
37.5474164,28,789.1266667,0.012860238,Nov,2,0
0.0,12,312.6666667,0.033333333,May,4,0
0.0,16,351.75,0.023492063,May,4,0
0.0,7,666.0,0.014285714,Feb,2,0
0.0,31,3121.369048,0.009285714,Mar,1,0
0.0,143,8060.963948,0.020798504,Nov,2,0
102.3538378,37,1420.733333,0.012612613,May,4,1
0.0,3,26.7,0.044444444,Oct,4,0
0.0,1,0.0,0.2,Nov,1,0
0.0,17,1340.583333,0.071568627,Nov,2,1
0.0,1,0.0,0.2,Mar,1,0
0.0,12,121.0,0.025,Mar,2,0
0.0,19,528.25,0.005263158,Sep,2,0
0.0,16,450.8333333,0.06875,May,1,0
0.0,8,233.6666667,0.0875,Mar,13,0
0.0,7,39.25,0.034285714,Mar,2,0
0.0,82,1805.277375,0.023295607,Dec,2,0
100.7776,14,689.3833333,0.013333333,May,2,1
0.0,39,2487.5,0.047105263,Mar,3,0
0.0,6,197.0,0.011111111,Mar,2,0
63.64653548,60,1394.236526,0.003030303,Dec,2,1
0.0,29,631.775,0.05042517,Nov,1,0
0.0,118,4541.925,0.031399948,May,20,0
12.50325678,36,1609.939744,0.009323308,Nov,3,1
0.0,9,313.9285714,0.027777778,Dec,10,0
0.0,12,1012.2,0.033333333,Jul,4,0
0.0,14,433.8333333,0.092857143,May,4,0
0.651781814,279,9485.374568,0.018561894,Nov,2,0
0.0,39,1501.333333,0.009756098,May,2,0
0.0,1,41.5,0.15,Dec,1,0
0.0,70,1087.7,0.004861111,Oct,5,0
0.0,10,497.1,0.009848485,May,2,0
12.59766667,38,1880.966667,0.023809524,May,4,1
26.983125,26,1163.333333,0.009375,May,4,1
0.0,2,130.0,0.05,May,3,0
0.0,8,549.0,0.044444444,May,3,0
0.0,6,657.5,0.011111111,May,13,0
0.0,15,827.1666667,0.046666667,Dec,20,0
0.0,18,771.0833333,0.071428571,Mar,1,0
0.0,15,440.0,0.033333333,May,2,0
4.242688406,43,1719.416667,0.026231884,May,3,0
0.0,1,0.0,0.2,Dec,13,0
0.0,15,291.1666667,0.02,Dec,2,0
3.984110696,175,12634.62089,0.022134495,May,1,0
0.0,5,249.0,0.04,May,6,0
0.0,64,4326.666667,0.024502924,Dec,2,0
0.0,34,1122.272727,0.071018519,May,6,0
0.0,12,197.5,0.008333333,May,1,0
0.0,54,1603.333333,0.025423729,May,4,0
79.182,11,467.0,0.02,May,1,1
28.16893067,56,1568.65,0.02183908,Nov,8,0
0.0,1,0.0,0.2,May,6,0
0.0,16,275.1,0.027777778,Aug,3,0
0.0,6,226.0,0.04,Mar,2,0
0.0,16,1102.5,0.014285714,Dec,2,0
0.0,3,54.4,0.066666667,Aug,3,0
0.0,48,4152.083333,0.028125,Nov,1,0
0.0,14,1404.75,0.021428571,Dec,2,0
0.0,12,276.0,0.016666667,Dec,2,0
0.0,17,506.1833333,0.001666667,Dec,11,0
0.0,37,1530.006667,0.005555556,Oct,2,0
0.0,20,2280.833333,0.038333333,May,4,0
0.0,37,1229.766667,0.014414414,Mar,3,0
0.0,0,0.0,0.033333333,Nov,5,0
0.0,22,672.95,0.027179487,Sep,2,1
9.964444223,18,2014.416667,0.034166667,Nov,2,0
6.02352321,46,1621.025379,0.020544218,Dec,2,0
0.0,32,770.375,0.01372549,Dec,2,0
0.0,18,376.5,0.040350877,May,11,0
1.178989949,336,12595.62776,0.01331553,Nov,11,1
44.29661538,11,534.0,0.015384615,May,2,1
20.79483821,26,1435.375,0.020833333,Dec,2,0
0.0,8,188.5,0.015384615,May,4,0
0.0,12,271.0,0.014285714,Aug,6,0
0.0,26,542.1666667,0.03125,May,4,0
0.0,158,2110.255093,0.009762498,Aug,1,0
0.0,1,0.0,0.2,Dec,13,0
0.0,7,117.0833333,0.044444444,Nov,2,0
0.0,21,638.3333333,0.047222222,May,4,0
23.03329412,33,782.0833333,0.005882353,May,2,1
0.0,81,7514.790476,0.021883469,Nov,2,0
0.0,3,13.25,0.133333333,Nov,1,0
0.0,2,648.0,0.1,May,1,0
0.0,47,830.3411669,0.028456454,Aug,2,0
0.0,19,196.5,0.021052632,May,1,0
0.0,2,0.0,0.2,Dec,1,0
0.0,33,1458.97619,0.041167134,Dec,10,0
12.74039337,95,2989.780952,0.014513583,Nov,1,0
0.0,51,742.9603175,0.012121212,Nov,2,0
0.0,4,97.5,0.125,Nov,13,0
0.0,1,0.0,0.2,Mar,1,0
0.0,28,677.5333333,0.019472789,Jul,1,1
0.0,5,465.75,0.021333333,Nov,8,0
0.0,13,860.77,0.056017316,Jul,2,0
0.0,42,1030.266667,0.008695652,Mar,2,0
0.0,131,3902.664774,0.02287037,Nov,1,0
26.41021956,39,2237.775,0.012857143,Oct,2,0
9.836358025,17,545.0833333,0.00625,Nov,2,1
0.0,1,0.0,0.2,Dec,13,0
0.0,24,833.1666667,0.053401361,Dec,1,0
0.0,2,34.2,0.1,Sep,2,0
28.32886648,35,1126.666667,0.005952381,Jul,2,0
0.0,8,321.5,0.125,May,3,0
55.89978908,3,28.2,0.0,Sep,2,0
0.0,3,10.0,0.066666667,Mar,1,0
2.638074656,100,4597.124242,0.028496768,Nov,10,1
0.0,59,2334.105159,0.042076023,Dec,3,0
10.53591515,70,2721.555108,0.017189707,Nov,10,1
0.0,54,1155.033333,0.003974359,May,4,0
0.0,3,0.0,0.2,Mar,3,0
0.0,7,105.0,0.033333333,Dec,8,0
0.0,56,441.2166667,0.019322034,May,3,0
47.57898514,20,1002.366667,0.007894737,Oct,2,1
0.0,45,848.2051282,0.022463768,May,1,0
0.0,6,69.25,0.044444444,Mar,3,0
0.0,6,106.0,0.116666667,Mar,1,0
13.62630613,19,751.3333333,0.002777778,Mar,2,1
0.0,8,147.0,0.026666667,May,1,0
0.0,6,106.5,0.033333333,May,3,0
0.0,2,44.0,0.1,May,6,0
0.0,5,108.0,0.08,May,13,0
0.0,80,1987.533333,0.06514881,May,6,0
0.0,8,159.9,0.0,Oct,6,0
13.38149414,470,14129.8808,0.00362107,Nov,2,1
0.0,19,753.3,0.002222222,Aug,4,0
40.43377778,10,693.5,0.022222222,May,4,1
0.0,0,0.0,0.033333333,Oct,3,1
1.943058508,54,2446.144571,0.009409888,Nov,3,1
0.0,8,163.5,0.125,Nov,10,0
0.0,7,49.0,0.075,May,1,0
0.0,1,0.0,0.2,Nov,1,0
0.0,11,443.0,0.041176471,May,2,0
0.0,13,436.6,0.082692308,May,4,0
0.0,3,70.0,0.033333333,May,2,0
0.0,11,153.75,0.072727273,Nov,1,0
22.25592956,46,987.1190476,0.012244898,Sep,4,1
0.0,3,0.0,0.2,Aug,4,0
0.0,6,63.0,0.033333333,May,4,0
0.0,67,3397.957955,0.015504136,Dec,2,0
0.0,14,341.7,0.084210526,Jun,3,0
45.4895,8,710.0,0.025,May,4,1
28.39833333,9,394.5,0.005555556,May,2,1
0.0,81,2537.807082,0.028674678,Nov,2,0
15.26399679,31,1622.883333,0.017488397,Dec,2,0
40.18975207,33,1454.75,0.00968254,Oct,4,0
0.0,36,725.21,0.034166667,Oct,2,0
0.0,27,1883.725,0.019047619,Nov,13,0
0.0,63,5826.333333,0.026719577,Nov,3,0
0.0,14,313.0178571,0.016071429,Nov,2,0
0.0,3,36.0,0.066666667,May,11,0
6.49444108,81,1719.375714,0.009737828,Oct,2,0
128.8278691,17,1040.1,0.013333333,Dec,2,1
0.0,22,221.25,0.035185185,Nov,2,0
0.0,17,2269.9,0.019047619,Jul,4,1
0.0,16,200.0,0.072115385,May,1,0
0.0,8,428.5,0.0375,Dec,2,0
0.0,9,104.8333333,0.072222222,Mar,2,0
60.04472938,31,641.6558915,0.005376344,Sep,2,1
0.0,28,852.3333333,0.02454844,May,7,0
0.0,9,160.5,0.025,May,3,0
0.0,9,193.6666667,0.047619048,May,4,0
0.0,11,380.6666667,0.005128205,Dec,2,0
0.0,130,6560.00754,0.006376263,Nov,2,0
0.0,10,482.5,0.06,May,4,0
0.0,3,236.0,0.025,Mar,3,0
0.0,38,2259.533333,0.036549708,May,3,0
0.0,31,706.9837662,0.023761905,May,1,0
0.0,4,46.0,0.05,May,2,0
0.0,1,0.0,0.2,May,1,0
19.1127451,36,1195.726923,0.02254902,May,4,0
0.0,14,166.1666667,0.051190476,May,3,0
0.0,11,115.25,0.045454545,Nov,10,0
0.0,35,2239.502857,0.024333333,Nov,3,0
0.0,15,130.05,0.050980392,Nov,1,0
0.0,10,368.0,0.013333333,May,2,0
0.0,7,162.25,0.09047619,Dec,3,0
0.0,27,427.8166667,0.017283951,Nov,1,0
0.0,90,3111.683333,0.013249672,Nov,2,0
0.0,21,1615.660256,0.009937888,Dec,2,0
0.0,2,74.75,0.022222222,Nov,2,1
0.0,67,860.021746,0.002083333,Sep,5,0
0.0,5,22.0,0.12,May,13,0
0.0,1,4.0,0.05,Jul,2,0
0.0,9,152.6,0.096296296,Jun,3,0
0.0,6,118.3,0.077777778,Jun,2,0
0.0,56,4681.420833,0.022668819,Nov,13,0
12.44030746,59,1609.313889,0.030795428,May,2,0
0.0,12,704.95,0.011764706,Oct,2,1
0.0,2,11.0,0.008,Mar,7,0
0.0,38,938.9333333,0.06622807,Jun,3,0
0.0,3,57.0,0.066666667,May,2,0
0.0,57,1761.285714,0.022220854,Nov,3,0
60.34235294,19,1263.333333,0.023529412,May,3,1
0.0,12,208.0,0.081818182,Mar,1,0
0.0,5,26.5,0.12,Mar,1,0
0.0,36,1300.190476,0.038738739,Mar,1,0
0.0,6,44.0,0.1,Mar,1,0
0.0,17,857.0,0.076470588,May,2,0
0.0,2,68.0,0.1,Feb,3,0
0.0,3,73.0,0.066666667,Mar,7,0
0.0,2,15.0,0.066666667,May,6,0
0.0,74,1294.405,0.010666667,Aug,1,0
61.9395,17,766.5,0.0125,Mar,2,1
0.0,22,473.5,0.022727273,May,3,0
53.988,7,604.0,0.033333333,May,2,1
102.4922188,35,2429.8125,0.023684211,Nov,1,1
2.967493333,38,1190.616667,0.011333333,May,2,0
0.0,28,708.9166667,0.003846154,May,3,0
0.0,20,1395.258333,0.011111111,Mar,9,0
0.0,49,1494.083333,0.028773585,Nov,1,0
57.06546413,31,1592.233333,0.011574074,Dec,1,0
0.0,2,37.0,0.1,May,3,0
0.0,6,65.0,0.025,Mar,2,0
0.0,43,2949.55,0.027164502,May,13,0
0.0,2,124.5,0.1,Dec,2,0
17.34893623,160,5349.563713,0.001799477,Mar,2,1
2.045137389,136,5944.387373,0.031851593,Oct,1,0
0.0,73,3585.177579,0.024451608,Nov,2,0
0.0,26,587.9,0.037179487,Jun,13,0
0.0,151,4344.919986,0.01196589,Dec,2,0
4.374401266,75,5378.045851,0.0464397,May,3,1
0.0,21,987.77,0.067619048,Jul,1,0
0.0,46,2308.261905,0.000555556,May,2,0
0.0,64,2018.762066,0.027936058,Nov,2,0
0.0,5,0.0,0.2,Nov,1,0
0.0,4,145.2,0.025,Aug,2,0
29.04476648,53,2438.075,0.017261905,Nov,6,1
0.0,25,1711.333333,0.008,May,1,0
0.0,25,1925.979167,0.056025641,Dec,2,0
0.0,12,262.9166667,0.055555556,Dec,2,0
